{"CalculationResults":{"func":1.2100200563451429,"dfunc":1.4719107341136126,"fcol":2.546796941543249,"dfcol":1.7206445406695094,"y0":[1000.0,1000.0,1000.0,1000.0,1000.0,1000.0,0.0,1000.0,1000.0,1000.0,1000.0],"x1":[0.05,0.07880293000746189,0.1241980355552187,0.1957433820584432,0.3085030407155073,0.4862188704918656,0.511,0.7663094323935531,1.20774857129934,1.903482522614279,3.0],"y1":[0.00038329258617536197,0.021713948331845635,0.07316113970382036,0.10171923849391276,0.13144400457634675,0.14208188727435472,0.0,0.15731402958193424,0.17412025804871126,0.1963927565665181,0.2116895011815236],"dy1":[0.00006768074569346158,0.0021043560291293248,0.00406148101522462,0.004929815701486315,0.006975800375407443,0.006851450688218599,100.0,0.006443303634658684,0.006215599678338894,0.006168788720565477,0.006394041351941789],"x2":[0.005,0.015,0.025,0.035,0.045,0.055,0.065,0.075,0.085,0.095,0.105,0.115,0.125,0.135,0.145,0.155,0.165,0.17500000000000002,0.185,0.195,0.20500000000000002,0.215,0.225,0.23500000000000001,0.245,0.255,0.265,0.275,0.28500000000000003,0.295,0.305,0.315,0.325,0.335,0.34500000000000003,0.355,0.365,0.375,0.385,0.395,0.405,0.41500000000000004,0.425,0.435,0.445,0.455,0.465,0.47500000000000003,0.485,0.495,0.505,0.515,0.525,0.535,0.545,0.555,0.5650000000000001,0.5750000000000001,0.585,0.595,0.605,0.615,0.625,0.635,0.645,0.655,0.665,0.675,0.685,0.6950000000000001,0.705,0.715,0.725,0.735,0.745,0.755,0.765,0.775,0.785,0.795,0.805,0.8150000000000001,0.8250000000000001,0.835,0.845,0.855,0.865,0.875,0.885,0.895,0.905,0.915,0.925,0.935,0.9450000000000001,0.9550000000000001,0.965,0.975,0.985,0.995,1.0050000000000001,1.0150000000000001,1.025,1.035,1.045,1.055,1.065,1.075,1.085,1.095,1.105,1.115,1.125,1.135,1.145,1.155,1.165,1.175,1.185,1.195,1.205,1.215,1.225,1.235,1.245,1.2550000000000001,1.2650000000000001,1.2750000000000001,1.285,1.295,1.305,1.315,1.325,1.335,1.345,1.355,1.365,1.375,1.385,1.395,1.405,1.415,1.425,1.435,1.445,1.455,1.465,1.475,1.485,1.495,1.5050000000000001,1.5150000000000001,1.5250000000000001,1.5350000000000001,1.545,1.555,1.565,1.575,1.585,1.595,1.605,1.615,1.625,1.635,1.645,1.655,1.665,1.675,1.685,1.695,1.705,1.715,1.725,1.735,1.745,1.7550000000000001,1.7650000000000001,1.7750000000000001,1.7850000000000001,1.795,1.805,1.815,1.825,1.835,1.845,1.855,1.865,1.875,1.885,1.895,1.905,1.915,1.925,1.935,1.945,1.955,1.965,1.975,1.985,1.995,2.005,2.015,2.025,2.035,2.045,2.055,2.065,2.075,2.085,2.095,2.105,2.115,2.125,2.1350000000000002,2.145,2.1550000000000002,2.165,2.1750000000000003,2.185,2.195,2.205,2.215,2.225,2.235,2.245,2.255,2.265,2.275,2.285,2.295,2.305,2.315,2.325,2.335,2.345,2.355,2.365,2.375,2.3850000000000002,2.395,2.4050000000000002,2.415,2.4250000000000003,2.435,2.445,2.455,2.465,2.475,2.485,2.495,2.505,2.515,2.525,2.535,2.545,2.555,2.565,2.575,2.585,2.595,2.605,2.615,2.625,2.6350000000000002,2.645,2.6550000000000002,2.665,2.6750000000000003,2.685,2.695,2.705,2.715,2.725,2.735,2.745,2.755,2.765,2.775,2.785,2.795,2.805,2.815,2.825,2.835,2.845,2.855,2.865,2.875,2.8850000000000002,2.895,2.9050000000000002,2.915,2.9250000000000003,2.935,2.945,2.955,2.965,2.975,2.985,2.995],"y2":[0.0,1.605777426265551e-60,6.800291614347289e-10,0.0002556064645687071,0.09831497124962912,0.6942199974136594,2.836458137898241,5.833930042629554,9.883571978750869,9.49736601762267,10.120148320260363,13.589642752214422,11.29491498544277,7.917626518585182,9.139447390461205,10.86803671025691,6.957713671537068,7.0599764344272256,8.517634702082438,5.642882806121715,4.7514901740873,5.526844397004162,4.777110955054243,5.937899028748498,4.5870726678968445,5.421890542092569,3.9719026113179288,3.4334813679114227,3.208582638133854,2.914035106590736,2.5799456639162424,1.9701272188158954,2.0727621930549347,1.9476807813706674,2.0553852496810663,2.6618815882363944,1.5971647959438673,2.131806640234725,2.4678531206949477,1.5337132976943062,1.108092553898489,1.8954404293720184,3.7759654690865494,1.2238388129012452,1.3330173282880429,1.6169013475214091,1.6513443463494368,1.5771477329263632,1.314108659625406,0.862117288392859,1.503176787327386,1.8594171976633411,0.7952343582535542,0.7664788863318235,1.3293078875446294,0.5512498219516379,0.8120076634490537,0.8523700219482089,0.9246032381460251,0.7399355430545572,1.0754580047710753,1.8534286868012888,1.0967828722892556,1.0729382869077786,0.7230148452864378,0.8733615895349279,1.0262678305379571,0.6671209973950776,1.3906955665846013,0.6474622467602213,0.48588047410179747,0.5436689696160284,0.3530566011754428,0.49868799259180474,1.856350195566373,0.5886921328217942,0.22469206769282837,0.2593605882624873,0.25189420660649375,0.8570978840460797,0.5771843129745681,0.2725608255878487,0.339559879758558,0.36740929221126817,0.32318959602590425,0.17291650801839184,0.08475849193159495,0.303220252210063,0.5800939673689127,0.44083078869425474,0.1830702829402262,0.11006150742012702,0.26735583522479,0.6591609580821706,0.4971719118593709,0.3316667249507912,0.398240733404199,0.263462519578248,0.3374370447602184,0.23908248632871565,0.23766797310333568,0.2883933705670876,0.18323640620797527,0.1963220556896206,0.7384458151796393,1.3899806873921303,0.12110788677996627,0.07482569028876443,0.8600081572224061,0.10320642198579873,0.14784370023074064,0.24010426817822178,0.282491314201592,0.3488593187289057,0.14829152541733148,0.9909264189984359,0.14021938280159219,0.05954138019412014,0.4260728364243125,0.06016471898967404,0.5915655437593013,0.04559870016587767,0.033166084096130075,0.3017369650789997,0.02753458576779937,0.23494392304518213,0.12041921316295365,0.07031009758344187,0.06756675630099965,0.13578568911050118,0.02818381096609467,0.06695388898761882,0.12327574189710849,0.4098780684941425,0.09047785082085488,0.9090149997155366,0.08802078351786537,0.010346153288922215,0.03846046040089131,0.14611051457557248,0.36640914785912965,0.028139781590938093,0.016369748875822515,0.03827596661394941,0.02884604422559789,0.007614242198088938,0.05274184379463834,0.13183834308416698,0.04212636915401868,0.021888313815033804,0.15396014849925715,0.04831907573688843,0.10166994695480747,0.059243193663230095,0.006714343418986806,0.11589420475307845,0.10290610165661844,0.0043968389492512125,0.0650533859218673,0.007348358727376231,0.5632271254148504,0.025822692107206596,0.10606474997815114,0.31324429979475543,0.34661784337790436,0.012126891801058064,0.0006720115454938035,0.018558627785484776,0.06974453900583517,0.019249808880214946,0.009593187523057139,0.039617988473338125,0.053425796518359527,0.06607538190119422,0.02746753386297058,0.026964836250759926,0.08900948051601026,0.015372782886089462,0.0014861435459076347,0.005865752423975732,0.07329716785960005,0.4171057312375864,0.022997848736703463,0.04555795306817028,0.17411684860608695,0.14237468131232242,0.2410093757040027,0.0,0.011729930162675792,0.024616776078956244,0.0487019252098174,0.42096249834498944,0.004943658950615153,0.2961977956592931,0.009516038752620614,0.017933239387223264,0.07539453610986306,0.26634618502581847,0.00811049487108908,0.3200929218533948,0.03122671946593963,0.0019616634838969397,0.04066716950839656,0.0,0.0,0.0,0.0,0.010362465843866556,0.05038706060718651,0.01118742016864129,0.04761501704926656,0.00019641507113625977,0.04289332086068077,0.041412028928889226,0.0,0.06713317841872812,0.0016339279598521932,0.01631014736145526,0.016103855736955535,0.005679505003555374,0.009466344176445377,0.0,0.0,0.0015486927216514458,0.008809784182607923,0.00029575898557551884,0.0,0.010615806030003467,0.0,0.0,0.009384047552182912,0.0,0.17078546714138731,0.00547341987470115,0.0013324535947643456,0.0,0.0,0.0,0.05654872737869372,0.0,0.31452924525010556,0.04198415030939203,0.0035383908527190384,0.00027011885932674357,0.0,0.0,0.01267426675850785,0.0021489756131223576,0.0025994956598555806,0.0,0.03270983613142582,0.0003108319261691109,0.020671704541318715,0.03763514079174193,0.0028084279668859524,0.0,0.013838162223070362,0.0,0.010163549758898471,0.0,0.0,0.4482840992733492,0.0,0.39431938241544484,0.0,0.007414474768888817,