{"CalculationResults":{"func":1.1962134794305292,"dfunc":1.5544341217220148,"fcol":2.5137419593641637,"dfcol":1.7244360400765977,"y0":[1000.0,1000.0,1000.0,1000.0,1000.0,1000.0,0.0,1000.0,1000.0,1000.0,1000.0],"x1":[0.05,0.07880293000746189,0.1241980355552187,0.1957433820584432,0.3085030407155073,0.4862188704918656,0.511,0.7663094323935531,1.20774857129934,1.903482522614279,3.0],"y1":[0.0005681733072471158,0.026080139646086645,0.07068764167556353,0.10391529558741662,0.12326349086146252,0.13062681334002274,0.0,0.16639220615891392,0.17464296434634338,0.19224317786473055,0.20779357664274226],"dy1":[0.00010457306519717008,0.0023225553478592236,0.005244873885486398,0.007300719533945323,0.006819323609082124,0.006019708021437394,100.0,0.007260225440656041,0.006117328105216965,0.0057580540377263345,0.00605579801564974],"x2":[0.005,0.015,0.025,0.035,0.045,0.055,0.065,0.075,0.085,0.095,0.105,0.115,0.125,0.135,0.145,0.155,0.165,0.17500000000000002,0.185,0.195,0.20500000000000002,0.215,0.225,0.23500000000000001,0.245,0.255,0.265,0.275,0.28500000000000003,0.295,0.305,0.315,0.325,0.335,0.34500000000000003,0.355,0.365,0.375,0.385,0.395,0.405,0.41500000000000004,0.425,0.435,0.445,0.455,0.465,0.47500000000000003,0.485,0.495,0.505,0.515,0.525,0.535,0.545,0.555,0.5650000000000001,0.5750000000000001,0.585,0.595,0.605,0.615,0.625,0.635,0.645,0.655,0.665,0.675,0.685,0.6950000000000001,0.705,0.715,0.725,0.735,0.745,0.755,0.765,0.775,0.785,0.795,0.805,0.8150000000000001,0.8250000000000001,0.835,0.845,0.855,0.865,0.875,0.885,0.895,0.905,0.915,0.925,0.935,0.9450000000000001,0.9550000000000001,0.965,0.975,0.985,0.995,1.0050000000000001,1.0150000000000001,1.025,1.035,1.045,1.055,1.065,1.075,1.085,1.095,1.105,1.115,1.125,1.135,1.145,1.155,1.165,1.175,1.185,1.195,1.205,1.215,1.225,1.235,1.245,1.2550000000000001,1.2650000000000001,1.2750000000000001,1.285,1.295,1.305,1.315,1.325,1.335,1.345,1.355,1.365,1.375,1.385,1.395,1.405,1.415,1.425,1.435,1.445,1.455,1.465,1.475,1.485,1.495,1.5050000000000001,1.5150000000000001,1.5250000000000001,1.5350000000000001,1.545,1.555,1.565,1.575,1.585,1.595,1.605,1.615,1.625,1.635,1.645,1.655,1.665,1.675,1.685,1.695,1.705,1.715,1.725,1.735,1.745,1.7550000000000001,1.7650000000000001,1.7750000000000001,1.7850000000000001,1.795,1.805,1.815,1.825,1.835,1.845,1.855,1.865,1.875,1.885,1.895,1.905,1.915,1.925,1.935,1.945,1.955,1.965,1.975,1.985,1.995,2.005,2.015,2.025,2.035,2.045,2.055,2.065,2.075,2.085,2.095,2.105,2.115,2.125,2.1350000000000002,2.145,2.1550000000000002,2.165,2.1750000000000003,2.185,2.195,2.205,2.215,2.225,2.235,2.245,2.255,2.265,2.275,2.285,2.295,2.305,2.315,2.325,2.335,2.345,2.355,2.365,2.375,2.3850000000000002,2.395,2.4050000000000002,2.415,2.4250000000000003,2.435,2.445,2.455,2.465,2.475,2.485,2.495,2.505,2.515,2.525,2.535,2.545,2.555,2.565,2.575,2.585,2.595,2.605,2.615,2.625,2.6350000000000002,2.645,2.6550000000000002,2.665,2.6750000000000003,2.685,2.695,2.705,2.715,2.725,2.735,2.745,2.755,2.765,2.775,2.785,2.795,2.805,2.815,2.825,2.835,2.845,2.855,2.865,2.875,2.8850000000000002,2.895,2.9050000000000002,2.915,2.9250000000000003,2.935,2.945,2.955,2.965,2.975,2.985,2.995],"y2":[0.0,3.100717744056694e-39,2.806957944438794e-10,0.00027927122449480175,0.07527003181977009,0.5999383063104435,2.8715776464491665,6.453636774002451,7.587706583461564,9.015373414884738,10.359483636222196,11.42268597292028,10.024084359794575,9.375634258728496,8.950685305206953,9.319463119235575,8.561275175783257,7.637840606727875,8.373663804564046,6.343617080020279,5.353650636678551,4.757931972503643,4.33745231213633,4.430307696198405,5.047011092896618,5.717429559004752,5.0445762822712865,3.935411073749565,2.9651821475801077,4.676237444376429,3.2625101403238155,2.917178724163872,1.935673224345462,2.1635486142289815,1.6324009937651,2.268787906989343,2.2565097047474323,1.6286145428344034,2.2659460360928603,0.9993768939624146,2.3154518086554914,2.048229482718011,3.12782093394396,1.3569104484655348,1.1619287224284245,1.2726923122276683,1.8749370001847143,1.337142741091344,1.4728449810684627,0.877258043821693,0.9967718331816998,1.2262689989100666,1.1524173139706686,0.8180688847620039,2.4233990423328082,0.5198542146880267,0.5690757061746589,0.8679592182537268,0.7525357150326882,0.7389534630025653,0.9473446960217602,0.7770001294705903,1.0955054433311848,0.5260152436233422,0.49837401907950385,0.9033263864735414,0.9914335474130151,1.2193454228785652,0.7299985557794385,1.0512873150059805,0.8046393723489562,1.1131818167725518,0.7554806097557301,0.30344301101102333,0.7671169839838883,0.718629832464429,0.4647441255484594,0.2568417798931997,0.25527354743840097,0.4631695000832171,0.4191901555764431,0.5654639374466535,0.4702930675404663,0.5142482946752107,1.5232312182784205,0.36282265855641527,0.49463148184726907,0.5104731158759462,0.1382005718221283,0.43784994045056896,0.4479711253463101,0.3947952418103176,0.26225859430320664,0.15670526426054726,0.3675594737358875,0.9278910902215414,0.25971522453485363,0.35355323024968477,0.5677506169549146,0.3002872388431876,0.3045655103214381,0.22473555819293028,0.3290506759735487,0.5360982056710715,0.25766663221625186,0.33985241478648975,0.2422915417485534,0.13071694073102397,0.24454154759832003,0.18193605795225762,0.2822114784021035,0.11543066620478593,0.4463347341194685,0.1732582897253766,0.4737560704662779,0.1929290879661766,0.1706489278931439,0.2865712129808146,0.10942084087766704,0.16034495187819878,0.5972058864882597,0.38952376371965525,0.0583322940394341,0.14332281481086476,0.32966994807944006,0.06940529053954149,0.05405243629535302,0.08936427267593261,0.256702840955527,0.14106434129043355,0.07407790204306602,0.081648769564342,0.0821702154069723,0.07002404748723419,0.02515487194532599,0.08129528899231826,0.06700719832868214,0.020170001153988683,0.15076755532165453,0.020324065426087185,0.03955597395875477,0.07678291902560909,0.1849966709141088,0.06051048910187848,0.05789833657062971,0.06198357421266447,0.05672398379715021,0.030261527299280923,0.32012997732289095,0.02230744908971545,0.07150569580548104,0.21092093627984795,0.18099715597634983,0.27995504873950117,0.027828970489569026,0.02664369774850392,0.0754248964082639,0.06472614996974928,0.09719335490304959,0.04562932422768745,0.0396102345270499,0.1171312876227047,0.023060813103647847,0.1479663363588669,0.15987501181200686,0.10431820236355237,0.11891208666077754,0.14661288049181037,0.022738954053247655,0.2643359393699256,0.013004035342165633,0.0888886364485414,0.057995961394609226,0.015675340634044153,0.009028545571633396,0.1859980115200104,0.02372398246399961,0.012717816261580523,0.10936947783454948,0.03955724254651791,0.15145926291798045,0.00559879842236282,0.059480981914271855,0.07433789040618323,0.04204050576497757,0.027484453170969775,0.1987006605510374,0.6486322356278634,0.03951619181465059,0.27907277508454686,0.1583631329706206,0.017437715475319488,0.0040894332385543785,0.06993974478866977,0.00005028831990482676,0.027592324155851458,0.007794831302684793,0.07409920160217522,0.005227647692317502,0.0,0.0017682621525245445,0.015201858540850348,0.0030603813072160413,0.05715268644854604,0.017521065364642045,0.021295532276834058,0.008118058201822702,0.01650986063930279,0.0003666566424202099,0.10391627476791407,0.00574866060467862,0.03185122882462911,0.0,0.006475433436430575,0.015350369858771258,0.012200803022577587,0.03379521688093233,0.05435059516296793,0.0007023108746784229,0.3801923988300786,0.003724586712636035,0.031249615244853278,0.006511857768644714,0.011245422123545814,0.0,0.0007183180750204517,0.007257749114888868,0.002706936743070064,0.0007411826574153232,0.0,0.008030049294821685,0.00008001992859061614,0.02661558824478113,0.0028804753382837374,0.007331646977850109,0.0,0.016631766509373105,0.0,0.0010102948576851327,0.001512403817563288,0.008177109594705394,0.2383002583793573,0.00018055236016483714,0.0863080120423528,0.0027188908740877595,0.004060298717505581,0.1590136287825142,0.05953964915319041,0.0,0.004635557608326175,0.00034808879181533664,0.0,0.04365964558363745,