{"CalculationResults":{"func":0.006756619601182798,"dfunc":2.898968114015297,"fcol":0.049058157857934416,"dfcol":5.572776718608835,"y0":[1000.0,1000.0,1000.0,1000.0,1000.0,1000.0,0.0,1000.0,1000.0,1000.0,1000.0],"x1":[0.05,0.07880293000746189,0.1241980355552187,0.1957433820584432,0.3085030407155073,0.4862188704918656,0.511,0.7663094323935531,1.20774857129934,1.903482522614279,3.0],"y1":[2.870399321361349e-9,0.0000017258485047216952,0.000013291948237626093,0.000047491975008799355,0.00008729493530263831,0.00023860452356819534,0.0,0.0004800669560598687,0.0009778892735410607,0.0019522301739813214,0.002958021096579245],"dy1":[7.170708649518983e-10,3.086186114861588e-7,0.00000146132984282117,0.0000056653473921768475,0.000008700443284848752,0.000022448311242980803,100.0,0.000036432503875103106,0.00006405945129534336,0.00010981298494332326,0.00013790874123079547],"x2":[0.005,0.015,0.025,0.035,0.045,0.055,0.065,0.075,0.085,0.095,0.105,0.115,0.125,0.135,0.145,0.155,0.165,0.17500000000000002,0.185,0.195,0.20500000000000002,0.215,0.225,0.23500000000000001,0.245,0.255,0.265,0.275,0.28500000000000003,0.295,0.305,0.315,0.325,0.335,0.34500000000000003,0.355,0.365,0.375,0.385,0.395,0.405,0.41500000000000004,0.425,0.435,0.445,0.455,0.465,0.47500000000000003,0.485,0.495,0.505,0.515,0.525,0.535,0.545,0.555,0.5650000000000001,0.5750000000000001,0.585,0.595,0.605,0.615,0.625,0.635,0.645,0.655,0.665,0.675,0.685,0.6950000000000001,0.705,0.715,0.725,0.735,0.745,0.755,0.765,0.775,0.785,0.795,0.805,0.8150000000000001,0.8250000000000001,0.835,0.845,0.855,0.865,0.875,0.885,0.895,0.905,0.915,0.925,0.935,0.9450000000000001,0.9550000000000001,0.965,0.975,0.985,0.995,1.0050000000000001,1.0150000000000001,1.025,1.035,1.045,1.055,1.065,1.075,1.085,1.095,1.105,1.115,1.125,1.135,1.145,1.155,1.165,1.175,1.185,1.195,1.205,1.215,1.225,1.235,1.245,1.2550000000000001,1.2650000000000001,1.2750000000000001,1.285,1.295,1.305,1.315,1.325,1.335,1.345,1.355,1.365,1.375,1.385,1.395,1.405,1.415,1.425,1.435,1.445,1.455,1.465,1.475,1.485,1.495,1.5050000000000001,1.5150000000000001,1.5250000000000001,1.5350000000000001,1.545,1.555,1.565,1.575,1.585,1.595,1.605,1.615,1.625,1.635,1.645,1.655,1.665,1.675,1.685,1.695,1.705,1.715,1.725,1.735,1.745,1.7550000000000001,1.7650000000000001,1.7750000000000001,1.7850000000000001,1.795,1.805,1.815,1.825,1.835,1.845,1.855,1.865,1.875,1.885,1.895,1.905,1.915,1.925,1.935,1.945,1.955,1.965,1.975,1.985,1.995,2.005,2.015,2.025,2.035,2.045,2.055,2.065,2.075,2.085,2.095,2.105,2.115,2.125,2.1350000000000002,2.145,2.1550000000000002,2.165,2.1750000000000003,2.185,2.195,2.205,2.215,2.225,2.235,2.245,2.255,2.265,2.275,2.285,2.295,2.305,2.315,2.325,2.335,2.345,2.355,2.365,2.375,2.3850000000000002,2.395,2.4050000000000002,2.415,2.4250000000000003,2.435,2.445,2.455,2.465,2.475,2.485,2.495,2.505,2.515,2.525,2.535,2.545,2.555,2.565,2.575,2.585,2.595,2.605,2.615,2.625,2.6350000000000002,2.645,2.6550000000000002,2.665,2.6750000000000003,2.685,2.695,2.705,2.715,2.725,2.735,2.745,2.755,2.765,2.775,2.785,2.795,2.805,2.815,2.825,2.835,2.845,2.855,2.865,2.875,2.8850000000000002,2.895,2.9050000000000002,2.915,2.9250000000000003,2.935,2.945,2.955,2.965,2.975,2.985,2.995],"y2":[0.0,0.0,2.1030964913352008e-15,0.0000020652186674116146,0.0011270217369528184,0.019556734655763307,0.07515287821989455,0.13643825034994767,0.1511291074491312,0.197867244245904,0.25076578858981224,0.16874474265538467,0.10214862741677236,0.15288907638795507,0.19543320777435064,0.06964158666320075,0.12487930303281333,0.09341686177792623,0.10267373579548768,0.06961310103907609,0.0428847284886794,0.09286622002039055,0.07199805010287642,0.07012139359989464,0.06683004089466632,0.18328114762370004,0.06135679752913743,0.03894198033055402,0.051344722872233094,0.023654880461814333,0.07917587724593203,0.03173741258298819,0.04181294884127256,0.02048537067275815,0.028813328596810663,0.0939796553549819,0.026984320890788803,0.026791934733050554,0.16446631622226443,0.05364589635378115,0.04650776356647763,0.019264574656793362,0.06543601355608815,0.038007806460861965,0.01383004269764952,0.013214816540704733,0.043031485119058785,0.049614769371496316,0.0171040680075202,0.03403092317348973,0.019030376413134237,0.05433471370396631,0.028128650679133064,0.01776572751965704,0.014298880477623113,0.02523137027882031,0.011246927520207037,0.011977168154579302,0.053637201580633384,0.014941568222366605,0.013965998906698144,0.016380985980956775,0.05354538556394961,0.04918947448447729,0.011009592065312632,0.00975294782644851,0.012601826871928184,0.005236201781643198,0.005739355125052781,0.008310185470697581,0.005663871146098785,0.03672697251344208,0.01045093058943809,0.007267971265906551,0.010408456521485759,0.012015130736310236,0.011792002452562688,0.001859139096794106,0.005593146262822467,0.030756206030517867,0.005798275506597617,0.0037610095987495743,0.007621816341082591,0.026138611392800413,0.008491889226370522,0.034056160379544426,0.003562493063674448,0.004021674838934157,0.01188831795781264,0.004659913381161554,0.023332887716508835,0.0019324528639226954,0.02947721730699216,0.015109665976560677,0.01805836490850441,0.0018526836446602633,0.006177143149295101,0.008127068188075556,0.013461545217516534,0.011943838238178814,0.011628049790914089,0.03927549532532885,0.002761442464885595,0.011383004153978778,0.011388450475013459,0.001294498647464885,0.006170296617563164,0.015095859086854983,0.004167621411872657,0.006286938714353562,0.0041282557161818004,0.0006449114827714901,0.002792560997986424,0.0017908188840101832,0.0018662229255768017,0.0012489681129301887,0.0043976283013585984,0.023280887242357974,0.006597987885160016,0.0028100139128830596,0.0019230277584482377,0.009081664334994908,0.0018316167295713355,0.002385437055629061,0.0008540596426738392,0.001980596452928902,0.00505398955192056,0.00298320251791042,0.00034340827461445565,0.0018037108803315902,0.0002966898465661992,0.0015369352857249477,0.00019482142595017923,0.00048640360865719983,0.03223587497620839,0.008322283085843107,0.0017523506971436965,0.0008369680817581632,0.001385246979532055,0.0024636362558232584,0.0027905742735266914,0.0008330657525605013,0.0004285008123723785,0.00461518086985242,0.002059989673473777,0.0017601098017156992,0.0004916842512649863,0.0007984319481508992,0.001845689985899416,0.00007756024488428793,0.0042331977626585155,0.0005104940509122527,0.0001458671847707024,0.0017457438861438381,0.0040838719087268206,0.0003568663411085473,0.0017766568002613513,0.029600860024127283,0.001678244616157981,0.003091299173709085,0.005564855833653667,0.00032864629932792327,0.0019708791801478012,0.006938005189268751,0.0002982460727194825,0.0076298080386761865,0.0014152205657348002,0.008739948157956694,0.012620708305538459,0.0035303780392757778,0.00008121984238854473,0.0008240643099249053,0.01304965566018802,0.00007642347561821942,0.0010555227048736839,0.0003440285417377205,0.0004503071057753824,0.003361283686508377,0.00004615025692441084,0.00004206727355991971,0.000060472096506563225,0.00008745009343516124,0.0001898392048157681,0.00008422143210943168,0.0006207141342858088,0.03558070352364904,0.0006717745319977233,0.000748754464464118,0.00007162987854096415,0.014413984966503156,0.000004044222196284343,0.0018281061784156598,0.0035698013086088096,0.0027854924804093344,0.0000633386015171078,0.000024198235718093056,0.000001612595649057925,0.0005303208181210151,0.00005188785763612826,0.0008628740401984671,0.00043745632289207226,0.00000917822853555962,0.0007915088890959707,0.004171161680972812,0.004754931544780106,0.0003698682088307422,0.016877828190898957,0.0000014766122723968657,0.022262360627754017,0.00034732943708245466,9.171716585022035e-7,0.0000440183212252792,0.006888350136734707,0.002950715067316893,0.00012696062407682536,0.0000023975902886014167,0.00043091678823546723,0.00026451489186512015,0.001874303361721101,3.313985857276493e-7,0.0015589611531547994,9.641387555738168e-7,0.000005506438082332398,0.000018497180749354163,0.00027619777826029334,0.007840348329148192,0.000006471440025772726,