{"CalculationResults":{"func":0.6213655218272157,"dfunc":1.6338910183823652,"fcol":1.6372622503227952,"dfcol":1.6762991906411813,"y0":[1000.0,1000.0,1000.0,1000.0,1000.0,1000.0,0.0,1000.0,1000.0,1000.0,1000.0],"x1":[0.05,0.07880293000746189,0.1241980355552187,0.1957433820584432,0.3085030407155073,0.4862188704918656,0.511,0.7663094323935531,1.20774857129934,1.903482522614279,3.0],"y1":[0.0008140392014238514,0.0184730705477005,0.055852778385998426,0.07000884565831608,0.06886186108386307,0.07093198171273937,0.0,0.08597423989634806,0.07953365040370013,0.07876650758193282,0.09214854735519343],"dy1":[0.00009179985766922068,0.0013583856993500704,0.003959166777233637,0.003984340746212788,0.004003420850997432,0.0036653545596597205,100.0,0.0036052623610489404,0.003021081822306737,0.00251252003806066,0.0027530240178432032],"x2":[0.005,0.015,0.025,0.035,0.045,0.055,0.065,0.075,0.085,0.095,0.105,0.115,0.125,0.135,0.145,0.155,0.165,0.17500000000000002,0.185,0.195,0.20500000000000002,0.215,0.225,0.23500000000000001,0.245,0.255,0.265,0.275,0.28500000000000003,0.295,0.305,0.315,0.325,0.335,0.34500000000000003,0.355,0.365,0.375,0.385,0.395,0.405,0.41500000000000004,0.425,0.435,0.445,0.455,0.465,0.47500000000000003,0.485,0.495,0.505,0.515,0.525,0.535,0.545,0.555,0.5650000000000001,0.5750000000000001,0.585,0.595,0.605,0.615,0.625,0.635,0.645,0.655,0.665,0.675,0.685,0.6950000000000001,0.705,0.715,0.725,0.735,0.745,0.755,0.765,0.775,0.785,0.795,0.805,0.8150000000000001,0.8250000000000001,0.835,0.845,0.855,0.865,0.875,0.885,0.895,0.905,0.915,0.925,0.935,0.9450000000000001,0.9550000000000001,0.965,0.975,0.985,0.995,1.0050000000000001,1.0150000000000001,1.025,1.035,1.045,1.055,1.065,1.075,1.085,1.095,1.105,1.115,1.125,1.135,1.145,1.155,1.165,1.175,1.185,1.195,1.205,1.215,1.225,1.235,1.245,1.2550000000000001,1.2650000000000001,1.2750000000000001,1.285,1.295,1.305,1.315,1.325,1.335,1.345,1.355,1.365,1.375,1.385,1.395,1.405,1.415,1.425,1.435,1.445,1.455,1.465,1.475,1.485,1.495,1.5050000000000001,1.5150000000000001,1.5250000000000001,1.5350000000000001,1.545,1.555,1.565,1.575,1.585,1.595,1.605,1.615,1.625,1.635,1.645,1.655,1.665,1.675,1.685,1.695,1.705,1.715,1.725,1.735,1.745,1.7550000000000001,1.7650000000000001,1.7750000000000001,1.7850000000000001,1.795,1.805,1.815,1.825,1.835,1.845,1.855,1.865,1.875,1.885,1.895,1.905,1.915,1.925,1.935,1.945,1.955,1.965,1.975,1.985,1.995,2.005,2.015,2.025,2.035,2.045,2.055,2.065,2.075,2.085,2.095,2.105,2.115,2.125,2.1350000000000002,2.145,2.1550000000000002,2.165,2.1750000000000003,2.185,2.195,2.205,2.215,2.225,2.235,2.245,2.255,2.265,2.275,2.285,2.295,2.305,2.315,2.325,2.335,2.345,2.355,2.365,2.375,2.3850000000000002,2.395,2.4050000000000002,2.415,2.4250000000000003,2.435,2.445,2.455,2.465,2.475,2.485,2.495,2.505,2.515,2.525,2.535,2.545,2.555,2.565,2.575,2.585,2.595,2.605,2.615,2.625,2.6350000000000002,2.645,2.6550000000000002,2.665,2.6750000000000003,2.685,2.695,2.705,2.715,2.725,2.735,2.745,2.755,2.765,2.775,2.785,2.795,2.805,2.815,2.825,2.835,2.845,2.855,2.865,2.875,2.8850000000000002,2.895,2.9050000000000002,2.915,2.9250000000000003,2.935,2.945,2.955,2.965,2.975,2.985,2.995],"y2":[0.0,1.353463142807884e-42,1.8919623271901473e-8,0.0019603154899119173,0.2019085530549613,1.136144736713922,3.8466729947262253,6.117729435926047,7.3003802121840975,8.156950121340865,8.07287511851478,8.29774149406276,7.851667737726407,6.1619968789873365,6.192552913805358,5.915757246974756,6.103721066916074,5.453826118234538,5.9270027406781836,3.985015672569643,2.5720647576166895,2.744426442705522,2.832675960615718,2.3449389021139377,2.252384158755331,2.3067608121119028,3.0848100672381507,2.716995195284804,2.3016608454093004,1.9604467964097474,2.311660344810554,1.4160332176402382,1.4232685194927854,1.4793167897287671,1.1826826767234813,1.3618878211579606,1.0000245589590353,0.9145786413682049,1.104053890230858,1.608235869523007,0.8947760966022344,0.9680427033516271,0.8381982740999565,0.7588262359381227,0.7409896373247846,0.9368112974450082,0.9124264852755712,0.6440012476768426,1.1469979898589442,0.9012791562795598,0.6012510028070798,0.9940769310713427,0.581833139923924,0.2648953085368796,0.6228476723696087,0.5253795308400354,0.33555095213767916,0.22688641488386752,0.2930851809568408,0.4060851220827164,0.3776821740215228,0.2699027463655266,0.3451601765595061,0.29027317339913,0.2722153574303787,0.40009684432513093,0.4246565260872205,0.16877997430281239,0.3326565090727488,0.43072924926019496,0.5497916768771063,0.28967753836674137,0.28903708873869194,0.3703196418229107,0.6014368853360018,0.47216111028718893,1.3785209546220423,0.41317288718048595,0.40563920081985483,0.09781181911250776,0.14852403900441002,0.16180291738413238,0.1867490286940448,0.2021946326638846,0.11460841606316523,0.24079195034634693,0.32446447373174847,0.17620937780905563,0.08673712025114955,0.04675344362615055,0.12126692140052903,0.1484607701267099,0.07971638886570998,0.09373621952601105,0.14875036569995642,0.278494399012006,0.048932236690858895,0.07835822494141192,0.1744884793028373,0.3177207313812018,0.02795599087810742,0.11199597466316655,0.08092322504370093,0.11438906838668744,0.15579347573846997,0.05168082920702952,0.06042285791394209,0.04647195277743679,0.12712841884942266,0.11180754039017363,0.1431489161023801,0.07891814995431538,0.13357204386721225,0.2117291142587991,0.23164852678438347,0.1695790240280928,0.24332123702314956,0.1447591512578502,0.2612658918375314,0.40105076702455156,0.08369589136847666,0.018043716381634524,0.03672757220836144,0.07344521193282279,0.053209096692141605,0.0965966484545029,0.04083931220770997,0.02990693596662319,0.010820550526660318,0.05291254059239821,0.3279940323830114,0.06317109441952068,0.032861693559768784,0.007184630421021304,0.1305572602797406,0.024470018463087134,0.058557638498493894,0.004805541266976423,0.13612307143198538,0.048928233074999994,0.009656251571807136,0.06420694489882425,0.02430935842614614,0.028257828568443877,0.034698730841223456,0.06193722492336973,0.0051244688218329846,0.11960781095107687,0.00435996680838874,0.17033562323423249,0.00506347683648315,0.005252830176034701,0.0077694194023467545,0.15582190760714246,0.027830575104688164,0.16635567868043072,0.015444872264379092,0.07547056028645698,0.23038346547552743,0.05820146864587396,0.42637046289284253,0.048421623732740095,0.07216613780814062,0.030780955632306737,0.026151140521159293,0.051369289606382824,0.1473130492190047,0.09068776468486055,0.031023163101830106,0.09138266846623158,0.008152060689012235,0.083959611383954,0.025677643334561295,0.0025198532842338737,0.007348504434244904,0.06909657200887898,0.1593903733791397,0.019566344294997692,0.028779124707389442,0.023107875494969426,0.00450788431348962,0.11034229741913848,0.02054153408573331,0.04947110792336062,0.047445568291066,0.06073114601152715,0.10446929495826313,0.02259058504720798,0.012999605105319032,0.01598054028014661,0.05029079948173105,0.06665771324322996,0.010087578440181754,0.0004619062284250623,0.02485838485698446,0.006506983224871612,0.0062386264914244555,0.00952457360976815,0.0024116571253612437,0.0020976422980873016,0.0,0.0,0.051940337504684624,0.0024497899507306374,0.0,0.008715318749610148,0.00010631908801560321,0.0006503553331930574,0.08628630550293713,0.008007858845267196,0.014872355552190943,0.002379367436350346,0.000053105034132118695,0.02834497453396338,0.015714005374671016,0.0051512981731730466,0.0004064767444254218,0.016216447452962506,0.026852877613771486,0.030612191540239937,0.0025590698933402023,0.0005544790064906305,0.002120734100820654,0.012631267336114648,0.00683453486415697,0.0016207449967939559,0.07076285180026734,0.0,0.0005580202496451496,0.00322431100211273,0.009432417020092143,0.0156161679980449,0.0006759115866599499,0.026977521155235266,0.04022526461419678,0.000028008477071091704,0.004811258523780169,0.012705914995388683,0.0019713448904212657,0.01141752751270018,0.015631407514621484,0.003618310728196912,0.016328740268229062,0.0,0.015881972064125054,0.11605211688529628,0.004454095704804668,