{"CalculationResults":{"func":1.1957531876932899,"dfunc":1.5391606499372235,"fcol":2.591834941705058,"dfcol":1.7492527101339261,"y0":[1000.0,1000.0,1000.0,1000.0,1000.0,1000.0,0.0,1000.0,1000.0,1000.0,1000.0],"x1":[0.05,0.07880293000746189,0.1241980355552187,0.1957433820584432,0.3085030407155073,0.4862188704918656,0.511,0.7663094323935531,1.20774857129934,1.903482522614279,3.0],"y1":[0.0003388828737980235,0.020893460425612152,0.07493184423586595,0.11207793465183707,0.11481455661182055,0.13758174613020388,0.0,0.17646344180678358,0.1730419639757613,0.1814818010025362,0.204127555979071],"dy1":[0.00004136043726970804,0.0016450539948424069,0.005252758805465602,0.006935164587470406,0.006211049526591378,0.006998455836351836,100.0,0.007349032380894649,0.005993398830627557,0.005544697813960081,0.005943632933775742],"x2":[0.005,0.015,0.025,0.035,0.045,0.055,0.065,0.075,0.085,0.095,0.105,0.115,0.125,0.135,0.145,0.155,0.165,0.17500000000000002,0.185,0.195,0.20500000000000002,0.215,0.225,0.23500000000000001,0.245,0.255,0.265,0.275,0.28500000000000003,0.295,0.305,0.315,0.325,0.335,0.34500000000000003,0.355,0.365,0.375,0.385,0.395,0.405,0.41500000000000004,0.425,0.435,0.445,0.455,0.465,0.47500000000000003,0.485,0.495,0.505,0.515,0.525,0.535,0.545,0.555,0.5650000000000001,0.5750000000000001,0.585,0.595,0.605,0.615,0.625,0.635,0.645,0.655,0.665,0.675,0.685,0.6950000000000001,0.705,0.715,0.725,0.735,0.745,0.755,0.765,0.775,0.785,0.795,0.805,0.8150000000000001,0.8250000000000001,0.835,0.845,0.855,0.865,0.875,0.885,0.895,0.905,0.915,0.925,0.935,0.9450000000000001,0.9550000000000001,0.965,0.975,0.985,0.995,1.0050000000000001,1.0150000000000001,1.025,1.035,1.045,1.055,1.065,1.075,1.085,1.095,1.105,1.115,1.125,1.135,1.145,1.155,1.165,1.175,1.185,1.195,1.205,1.215,1.225,1.235,1.245,1.2550000000000001,1.2650000000000001,1.2750000000000001,1.285,1.295,1.305,1.315,1.325,1.335,1.345,1.355,1.365,1.375,1.385,1.395,1.405,1.415,1.425,1.435,1.445,1.455,1.465,1.475,1.485,1.495,1.5050000000000001,1.5150000000000001,1.5250000000000001,1.5350000000000001,1.545,1.555,1.565,1.575,1.585,1.595,1.605,1.615,1.625,1.635,1.645,1.655,1.665,1.675,1.685,1.695,1.705,1.715,1.725,1.735,1.745,1.7550000000000001,1.7650000000000001,1.7750000000000001,1.7850000000000001,1.795,1.805,1.815,1.825,1.835,1.845,1.855,1.865,1.875,1.885,1.895,1.905,1.915,1.925,1.935,1.945,1.955,1.965,1.975,1.985,1.995,2.005,2.015,2.025,2.035,2.045,2.055,2.065,2.075,2.085,2.095,2.105,2.115,2.125,2.1350000000000002,2.145,2.1550000000000002,2.165,2.1750000000000003,2.185,2.195,2.205,2.215,2.225,2.235,2.245,2.255,2.265,2.275,2.285,2.295,2.305,2.315,2.325,2.335,2.345,2.355,2.365,2.375,2.3850000000000002,2.395,2.4050000000000002,2.415,2.4250000000000003,2.435,2.445,2.455,2.465,2.475,2.485,2.495,2.505,2.515,2.525,2.535,2.545,2.555,2.565,2.575,2.585,2.595,2.605,2.615,2.625,2.6350000000000002,2.645,2.6550000000000002,2.665,2.6750000000000003,2.685,2.695,2.705,2.715,2.725,2.735,2.745,2.755,2.765,2.775,2.785,2.795,2.805,2.815,2.825,2.835,2.845,2.855,2.865,2.875,2.8850000000000002,2.895,2.9050000000000002,2.915,2.9250000000000003,2.935,2.945,2.955,2.965,2.975,2.985,2.995],"y2":[0.0,2.6942649922152126e-32,3.847096850202102e-10,0.00028765579313073253,0.07152535227792996,0.6583954774262625,3.250406065326904,6.444761912865502,8.396821119126605,10.245160806736514,10.881916939600789,11.471979136988079,10.80411185407533,8.874250183804337,9.302506672870956,9.149068104356541,9.71313373060455,8.12321027356056,8.162471614649592,7.009674103765969,3.7454359210491255,4.485263908348905,4.518165706598348,4.157504443703729,4.146850504146918,3.822800059955629,4.43407095361277,4.932809575196909,4.089820220041382,3.4183436700444974,4.051598455915618,2.6332763884401436,2.129841497941261,3.1878074528771934,1.768324843116359,2.4617264714830664,2.160145338559358,2.448538801928083,1.7571189569779098,2.2372848208361047,1.9341294097684882,1.5491351612319888,1.3613299173043323,1.901876025757212,1.4709837322886008,1.676043619406034,1.634271175562074,1.6757551326712918,2.0084885514733064,1.0924008377991328,1.8599442430448083,1.5916250634993256,1.0296626991685274,1.5058512478712212,0.9746240116344924,0.7673443281212627,0.716530098231566,0.4749955179136694,0.6711925169043454,0.6274226595959022,0.8778250518149568,0.6415715285872697,0.48803223210561025,0.9449736962799725,0.6873790031963471,0.6083672736358527,0.8209573983919602,0.51011349397615,0.847625788496449,0.8653165588792643,0.9065316017236376,0.7493093190333334,1.0793194778609487,0.8721773053049188,2.387278275540729,1.1095140408299753,0.39576228304512684,0.7433831278605503,0.5004970366735036,0.503001066240921,0.27516134492308014,0.15120151193737008,0.4759496277601112,0.3154778422863831,0.685544960567097,0.27639425083786556,0.3887485314003402,0.2389985955686827,0.4287606236999109,0.2528679009220295,0.20027571228264823,0.2526836305917975,0.3422912447536955,0.16292892438657167,0.6509471498466063,0.1727176856236215,0.6838053576564517,0.22930983789961273,0.16864368076897018,0.33317192875111307,0.2700815561663111,0.2588591554178482,0.20470105310281989,0.07159350934004527,0.15336642775569653,0.14904854129686762,0.09546706808754629,0.38768971949507064,0.1812512129039619,0.27188062495285714,0.46289860631395147,0.3917899787815745,0.13725126718310168,0.36901822218566993,0.3344918692000715,0.4033073554886383,0.655411504749684,1.1645808333105976,0.1875730461148708,0.4073212458171441,0.7278684320005606,0.25280285012814385,0.02181261892715141,0.19916597205609118,0.35324198210378666,0.11561322559762317,0.011082820346940463,0.06158873230541524,0.056422856812724596,0.15664771368523592,0.14666127369825727,0.04116746145185267,0.036315110960571925,0.11937053673802267,0.2222239969702949,0.15681938803470286,0.11838379478017441,0.03466978492612442,0.27753786901967253,0.4972008123729884,0.03415429017688467,0.10311156515888804,0.0532654287687597,0.03648903923724525,0.10695506417693325,0.22970186035775048,0.13600873019393642,0.09071262586159189,0.03317171079720382,0.2657710155503643,0.005605034717312505,0.009688284119098604,0.10068403981865734,0.048098091996948034,0.09123669822418697,0.11988862896421817,0.36429447647186425,0.23227039972156013,0.40488817275172306,0.15288379170053618,0.06371001620413158,0.18406693941589278,0.029705544389684015,0.13304086472940976,0.5221074131000751,0.10790231559702013,0.26516907594048433,0.3645552505501738,0.04009009436760489,0.16267056914383482,0.11929532633179869,0.23383927954420575,0.06570918635103797,0.27785797188138855,0.00953994055738102,0.06083151423503735,0.012994843586058617,0.054444430287102316,0.0361149889835161,0.22384588531233923,0.0061863499517331964,0.17753265738483193,0.07770239976164349,0.05388277552571639,0.07394621213419478,0.1028481301476314,0.04469402107289247,0.1852330770245916,0.07827518327574576,0.00839250773813298,0.20461604222731233,0.0004604839557166649,0.015107861678288703,0.12528768083917508,0.1423174109007416,0.002641705915991414,0.004808623936861198,0.0029347170930387736,0.017833556924358084,0.0034391536231082134,0.006068219067787829,0.10598703895738787,0.10642750769578443,0.026202615637963424,0.0,0.0,0.007791602136933792,0.0034313084397731715,0.022730393490117216,0.006299314405098623,0.008193496733741612,0.10263839915992057,0.008792250826606906,0.04263841322884376,0.049182590005504914,0.1423919319509539,0.01618275570777479,0.0015169275577883805,0.0016614822893974601,0.0641997823318252,0.004314310295565475,0.011714405770929689,0.015214321824722737,0.06280407453041895,0.0006658256358200629,0.004333576007281066,0.09144673628972827,0.016076488156194967,0.020033668417963134,0.07567346967393544,0.0,0.02541166038468514,0.02240549708199449,0.009269013545902717,0.005851648942851391,0.023590540324429903,0.0881237956369939,0.03242241963361984,0.01570395474835485,0.0,0.00752450703499656,0.20388071877027264,0.04035889591907023,0.0,0.052056731718408,0.0065046932851134396,0.00644433973395882,0.001650135142412051,0.008971847204403544,0.0016062006562258153,0.032353131425498026,