{"CalculationResults":{"func":0.006893500097537326,"dfunc":3.0060495801070237,"fcol":0.05811033328893518,"dfcol":4.5095821969341445,"y0":[1000.0,1000.0,1000.0,1000.0,1000.0,1000.0,0.0,1000.0,1000.0,1000.0,1000.0],"x1":[0.05,0.07880293000746189,0.1241980355552187,0.1957433820584432,0.3085030407155073,0.4862188704918656,0.511,0.7663094323935531,1.20774857129934,1.903482522614279,3.0],"y1":[5.0835149691569664e-9,0.0000015310463300590432,0.000012810020822693046,0.00003964595538478107,0.00009627726151268411,0.00022345860820422722,0.0,0.0005139607532028919,0.0010786736620546666,0.0017578172471536015,0.0031693204593567525],"dy1":[1.4792608356756333e-9,2.6557943646025467e-7,0.0000014602685781901665,0.000003924538057052035,0.00000954549814833448,0.00001836572496791693,100.0,0.00003975640941836559,0.00007294568507390064,0.00010013722557839747,0.00015572333298529946],"x2":[0.005,0.015,0.025,0.035,0.045,0.055,0.065,0.075,0.085,0.095,0.105,0.115,0.125,0.135,0.145,0.155,0.165,0.17500000000000002,0.185,0.195,0.20500000000000002,0.215,0.225,0.23500000000000001,0.245,0.255,0.265,0.275,0.28500000000000003,0.295,0.305,0.315,0.325,0.335,0.34500000000000003,0.355,0.365,0.375,0.385,0.395,0.405,0.41500000000000004,0.425,0.435,0.445,0.455,0.465,0.47500000000000003,0.485,0.495,0.505,0.515,0.525,0.535,0.545,0.555,0.5650000000000001,0.5750000000000001,0.585,0.595,0.605,0.615,0.625,0.635,0.645,0.655,0.665,0.675,0.685,0.6950000000000001,0.705,0.715,0.725,0.735,0.745,0.755,0.765,0.775,0.785,0.795,0.805,0.8150000000000001,0.8250000000000001,0.835,0.845,0.855,0.865,0.875,0.885,0.895,0.905,0.915,0.925,0.935,0.9450000000000001,0.9550000000000001,0.965,0.975,0.985,0.995,1.0050000000000001,1.0150000000000001,1.025,1.035,1.045,1.055,1.065,1.075,1.085,1.095,1.105,1.115,1.125,1.135,1.145,1.155,1.165,1.175,1.185,1.195,1.205,1.215,1.225,1.235,1.245,1.2550000000000001,1.2650000000000001,1.2750000000000001,1.285,1.295,1.305,1.315,1.325,1.335,1.345,1.355,1.365,1.375,1.385,1.395,1.405,1.415,1.425,1.435,1.445,1.455,1.465,1.475,1.485,1.495,1.5050000000000001,1.5150000000000001,1.5250000000000001,1.5350000000000001,1.545,1.555,1.565,1.575,1.585,1.595,1.605,1.615,1.625,1.635,1.645,1.655,1.665,1.675,1.685,1.695,1.705,1.715,1.725,1.735,1.745,1.7550000000000001,1.7650000000000001,1.7750000000000001,1.7850000000000001,1.795,1.805,1.815,1.825,1.835,1.845,1.855,1.865,1.875,1.885,1.895,1.905,1.915,1.925,1.935,1.945,1.955,1.965,1.975,1.985,1.995,2.005,2.015,2.025,2.035,2.045,2.055,2.065,2.075,2.085,2.095,2.105,2.115,2.125,2.1350000000000002,2.145,2.1550000000000002,2.165,2.1750000000000003,2.185,2.195,2.205,2.215,2.225,2.235,2.245,2.255,2.265,2.275,2.285,2.295,2.305,2.315,2.325,2.335,2.345,2.355,2.365,2.375,2.3850000000000002,2.395,2.4050000000000002,2.415,2.4250000000000003,2.435,2.445,2.455,2.465,2.475,2.485,2.495,2.505,2.515,2.525,2.535,2.545,2.555,2.565,2.575,2.585,2.595,2.605,2.615,2.625,2.6350000000000002,2.645,2.6550000000000002,2.665,2.6750000000000003,2.685,2.695,2.705,2.715,2.725,2.735,2.745,2.755,2.765,2.775,2.785,2.795,2.805,2.815,2.825,2.835,2.845,2.855,2.865,2.875,2.8850000000000002,2.895,2.9050000000000002,2.915,2.9250000000000003,2.935,2.945,2.955,2.965,2.975,2.985,2.995],"y2":[0.0,0.0,1.51577751747445e-21,5.076753708425757e-7,0.002829013669002638,0.02491076365499196,0.12563815404853523,0.1725479613650049,0.18438962916189347,0.17839833991282875,0.2285634023670131,0.2726342528580391,0.17401638591071983,0.11193631284538418,0.15267867439663754,0.14477241094872823,0.22367895773238497,0.07935949139013554,0.09837664231324314,0.06851860776345847,0.07335385459995201,0.0942080694259944,0.13834488094329145,0.07093535106334233,0.07315068192571007,0.08504147653971272,0.13725579611578814,0.1447578251808296,0.13186303786779713,0.05480987766320279,0.07195453141953181,0.026539109514129293,0.048178557120099615,0.0745136171098596,0.04462702171965316,0.017711632617805263,0.04643320177796505,0.0353218840403894,0.02157195112569847,0.04457334210901682,0.040020336946874825,0.06281777430349784,0.023116518728934884,0.062485122383658484,0.049406724279449574,0.014753639981741349,0.05796806595809952,0.01515993330685195,0.013653364222420696,0.0232856188971713,0.01129725779604339,0.08155475151264809,0.013358164351391654,0.03498354433755552,0.03518735694694691,0.038225881249696406,0.016468933740029744,0.024463043285263383,0.010197310547190409,0.01586299693219107,0.027702204992826177,0.0277228230629966,0.014111555950825133,0.01288389051998176,0.018190616541563925,0.06632544003198979,0.013521887947671573,0.007471967156198224,0.02590741928665829,0.01453904699551258,0.09226492864352404,0.018840737625848543,0.016880933389612572,0.020332616671722682,0.011806052200043294,0.011709219111679485,0.018622452464236227,0.006221648781556034,0.009750908421410312,0.002343033481476407,0.0062345607762144374,0.029261474738480692,0.03466241203619975,0.005638563782259449,0.008512183645457663,0.0044983630611764485,0.02179145152277594,0.006473383789172263,0.005190454314204974,0.014303118891770713,0.004384557985997921,0.006904816136353525,0.002071805187248303,0.009559735483887905,0.05168547123254142,0.008806368262757658,0.00740460185344928,0.0004069400465952851,0.02145436541472812,0.002587897890803109,0.011424385907028243,0.003665317490175144,0.0013706193130036191,0.0017783836419015646,0.06293709022973923,0.021484830365235495,0.004079373589021223,0.007134552662588649,0.01140227434367829,0.01261381983586557,0.022287802372264187,0.007357325729501018,0.006685867087284209,0.012431519234595637,0.004240277618922536,0.030485091946168344,0.032171964922264505,0.01185542843453253,0.015547103164302058,0.03573749495052196,0.0010789395253519595,0.0012036760559740408,0.014917420418969166,0.011281894825507224,0.00405717778216279,0.001817650855351224,0.0037383193599953932,0.003366794027132624,0.002447826671313982,0.012955601970166434,0.0028505174211518242,0.0005933805662201526,0.0014109707240393332,0.0004089453578866183,0.0004919699146754409,0.004138868643621135,0.005061856995054762,0.00020292794067650695,0.004976184644735043,0.0025285512315303483,0.00392904133348714,0.0003928174064825598,0.0011517476245576342,0.005253697842357324,0.009418353935344494,0.0008157898387087077,0.0012070799948490584,0.009526673407267344,0.0004201415777000775,0.00014211883124038764,0.006794996817447883,0.0052567855549266315,0.006446417021141564,0.006633732051674177,0.009251452906898364,0.0017367546674901466,0.0005181236246305987,0.0013281795957202581,0.0015997576898733085,0.00234179942612607,0.0007149245394198094,0.004612263959598103,0.0012529383561652413,0.00020947886577005726,0.02152859216464657,0.008622625431489487,0.00027373454630082975,0.018944462600862647,0.005378222019187408,0.012703993423346844,0.00014264527755449935,0.0015195309503068205,0.00045968022040487075,0.0013168649071246944,0.014503360225515002,0.00024178140096294286,0.0003186668014350864,0.0017734056082132801,0.00004220601599920197,0.0009213303689158495,0.001150718429199183,0.000016711803257722107,0.00746527632451501,0.0004125899122643467,0.0015398620338894944,0.0042542660359647455,0.010130425306709188,0.0026838080250169184,0.00019917000780740485,0.0016008394354829372,0.00673710917197109,0.000002041332764955339,0.000052441520701368004,0.0000034881715606724506,0.000310537110335074,0.00034432987568538596,0.0015265154212451225,0.00006062656952300991,0.002866657035255059,0.000045989311989527606,0.0,0.00021295047674446796,0.00010927790687034858,0.0005527991230575696,0.00015810724364617176,6.070605719830564e-9,0.00020080687118116986,1.0395887316986024e-7,0.000003827859986043523,0.00001618540968794446,0.00012423451896106626,0.0006846458923800379,0.00038527382067966214,0.00003476884954770396,0.00004176666322244592,0.0003034112060270371,0.00003737098719052095,0.0033430132706351013,0.0019920962762687774,0.000026989094997790967,0.0033375259364151035,1.7742295091663282e-9,0.00196359517287089,8.485374037453357e-7,0.0001863742373961313,0.00014041498362441253,0.0006759162618384711,0.0006966881146444137,0.004530047420133188,