{"CalculationResults":{"calculation_time":262542.4249674761,"func":0.003031023638567813,"dfunc":3.1164554253430827,"fcol":0.03583539924531601,"dfcol":4.460956044859004,"y0":[1000.0,1000.0,1000.0,1000.0,1000.0,1000.0,0.0,1000.0,1000.0,1000.0,1000.0],"x1":[0.05,0.07880293000746189,0.1241980355552187,0.1957433820584432,0.3085030407155073,0.4862188704918656,0.511,0.7663094323935531,1.20774857129934,1.903482522614279,3.0],"y1":[6.715850638692895e-9,0.000001448827746244408,0.000009083853189011729,0.00002852570410065374,0.00006023775387570781,0.00010440950100184302,0.0,0.00023290063419230007,0.0004498412155797967,0.0006735873330335101,0.001470982099998107],"dy1":[1.7157005624769942e-9,2.2122533197572863e-7,0.0000010166238437365419,0.000003482480109723958,0.000006082639467571762,0.000009321491490881384,100.0,0.000020496714230482596,0.00003148223168011938,0.00003887861948766221,0.00007485209288345179],"x2":[0.005,0.015,0.025,0.035,0.045,0.055,0.065,0.075,0.085,0.095,0.105,0.115,0.125,0.135,0.145,0.155,0.165,0.17500000000000002,0.185,0.195,0.20500000000000002,0.215,0.225,0.23500000000000001,0.245,0.255,0.265,0.275,0.28500000000000003,0.295,0.305,0.315,0.325,0.335,0.34500000000000003,0.355,0.365,0.375,0.385,0.395,0.405,0.41500000000000004,0.425,0.435,0.445,0.455,0.465,0.47500000000000003,0.485,0.495,0.505,0.515,0.525,0.535,0.545,0.555,0.5650000000000001,0.5750000000000001,0.585,0.595,0.605,0.615,0.625,0.635,0.645,0.655,0.665,0.675,0.685,0.6950000000000001,0.705,0.715,0.725,0.735,0.745,0.755,0.765,0.775,0.785,0.795,0.805,0.8150000000000001,0.8250000000000001,0.835,0.845,0.855,0.865,0.875,0.885,0.895,0.905,0.915,0.925,0.935,0.9450000000000001,0.9550000000000001,0.965,0.975,0.985,0.995,1.0050000000000001,1.0150000000000001,1.025,1.035,1.045,1.055,1.065,1.075,1.085,1.095,1.105,1.115,1.125,1.135,1.145,1.155,1.165,1.175,1.185,1.195,1.205,1.215,1.225,1.235,1.245,1.2550000000000001,1.2650000000000001,1.2750000000000001,1.285,1.295,1.305,1.315,1.325,1.335,1.345,1.355,1.365,1.375,1.385,1.395,1.405,1.415,1.425,1.435,1.445,1.455,1.465,1.475,1.485,1.495,1.5050000000000001,1.5150000000000001,1.5250000000000001,1.5350000000000001,1.545,1.555,1.565,1.575,1.585,1.595,1.605,1.615,1.625,1.635,1.645,1.655,1.665,1.675,1.685,1.695,1.705,1.715,1.725,1.735,1.745,1.7550000000000001,1.7650000000000001,1.7750000000000001,1.7850000000000001,1.795,1.805,1.815,1.825,1.835,1.845,1.855,1.865,1.875,1.885,1.895,1.905,1.915,1.925,1.935,1.945,1.955,1.965,1.975,1.985,1.995,2.005,2.015,2.025,2.035,2.045,2.055,2.065,2.075,2.085,2.095,2.105,2.115,2.125,2.1350000000000002,2.145,2.1550000000000002,2.165,2.1750000000000003,2.185,2.195,2.205,2.215,2.225,2.235,2.245,2.255,2.265,2.275,2.285,2.295,2.305,2.315,2.325,2.335,2.345,2.355,2.365,2.375,2.3850000000000002,2.395,2.4050000000000002,2.415,2.4250000000000003,2.435,2.445,2.455,2.465,2.475,2.485,2.495,2.505,2.515,2.525,2.535,2.545,2.555,2.565,2.575,2.585,2.595,2.605,2.615,2.625,2.6350000000000002,2.645,2.6550000000000002,2.665,2.6750000000000003,2.685,2.695,2.705,2.715,2.725,2.735,2.745,2.755,2.765,2.775,2.785,2.795,2.805,2.815,2.825,2.835,2.845,2.855,2.865,2.875,2.8850000000000002,2.895,2.9050000000000002,2.915,2.9250000000000003,2.935,2.945,2.955,2.965,2.975,2.985,2.995],"y2":[0.0,0.0,7.2459043282352915e-22,0.00016933608014562315,0.01419237107576254,0.03038412540481568,0.11729740344925314,0.13680458722884714,0.16559584727174767,0.15751383855096449,0.13944687105283188,0.12514543419504803,0.15303391672177932,0.10376811831653746,0.12862110183976827,0.06849672104840715,0.11528179382569284,0.0899641294410574,0.0770994159171507,0.0412205937450169,0.06593803828924488,0.08752240428840895,0.14648652745944937,0.06189611029604068,0.03275672022608152,0.04996578246613202,0.02666058275345476,0.03236911421564598,0.03249580201596451,0.04799253395359489,0.036542753245585924,0.02937766397358309,0.01922980872918142,0.029423871377329207,0.056811508045284315,0.031458390732815096,0.028860816446760487,0.020065637501390045,0.025194257150931047,0.08186348761537979,0.020996666969142142,0.0346770616778542,0.0115124227167028,0.04071059970081398,0.017247316459789913,0.01234435150323702,0.027262321409359972,0.027373599264736002,0.008927918713007913,0.004506236772701748,0.010174228227327657,0.012601654849302339,0.0057465418932461584,0.00872442666863626,0.017143908965226325,0.013018693586324185,0.005764730404611241,0.0063591126266407255,0.014584403271276577,0.005885786244152121,0.0027176098119686275,0.012798430957666484,0.0018543763884669722,0.040301496698035004,0.004869673795879976,0.007115724870504105,0.010565818209358686,0.0106015230485751,0.01586888443935853,0.002308343125368525,0.008560047453238013,0.004929316336573223,0.0024166077126957556,0.007681291643794849,0.0038360406963406117,0.0067166236440645115,0.01755868190980521,0.0034161276114711412,0.0011854426577326716,0.001919707119725637,0.011021382039012869,0.0008347540557121963,0.007239581381245357,0.006737243930694886,0.0016067146894091044,0.003852790006991325,0.006676219630835016,0.011295104168504776,0.005484445521180399,0.0017392481080856273,0.0011370009515900275,0.00499781859010656,0.011275159608860693,0.003072859509225558,0.001253018196069104,0.006565873538851588,0.007628157037222728,0.0023008825760607505,0.0014339474247330377,0.008357694488458554,0.001954454688515317,0.004674408726524944,0.024006413986441565,0.009465049416325992,0.0018933408386442034,0.0012094745223522733,0.008430676259643983,0.020365561287281425,0.0007933813252754363,0.004563507658723703,0.02450574194559279,0.008122421087321054,0.0012673576954968448,0.002081770746689625,0.002718222826944919,0.0005023231594742341,0.00014160392569247544,0.0036627753643624257,0.007249697376068341,0.006189129390771035,0.005182372706632044,0.0012903300706337806,0.00123710412384183,0.002405514519508845,0.001322203302109592,0.014943180173429216,0.00010547385796223814,0.00003094712436156307,0.00029432089759872163,0.000945616728672519,0.000776991064384391,0.004339679165896399,0.00033880993934749294,0.0005974036107523511,0.00341026916998104,0.004074554543710647,0.012038625248651843,0.000098715176890585,0.00044654075109649017,0.0039283562271822435,0.00016252129337669829,0.0011930533052222276,0.0003815545181326791,0.00005133991097792614,0.0010189739831976692,0.0038359059488627476,0.00619084084166081,0.02688792133995406,0.00032634655532969535,0.0007254623625900156,0.0000532929430730308,0.0008596484982171285,0.000043845315863826744,0.000026428431548132883,0.00048269622392859123,0.0003956760241649429,0.00023531761024900912,0.001990310757914217,0.00015489670021417418,0.0011114160027725218,0.0015418627806174112,0.00045297705315395495,0.0023016131985391384,0.0015976659729574107,0.0016698882788964203,0.00005465064872631824,0.0001841775645269643,0.003393017947078072,0.0009412603445914127,0.00005622034829275393,2.3343454052894162e-8,0.0035100964081733257,0.00010487047025193589,0.00003209224007780276,0.00020978464897514472,0.0023147706846370544,0.013269613067382582,0.00007339093883277773,0.00011258472465416745,0.00014513498166149013,0.0040753061581651345,0.001508746635020045,0.00338934349556011,0.0011384316121136977,0.00009969549352200278,0.002853268025059751,0.0005583621551505491,0.0005251483427506554,0.0028882198048013857,0.011939860548970952,0.00015819754524978586,0.0010840708733041637,0.0006228570446474689,0.0005669888595049527,0.0009692805303509296,0.00014306664352132194,0.00031372917770146417,0.00012464252977939977,0.00102386613276051,0.0010638843738894628,0.0045112145211774965,0.011931181497025278,0.000002264680540431641,0.000028441668812107043,1.509517879229981e-7,0.001672187030989702,0.00005465450195023532,0.0001760424189792495,0.007069133039703359,0.0029731320012150045,0.00038365065867757486,5.977244179373762e-7,0.001082818563677394,0.00016713556364963408,0.005958463807430001,2.7615235440530993e-7,0.002644227158613114,3.683532830813433e-8,0.00001977158658540219,0.00041926622514902665,0.000005907738660220559,0.000015034425703101966,0.0073349409829999105,0.00042665431939610955,