{"CalculationResults":{"func":0.003062212899506613,"dfunc":3.0603146584517296,"fcol":0.03743570056756599,"dfcol":4.331806838925872,"y0":[1000.0,1000.0,1000.0,1000.0,1000.0,1000.0,0.0,1000.0,1000.0,1000.0,1000.0],"x1":[0.05,0.07880293000746189,0.1241980355552187,0.1957433820584432,0.3085030407155073,0.4862188704918656,0.511,0.7663094323935531,1.20774857129934,1.903482522614279,3.0],"y1":[1.2164484545015815e-8,0.0000014450757003775203,0.000008180835449052181,0.000024567965806359408,0.00005884484483033219,0.00011822096354819305,0.0,0.0002557494212225054,0.00046427274546979457,0.0007441347864101741,0.0013867840965852798],"dy1":[3.3240109568591424e-9,2.4846282708671746e-7,8.699869044555685e-7,0.0000024962420245030964,0.000006733375540807501,0.000010000382035627223,100.0,0.00002152125186157138,0.00003370288932028422,0.00004191412027770142,0.00007088099819408991],"x2":[0.005,0.015,0.025,0.035,0.045,0.055,0.065,0.075,0.085,0.095,0.105,0.115,0.125,0.135,0.145,0.155,0.165,0.17500000000000002,0.185,0.195,0.20500000000000002,0.215,0.225,0.23500000000000001,0.245,0.255,0.265,0.275,0.28500000000000003,0.295,0.305,0.315,0.325,0.335,0.34500000000000003,0.355,0.365,0.375,0.385,0.395,0.405,0.41500000000000004,0.425,0.435,0.445,0.455,0.465,0.47500000000000003,0.485,0.495,0.505,0.515,0.525,0.535,0.545,0.555,0.5650000000000001,0.5750000000000001,0.585,0.595,0.605,0.615,0.625,0.635,0.645,0.655,0.665,0.675,0.685,0.6950000000000001,0.705,0.715,0.725,0.735,0.745,0.755,0.765,0.775,0.785,0.795,0.805,0.8150000000000001,0.8250000000000001,0.835,0.845,0.855,0.865,0.875,0.885,0.895,0.905,0.915,0.925,0.935,0.9450000000000001,0.9550000000000001,0.965,0.975,0.985,0.995,1.0050000000000001,1.0150000000000001,1.025,1.035,1.045,1.055,1.065,1.075,1.085,1.095,1.105,1.115,1.125,1.135,1.145,1.155,1.165,1.175,1.185,1.195,1.205,1.215,1.225,1.235,1.245,1.2550000000000001,1.2650000000000001,1.2750000000000001,1.285,1.295,1.305,1.315,1.325,1.335,1.345,1.355,1.365,1.375,1.385,1.395,1.405,1.415,1.425,1.435,1.445,1.455,1.465,1.475,1.485,1.495,1.5050000000000001,1.5150000000000001,1.5250000000000001,1.5350000000000001,1.545,1.555,1.565,1.575,1.585,1.595,1.605,1.615,1.625,1.635,1.645,1.655,1.665,1.675,1.685,1.695,1.705,1.715,1.725,1.735,1.745,1.7550000000000001,1.7650000000000001,1.7750000000000001,1.7850000000000001,1.795,1.805,1.815,1.825,1.835,1.845,1.855,1.865,1.875,1.885,1.895,1.905,1.915,1.925,1.935,1.945,1.955,1.965,1.975,1.985,1.995,2.005,2.015,2.025,2.035,2.045,2.055,2.065,2.075,2.085,2.095,2.105,2.115,2.125,2.1350000000000002,2.145,2.1550000000000002,2.165,2.1750000000000003,2.185,2.195,2.205,2.215,2.225,2.235,2.245,2.255,2.265,2.275,2.285,2.295,2.305,2.315,2.325,2.335,2.345,2.355,2.365,2.375,2.3850000000000002,2.395,2.4050000000000002,2.415,2.4250000000000003,2.435,2.445,2.455,2.465,2.475,2.485,2.495,2.505,2.515,2.525,2.535,2.545,2.555,2.565,2.575,2.585,2.595,2.605,2.615,2.625,2.6350000000000002,2.645,2.6550000000000002,2.665,2.6750000000000003,2.685,2.695,2.705,2.715,2.725,2.735,2.745,2.755,2.765,2.775,2.785,2.795,2.805,2.815,2.825,2.835,2.845,2.855,2.865,2.875,2.8850000000000002,2.895,2.9050000000000002,2.915,2.9250000000000003,2.935,2.945,2.955,2.965,2.975,2.985,2.995],"y2":[0.0,0.0,2.5540291354121657e-19,0.00004264503622982464,0.014809428038773078,0.05456523122788838,0.15561186339263486,0.16769447811037227,0.1691019047688313,0.1485907835619203,0.18273732384872732,0.2180218190619698,0.1364622709584093,0.08672659144724676,0.09632963673556892,0.09801011551795762,0.1280311393869898,0.05001519041620875,0.07328898791777816,0.03898767904648366,0.04043432092529091,0.08774037959537334,0.0723696987653429,0.05584536556935467,0.04455212624167518,0.04095421866387835,0.09045379739562244,0.054728607439328426,0.06933872977359633,0.03683323856238204,0.04124191647997745,0.02434356713025341,0.020987074988553078,0.029747780185273277,0.026708639881649468,0.011626184268146694,0.030417194043243067,0.018132757108704885,0.012260677245826246,0.01638659146726186,0.03978104101456651,0.02821968830008811,0.010540033932791605,0.0310070968971548,0.016912338087635346,0.009938791769932395,0.023074403545352763,0.014759322822779312,0.011005544320999748,0.009353195687034518,0.0027491020287164717,0.04459559537327907,0.004428459422382252,0.028727169901680484,0.005917277518093792,0.011242014206059305,0.02364569960993128,0.005138923202421914,0.01716282327342175,0.004989294559202162,0.03516945103170288,0.013937606431080177,0.01170751459936621,0.007464853369931065,0.008977919426757141,0.0047754302958102225,0.025989520880757077,0.01149373173749452,0.009808545873920984,0.01588257012889181,0.026380194718919843,0.008833166542443866,0.009087245966857123,0.013525031917450199,0.008412594116263052,0.006361214492134087,0.008783983871938877,0.004822266894873132,0.015435661916548282,0.0021814535652631664,0.010737763009021628,0.020685640819030925,0.005805057320920997,0.00486881708250409,0.0023157826592512133,0.004129732602272108,0.012202943475290511,0.002723037489666574,0.001378914027808679,0.0034626937233296017,0.005618764258483084,0.0015038121765857183,0.014416905034015697,0.014693352919299615,0.004897382657107636,0.005266674730521032,0.0028813621171411004,0.01728847698400779,0.000541309111943897,0.005006203919468342,0.0013992284207012657,0.0007983531117783744,0.0013698253941250781,0.0009725630941018158,0.0044935502196335984,0.005886907778808986,0.001649805613654103,0.0040271503769465054,0.0013437779537739715,0.010476487620427277,0.003977114245759962,0.011257670330621698,0.0012263626218487666,0.010062228205147853,0.019237486931209746,0.003048473487620306,0.0010902945726238731,0.003474097976739385,0.0033340339026064827,0.011001633223872147,0.0021729740148509463,0.0012580547543527272,0.0001073048679341845,0.007076491838057013,0.0003965029790841397,0.008517655279733848,0.001980755640766557,0.0031212738468005333,0.0003601983301423112,0.003592397525264672,0.007039022091369059,0.0013170129960407442,0.00005497818152241493,0.00015901083858338072,0.0005598583253813524,0.0024298188429873824,0.00004190863133333409,0.0009156622304715574,0.0036734700632343018,0.0007932630879444772,0.001776874310805309,0.0048971385252076696,0.00012078228137682211,0.0010542395152794235,0.0020787762335121905,0.000018146578825522135,0.004161621749231894,0.0003717633395460935,0.00016255775179230085,0.001727294510590035,0.005198411465926548,0.007894534780702253,0.0023927618049186033,0.00035792681339417656,0.007121933187931535,0.0010383565223408568,0.000623542717111553,0.000009038788664297213,0.02614794520890362,0.0001196647389790357,0.0007343852682761782,0.0008621925065227518,0.003159510747343852,0.0015405176701674213,0.0006880001907071715,0.00109769419720196,0.0005987917826520227,0.00962065418565019,0.004049039050813044,0.0045862744355640705,0.0012351163098286862,0.0003361206317688392,0.00008847950174993543,0.0004173101313420964,0.0075444879626123664,0.0005567825493553406,0.0003886486743499845,0.0007911015501331503,0.0000010437840277605156,0.00037725254103418985,0.000693557168192647,0.0001292525480188361,0.0011157025809272582,0.000011428342711896464,0.01311048515626389,0.002101523079171864,0.0030836812457805916,0.0033852810612385216,0.0018307282165366309,0.0012395389571284458,9.020651992385599e-7,0.00001708387058428905,0.00022112881422922613,0.00005772215023136897,0.0000012571965010919538,0.0000010187435520258058,0.00003534233604966489,0.00026070411762469314,0.0003802686107902376,0.0010244768459388614,0.0000380022780486377,0.00004436791027800533,0.000004358073304645397,0.000045616360922386194,0.0000011322594549546244,2.5376104784006627e-8,0.00013064865692175725,0.000002287927310212665,0.000005452385870340928,0.00005008052494013203,0.00031943218787555845,0.00005107268656554366,0.00013011104493218604,0.000007065512289746474,0.00022721508473148733,0.0015577082221051176,0.0006457125322322341,0.00013568511342849227,0.00008827289627622737,4.0920035545652577e-7,0.00025557404993037326,0.0014985223713945295,0.0002310199963965829,6.07545841065909e-7,0.0009613846126208166,