{"CalculationResults":{"func":0.0030509609109369844,"dfunc":3.1707839327722676,"fcol":0.03795806436220509,"dfcol":4.7171308483607515,"y0":[1000.0,1000.0,1000.0,1000.0,1000.0,1000.0,0.0,1000.0,1000.0,1000.0,1000.0],"x1":[0.05,0.07880293000746189,0.1241980355552187,0.1957433820584432,0.3085030407155073,0.4862188704918656,0.511,0.7663094323935531,1.20774857129934,1.903482522614279,3.0],"y1":[8.158596992372466e-9,0.0000013533067981840716,0.000008735910799105697,0.000026421559659455366,0.00006112871749262734,0.00008952990711495092,0.0,0.0002204414520740839,0.00047643222843464007,0.000715809785800485,0.0014510998841664596],"dy1":[1.8253754253159798e-9,1.908092311996355e-7,8.981010587126598e-7,0.000003310010676970387,0.00000628500446018046,0.00000713535112536456,100.0,0.000019268375374558577,0.00003485645295065061,0.00004168665636673633,0.00007530416357884464],"x2":[0.005,0.015,0.025,0.035,0.045,0.055,0.065,0.075,0.085,0.095,0.105,0.115,0.125,0.135,0.145,0.155,0.165,0.17500000000000002,0.185,0.195,0.20500000000000002,0.215,0.225,0.23500000000000001,0.245,0.255,0.265,0.275,0.28500000000000003,0.295,0.305,0.315,0.325,0.335,0.34500000000000003,0.355,0.365,0.375,0.385,0.395,0.405,0.41500000000000004,0.425,0.435,0.445,0.455,0.465,0.47500000000000003,0.485,0.495,0.505,0.515,0.525,0.535,0.545,0.555,0.5650000000000001,0.5750000000000001,0.585,0.595,0.605,0.615,0.625,0.635,0.645,0.655,0.665,0.675,0.685,0.6950000000000001,0.705,0.715,0.725,0.735,0.745,0.755,0.765,0.775,0.785,0.795,0.805,0.8150000000000001,0.8250000000000001,0.835,0.845,0.855,0.865,0.875,0.885,0.895,0.905,0.915,0.925,0.935,0.9450000000000001,0.9550000000000001,0.965,0.975,0.985,0.995,1.0050000000000001,1.0150000000000001,1.025,1.035,1.045,1.055,1.065,1.075,1.085,1.095,1.105,1.115,1.125,1.135,1.145,1.155,1.165,1.175,1.185,1.195,1.205,1.215,1.225,1.235,1.245,1.2550000000000001,1.2650000000000001,1.2750000000000001,1.285,1.295,1.305,1.315,1.325,1.335,1.345,1.355,1.365,1.375,1.385,1.395,1.405,1.415,1.425,1.435,1.445,1.455,1.465,1.475,1.485,1.495,1.5050000000000001,1.5150000000000001,1.5250000000000001,1.5350000000000001,1.545,1.555,1.565,1.575,1.585,1.595,1.605,1.615,1.625,1.635,1.645,1.655,1.665,1.675,1.685,1.695,1.705,1.715,1.725,1.735,1.745,1.7550000000000001,1.7650000000000001,1.7750000000000001,1.7850000000000001,1.795,1.805,1.815,1.825,1.835,1.845,1.855,1.865,1.875,1.885,1.895,1.905,1.915,1.925,1.935,1.945,1.955,1.965,1.975,1.985,1.995,2.005,2.015,2.025,2.035,2.045,2.055,2.065,2.075,2.085,2.095,2.105,2.115,2.125,2.1350000000000002,2.145,2.1550000000000002,2.165,2.1750000000000003,2.185,2.195,2.205,2.215,2.225,2.235,2.245,2.255,2.265,2.275,2.285,2.295,2.305,2.315,2.325,2.335,2.345,2.355,2.365,2.375,2.3850000000000002,2.395,2.4050000000000002,2.415,2.4250000000000003,2.435,2.445,2.455,2.465,2.475,2.485,2.495,2.505,2.515,2.525,2.535,2.545,2.555,2.565,2.575,2.585,2.595,2.605,2.615,2.625,2.6350000000000002,2.645,2.6550000000000002,2.665,2.6750000000000003,2.685,2.695,2.705,2.715,2.725,2.735,2.745,2.755,2.765,2.775,2.785,2.795,2.805,2.815,2.825,2.835,2.845,2.855,2.865,2.875,2.8850000000000002,2.895,2.9050000000000002,2.915,2.9250000000000003,2.935,2.945,2.955,2.965,2.975,2.985,2.995],"y2":[0.0,0.0,7.257109282202002e-22,0.00016948597588615995,0.022302725962020528,0.039615014333469305,0.1075379257603034,0.17311835915850032,0.14905170714603466,0.15333443250623016,0.1753597258044392,0.15319828206145028,0.16112384921273987,0.09978141610686225,0.15093948685125078,0.06400993140383958,0.11578988608174226,0.08501297879204464,0.14248524529739962,0.04247046225138751,0.05771771516195014,0.09442113933821376,0.11321932047524325,0.05576106514371758,0.02412632718820334,0.05864556221199319,0.02561437250036134,0.03181620213065118,0.04294982011165331,0.040089771655636465,0.03526387880434628,0.025304658197661565,0.024483667535001426,0.029459765295700432,0.0684254546092029,0.04469050718710777,0.023834027678615095,0.021449223593137456,0.03058873332883536,0.05423183434644793,0.05574733687077094,0.03555865066028071,0.031013741172444143,0.042643227081627155,0.014146231463655092,0.010941375834163769,0.054593737422533595,0.026595517139139872,0.009333508278807925,0.015615861158035899,0.0067648744199397155,0.00918840716229097,0.010254204882088214,0.008346565912804365,0.010317239217612463,0.013308306484090471,0.008172166931983018,0.007818408586081602,0.02471251347860593,0.007614870084949743,0.006518291528674546,0.011912240362622,0.004001222345598975,0.04060727155991609,0.005732443308975383,0.009182315867556164,0.006472433390046748,0.002635983329364545,0.007139820450020214,0.0038237728705345095,0.012056656269196808,0.005012389844107795,0.00335613618773967,0.011276072349394609,0.004658788791328353,0.001008517737881036,0.014907270900219446,0.003143378774011148,0.0014821446374810392,0.03443611876837094,0.010712086287666468,0.00043308902053539923,0.006548920781560689,0.0016512828264623907,0.0016180525429224362,0.0035405786188925934,0.002310102271118279,0.00882804557769831,0.01661659097000463,0.0015861718213372271,0.0012766960653206915,0.00647231615076453,0.012418530439685755,0.0027547602833890806,0.001873461761305987,0.008128846306471916,0.007069880470743423,0.0029349466791208506,0.002262799744456005,0.018651816768474827,0.004038004802825346,0.001823206588866714,0.027429441538246467,0.009458959119664493,0.0030515726134145932,0.0006865914744258979,0.00783301841122426,0.0013886994759698935,0.000757211432758565,0.004137272511383747,0.011776952264329246,0.007869131923473308,0.010112943706510426,0.0010355651056677196,0.0068491621718455315,0.014979917366462812,0.0009294184566355316,0.004533737846938381,0.0011328798714129037,0.008877584997923023,0.005203278519406474,0.0006937077863669785,0.0012979113471017114,0.001298570498423128,0.0012997699090659665,0.000029541120307068544,0.0004061602218707097,0.00007790275371576398,0.00017112726289551496,0.013600390437815012,0.005998305225726901,0.004004566904196064,0.0003684798892718516,0.0005248090091676171,0.0014307979180483432,0.004116961153256317,0.01204017014116594,0.0003606820089013405,0.00046146089422691557,0.0036935264121257944,0.00013480783352283685,0.01589584072861526,0.00039265397634443506,0.0006040048203149904,0.00008248123390838219,0.000011730800969004653,0.000868044739228915,0.0008830883069290718,0.00048522181184199617,0.0007595602289208993,0.0003590898704726585,0.0003149891013989459,0.00023767730634603106,0.00029183789143302704,0.0014047137211923115,0.0010037215523289594,0.0005365121393367889,0.001997274199692634,0.0001656148295540595,0.001121271902127805,0.0015560202038388468,0.0004268380233676683,0.00412275839136798,0.0005743283363914736,0.0015994784257086989,0.00004884780994095651,0.00015540080228317315,0.0004740291262352014,0.0005372950413836224,0.00017227848368430443,2.3316868932888952e-8,0.003523858626526678,0.0001365962918545765,0.000024516418174348993,0.000025351031963420922,0.002452097905832896,0.0008883718619316007,0.0001320095223937899,0.00006547869897713035,0.00035438062963791137,0.0020687460933733175,0.000996515933920808,0.00015050273690925817,0.0012645249727703247,0.000136390929527803,0.0063324562647239365,0.00004245831466994048,0.000009057373950993055,0.0025879221414275423,0.013291755153798485,0.0019856969877277723,0.0010846246195607447,0.0006877471980758903,0.0005566146754268454,0.0009819442258648587,0.0004619872641703082,0.00030374806618762245,0.00012820311497300664,0.0010240349163329653,0.00010388158930582781,0.004425558688689233,0.013817610486381764,0.000054910569851708804,0.00002844657094281073,5.544000660275797e-7,0.0016462286507921702,0.000065278965874351,0.00017607006585599764,0.007069066083980765,0.002984541135062686,0.0007720694633749516,0.00007993059576607279,0.0007561271159767845,0.00016721854914191666,0.005960021561993313,2.437968462079016e-7,0.0027281874733647475,2.974792861219428e-7,9.97765664425923e-7,0.0004256683600092053,0.0011667055767360529,0.000015280087112991448,0.005851641029045489,0.0003920583888688232,0.004057966927979839,0.006102768175421505,