{"CalculationResults":{"func":1.2231237993644144,"dfunc":1.592736661792167,"fcol":2.568705522057948,"dfcol":1.675717748734839,"y0":[1000.0,1000.0,1000.0,1000.0,1000.0,1000.0,0.0,1000.0,1000.0,1000.0,1000.0],"x1":[0.05,0.07880293000746189,0.1241980355552187,0.1957433820584432,0.3085030407155073,0.4862188704918656,0.511,0.7663094323935531,1.20774857129934,1.903482522614279,3.0],"y1":[0.0005408812309982801,0.024900282906636956,0.06727286980062795,0.09949257951087828,0.131802786095465,0.150438466412537,0.0,0.14681578760738773,0.18165678425522583,0.1980055036427382,0.22219785790191918],"dy1":[0.00009943926928305429,0.0031846436055292873,0.0046849281155808276,0.006434398197354778,0.007656922355496764,0.008038243661364608,100.0,0.005419526475245624,0.00677070540355696,0.00641619327647857,0.006968045607314604],"x2":[0.005,0.015,0.025,0.035,0.045,0.055,0.065,0.075,0.085,0.095,0.105,0.115,0.125,0.135,0.145,0.155,0.165,0.17500000000000002,0.185,0.195,0.20500000000000002,0.215,0.225,0.23500000000000001,0.245,0.255,0.265,0.275,0.28500000000000003,0.295,0.305,0.315,0.325,0.335,0.34500000000000003,0.355,0.365,0.375,0.385,0.395,0.405,0.41500000000000004,0.425,0.435,0.445,0.455,0.465,0.47500000000000003,0.485,0.495,0.505,0.515,0.525,0.535,0.545,0.555,0.5650000000000001,0.5750000000000001,0.585,0.595,0.605,0.615,0.625,0.635,0.645,0.655,0.665,0.675,0.685,0.6950000000000001,0.705,0.715,0.725,0.735,0.745,0.755,0.765,0.775,0.785,0.795,0.805,0.8150000000000001,0.8250000000000001,0.835,0.845,0.855,0.865,0.875,0.885,0.895,0.905,0.915,0.925,0.935,0.9450000000000001,0.9550000000000001,0.965,0.975,0.985,0.995,1.0050000000000001,1.0150000000000001,1.025,1.035,1.045,1.055,1.065,1.075,1.085,1.095,1.105,1.115,1.125,1.135,1.145,1.155,1.165,1.175,1.185,1.195,1.205,1.215,1.225,1.235,1.245,1.2550000000000001,1.2650000000000001,1.2750000000000001,1.285,1.295,1.305,1.315,1.325,1.335,1.345,1.355,1.365,1.375,1.385,1.395,1.405,1.415,1.425,1.435,1.445,1.455,1.465,1.475,1.485,1.495,1.5050000000000001,1.5150000000000001,1.5250000000000001,1.5350000000000001,1.545,1.555,1.565,1.575,1.585,1.595,1.605,1.615,1.625,1.635,1.645,1.655,1.665,1.675,1.685,1.695,1.705,1.715,1.725,1.735,1.745,1.7550000000000001,1.7650000000000001,1.7750000000000001,1.7850000000000001,1.795,1.805,1.815,1.825,1.835,1.845,1.855,1.865,1.875,1.885,1.895,1.905,1.915,1.925,1.935,1.945,1.955,1.965,1.975,1.985,1.995,2.005,2.015,2.025,2.035,2.045,2.055,2.065,2.075,2.085,2.095,2.105,2.115,2.125,2.1350000000000002,2.145,2.1550000000000002,2.165,2.1750000000000003,2.185,2.195,2.205,2.215,2.225,2.235,2.245,2.255,2.265,2.275,2.285,2.295,2.305,2.315,2.325,2.335,2.345,2.355,2.365,2.375,2.3850000000000002,2.395,2.4050000000000002,2.415,2.4250000000000003,2.435,2.445,2.455,2.465,2.475,2.485,2.495,2.505,2.515,2.525,2.535,2.545,2.555,2.565,2.575,2.585,2.595,2.605,2.615,2.625,2.6350000000000002,2.645,2.6550000000000002,2.665,2.6750000000000003,2.685,2.695,2.705,2.715,2.725,2.735,2.745,2.755,2.765,2.775,2.785,2.795,2.805,2.815,2.825,2.835,2.845,2.855,2.865,2.875,2.8850000000000002,2.895,2.9050000000000002,2.915,2.9250000000000003,2.935,2.945,2.955,2.965,2.975,2.985,2.995],"y2":[0.0,1.9651215434905888e-55,1.374785728144465e-10,0.0002972051105125623,0.11111636172316862,0.9732182270215075,3.145927574690353,6.128485778092477,7.649392686002825,9.333610599816527,11.014709275061767,10.930252262970194,11.702535585206695,8.721113419542373,8.900987241712897,8.892913751770275,7.858507208734585,8.799870790417078,7.33304539268974,7.031531954623679,5.351173048125833,4.7533622304672525,5.036187355954177,4.275580995291978,5.8553061300030596,5.3482241050988755,3.528900078699342,4.10606962288242,3.3423825321994953,3.1346574548109283,4.119956239431263,2.1487691148506363,2.6574173642291354,1.4626596813079842,2.407940366672653,1.930158968612381,1.9931384386203956,1.580749187348902,1.813232629166783,2.633600320608473,2.5651217717214796,1.8748698534282582,1.7307110025345525,2.0711176546894228,1.6842266858536326,1.3841675308203614,1.5138361455784899,1.328261738144506,1.0111915931532582,0.6797268240707911,1.1808306385499638,2.0537381709945572,0.8396405997274965,1.0661753485342127,1.1730052995925486,0.8503012396568228,0.7682580778537622,0.6098294403238478,1.0448169888336034,1.1490950095054004,2.206176366936803,0.6269988285196657,0.7292089204101702,0.894570590742473,0.7192555464767441,0.5919676877794043,0.4527310371236455,0.9130426213530489,0.5729839085703613,0.9054161289817844,0.7172965146758428,0.7633344836052178,1.2720454879046919,1.350508491990726,0.31830829032553476,0.8341088102576334,0.9872539303629191,0.2543684405173722,0.3661385788957611,0.30132791540093273,0.2159989121840533,0.598477611357981,0.3436603183290978,0.3813186325398901,0.14916252793306128,0.318610211410848,0.2607865233795771,0.5219309359777407,0.31084844770232845,0.25604358373004504,0.33640523054081,0.21724221172922464,0.9844743911933101,0.3524778892256769,0.6053168530636326,0.5473513309564468,0.3308265269462406,0.11160894834088592,0.3361697100442347,0.29776774488750224,0.4704383515476565,0.7140334310803456,0.16177201694221555,0.44266548998792815,0.18882270883725966,0.27051903940871475,0.31864549479219006,0.49746867868162986,0.7588632682440226,0.46243050524957413,0.17347749352010783,0.07778138651907575,0.3769856654511664,0.12961790143865748,0.1599616150190117,0.13018170344567423,0.17198750880772606,0.5948681196968235,0.5994216446085868,0.37887311268423346,0.12078784666721454,0.11531728440626124,0.1167024521354034,0.040823509296171796,0.10666315254031229,0.12897263079707422,0.11218940359577108,0.08338999626905255,0.11487829079799389,0.0894918687172213,0.21926881844631163,0.10373530174150145,0.21787998355064903,0.0734684400850688,0.05641125712931566,0.10947058756065364,0.6748646939170828,0.053023620594237014,0.11016823574894279,0.05395961073055899,0.1000409205861051,0.13688460826168297,0.05733141651971582,0.054373665470110785,0.051428180068851935,0.2114856705072643,0.40989441735550014,0.06278364960341072,0.3558936145852577,0.06468989307686696,0.11777569514431041,0.6771665711040703,0.01936136385343784,0.34643271900756745,0.07035221825837522,0.3768845281259817,0.006228567853296747,0.13134224951904536,0.12692171522822562,0.055102160785266543,0.03537979866932954,0.0721658145151209,0.15038087362277044,0.18541854675842712,0.03469471659072452,0.3234442227172516,0.03272250373943103,0.10355469514703786,0.0047211575649731274,0.07013451244792691,0.07588100858180054,0.20322884376925435,0.06638943414859806,0.13146585636688077,0.02365088413868327,0.17381755630841642,0.7477453265773736,0.1664248243384245,0.011419738177932324,0.49687182721851286,0.0539389194974855,0.709127471220302,0.027211658456860882,0.12707572012517288,0.2407195856613758,0.035897131592712885,0.05198261470831465,0.054647622477564044,0.11617467708018822,0.332929440809484,0.0021282104116532707,0.08643849556879768,0.0,0.16975990319682505,0.027548933461165253,0.040407230878845776,0.0,0.0018661336910471332,0.05251915674137935,0.028304082895631435,0.000728186063362967,0.05771791945842277,0.0,0.0016184976881301874,0.00041364095004761507,0.009408323555962179,0.014122360192402317,0.001161913937357477,0.00018938176861716305,0.04085899539958491,0.025406996454434595,0.012200164791444664,0.005657340995820407,0.1294048688876169,0.010392586507018981,0.0006872533077386903,0.0022154315824491014,0.023776982926321088,0.0,0.05601655900498637,0.0,0.04581737690146241,0.007035904838828704,0.015154790294729511,0.5664486368729119,0.0053015186128025065,0.01660060028422919,0.0,0.006887092253171652,0.0,0.03946762102139131,0.04723087805906534,0.0,0.007196463581962329,0.011028884534335934,0.0,0.07653013227417736,0.034555943901473415,0.21925347562892944,0.0,0.006134820383879772,0.008240498523575468,0.0,0.023479217721695846,0.007939078484564575,0.023373876330824352,0.12291699398241362,0.004236546316862723,0.007759313589349635,0.0628039458759086,0.00014294654832705157,0.02981259769366667,0.007569827229220041,0.0,0.03897800675454039,0.015606638148643907,0.0016596438419422418,