{"CalculationResults":{"func":1.1959940524110833,"dfunc":1.5390882868743718,"fcol":2.5926104145573365,"dfcol":1.749088993102386,"y0":[1000.0,1000.0,1000.0,1000.0,1000.0,1000.0,0.0,1000.0,1000.0,1000.0,1000.0],"x1":[0.05,0.07880293000746189,0.1241980355552187,0.1957433820584432,0.3085030407155073,0.4862188704918656,0.511,0.7663094323935531,1.20774857129934,1.903482522614279,3.0],"y1":[0.00033898830386659066,0.020900917967931018,0.07495708291553003,0.11211429646143319,0.1148474765070599,0.13761450423577679,0.0,0.17649904174644246,0.17306982906818352,0.1815045132557408,0.204147401949119],"dy1":[0.000041369999268077494,0.0016454320438235677,0.0052539801509369445,0.00693640489028198,0.006212234548468682,0.006999518365299749,100.0,0.007350175272857373,0.005994192726030374,0.005545228053680153,0.005944093536197757],"x2":[0.005,0.015,0.025,0.035,0.045,0.055,0.065,0.075,0.085,0.095,0.105,0.115,0.125,0.135,0.145,0.155,0.165,0.17500000000000002,0.185,0.195,0.20500000000000002,0.215,0.225,0.23500000000000001,0.245,0.255,0.265,0.275,0.28500000000000003,0.295,0.305,0.315,0.325,0.335,0.34500000000000003,0.355,0.365,0.375,0.385,0.395,0.405,0.41500000000000004,0.425,0.435,0.445,0.455,0.465,0.47500000000000003,0.485,0.495,0.505,0.515,0.525,0.535,0.545,0.555,0.5650000000000001,0.5750000000000001,0.585,0.595,0.605,0.615,0.625,0.635,0.645,0.655,0.665,0.675,0.685,0.6950000000000001,0.705,0.715,0.725,0.735,0.745,0.755,0.765,0.775,0.785,0.795,0.805,0.8150000000000001,0.8250000000000001,0.835,0.845,0.855,0.865,0.875,0.885,0.895,0.905,0.915,0.925,0.935,0.9450000000000001,0.9550000000000001,0.965,0.975,0.985,0.995,1.0050000000000001,1.0150000000000001,1.025,1.035,1.045,1.055,1.065,1.075,1.085,1.095,1.105,1.115,1.125,1.135,1.145,1.155,1.165,1.175,1.185,1.195,1.205,1.215,1.225,1.235,1.245,1.2550000000000001,1.2650000000000001,1.2750000000000001,1.285,1.295,1.305,1.315,1.325,1.335,1.345,1.355,1.365,1.375,1.385,1.395,1.405,1.415,1.425,1.435,1.445,1.455,1.465,1.475,1.485,1.495,1.5050000000000001,1.5150000000000001,1.5250000000000001,1.5350000000000001,1.545,1.555,1.565,1.575,1.585,1.595,1.605,1.615,1.625,1.635,1.645,1.655,1.665,1.675,1.685,1.695,1.705,1.715,1.725,1.735,1.745,1.7550000000000001,1.7650000000000001,1.7750000000000001,1.7850000000000001,1.795,1.805,1.815,1.825,1.835,1.845,1.855,1.865,1.875,1.885,1.895,1.905,1.915,1.925,1.935,1.945,1.955,1.965,1.975,1.985,1.995,2.005,2.015,2.025,2.035,2.045,2.055,2.065,2.075,2.085,2.095,2.105,2.115,2.125,2.1350000000000002,2.145,2.1550000000000002,2.165,2.1750000000000003,2.185,2.195,2.205,2.215,2.225,2.235,2.245,2.255,2.265,2.275,2.285,2.295,2.305,2.315,2.325,2.335,2.345,2.355,2.365,2.375,2.3850000000000002,2.395,2.4050000000000002,2.415,2.4250000000000003,2.435,2.445,2.455,2.465,2.475,2.485,2.495,2.505,2.515,2.525,2.535,2.545,2.555,2.565,2.575,2.585,2.595,2.605,2.615,2.625,2.6350000000000002,2.645,2.6550000000000002,2.665,2.6750000000000003,2.685,2.695,2.705,2.715,2.725,2.735,2.745,2.755,2.765,2.775,2.785,2.795,2.805,2.815,2.825,2.835,2.845,2.855,2.865,2.875,2.8850000000000002,2.895,2.9050000000000002,2.915,2.9250000000000003,2.935,2.945,2.955,2.965,2.975,2.985,2.995],"y2":[0.0,2.6942649922152126e-32,3.849462166320515e-10,0.0002877509806548116,0.07154656227154786,0.6586001742444924,3.2515820166490443,6.446992901060317,8.399861978398494,10.249072340196122,10.885980387282457,11.476436220621489,10.808076472836312,8.877417534717685,9.305944180717535,9.152179643123162,9.716181576414726,8.126133008303919,8.165398661796551,7.012058550336961,3.7467551897846625,4.486834490568133,4.519796895138608,4.158712744686154,4.148203926788737,3.8240383351934915,4.435369452261703,4.933969697953461,4.091054883469901,3.4193665270881084,4.052786484585596,2.6339595109831366,2.1304547015152147,3.1885217453898083,1.7688589249441031,2.4623926056824534,2.160768326489234,2.4491014996634606,1.7575195545192344,2.237697198577296,1.9346798122751978,1.5495799255639933,1.361697151088963,1.9023229980558267,1.4713064013592092,1.6764249096373725,1.6346690873787026,1.676257620694686,2.009022254610975,1.0927240368705067,1.8603896886572318,1.5920671478408133,1.029991710946727,1.5060928254899726,0.9748571792705151,0.7675135361068821,0.7167194978522375,0.4750922328696677,0.6713802241182236,0.6275576525223612,0.8779850902237363,0.6417077869884054,0.4881598642679347,0.9451568206293255,0.6875129825710382,0.6085273686623501,0.8211022486730841,0.510214774187353,0.8477847951527773,0.865508036985468,0.9066946157733118,0.7494690981673353,1.0795455854087777,0.8723425508579317,2.387732472200106,1.109655907573563,0.395832506622584,0.7435035771901967,0.5005725906918063,0.5030910332512013,0.2752284135807914,0.1512383074502471,0.476036522950331,0.31552046799260225,0.6857131193211756,0.2764452053842311,0.3888433386167128,0.23903774037491987,0.4288193457878447,0.2529172644269785,0.2002981388177558,0.2527425476059658,0.3423677502943551,0.1629471345334023,0.6509864141035272,0.17275814210585222,0.6838345522392266,0.229348664911318,0.16867500063357427,0.33325125738506867,0.27014124724393634,0.2589136035983424,0.2047288110320292,0.07160968031408045,0.1534031392284781,0.14906667446425056,0.09549101214688677,0.38774044663615,0.1812815104569757,0.2719190564542734,0.4629936773080816,0.39187057864801567,0.13727916324963801,0.36905985989909773,0.3345597622598121,0.40339126223931876,0.6555307168920187,1.164710433419918,0.18761475763961116,0.40737967721906326,0.7279330306283252,0.2528447298369887,0.02181556850867872,0.19919641455696827,0.3532877775477884,0.11564017625740822,0.011083756212648073,0.06159403685046052,0.056432665242472264,0.1566706074215483,0.14668382558686718,0.04117604824123141,0.036323347719885934,0.11939641233424073,0.2222244565998313,0.1568590697043025,0.11840570271674018,0.034677028800303475,0.2775816213337122,0.49727814416438976,0.034161090123737706,0.10313096339026881,0.05327822768708298,0.03649629784062887,0.1069788699886664,0.22974453371842884,0.1360249149662946,0.09072671669066877,0.033176364961229825,0.2658131159243959,0.005605839948424788,0.00969002911225183,0.10070466122561143,0.04810806225978349,0.09124140236682732,0.11990621783074548,0.36435073276797764,0.23231015366722865,0.4049417959334914,0.152908616358842,0.0637181904655752,0.18409384429195352,0.029708380915162372,0.13305687789114898,0.5222194285164925,0.1079211945863795,0.26520086568181045,0.3645983520585404,0.04009194934495219,0.16269619524444984,0.1193129978561326,0.2338739562723685,0.06572122529514683,0.2778947669664831,0.009540739234449803,0.06084011299556171,0.012996364076546876,0.05445158307026647,0.036122472226873904,0.22388521234051184,0.006187440465786315,0.17756122584445697,0.0777076106154605,0.05388608340154536,0.07395733248888635,0.10285751294754708,0.044700225006279126,0.18525839627237217,0.07828722075274781,0.008394062201228085,0.2046581245972876,0.0004605354710116098,0.015108210278134545,0.12528826709185562,0.1423371990771408,0.002642103909689275,0.004809314882630446,0.0029349978325018296,0.017834423834451725,0.0034396362982560573,0.006069410505789005,0.10598795285337487,0.10644478405117107,0.02620525506956548,0.0,0.0,0.007791775854069688,0.0034318552850349008,0.02273244052858427,0.0062996614447030546,0.008195053553181461,0.10265382113023527,0.008794201458523863,0.04264364822148249,0.04919072313024533,0.1423919778751289,0.016185344308733612,0.0015169807732014285,0.0016616039922912754,0.06420649944282864,0.004314798708638022,0.011716781986053224,0.015216750512107457,0.0628110433668669,0.0006659128519696355,0.004334357315106459,0.09144673628972824,0.016078161690344654,0.02003755239988813,0.07567539648658597,0.0,0.025415915652651326,0.02240729302685803,0.009269018750754698,0.005851648942851391,0.023591587966378457,0.08813605596024869,0.03242691867854358,0.015704628953873263,0.0,0.00752556021419676,0.20388903876862785,0.04036664662298604,0.0,0.052064583979910053,0.0065056050200333025,0.006445194979311972,0.0016501351424120488,0.008972005834099227,0.0016063699535476424,0.032353645721838416,