{"CalculationResults":{"func":0.007093863123546947,"dfunc":2.856741412598442,"fcol":0.06524630232811622,"dfcol":5.173497083736566,"y0":[1000.0,1000.0,1000.0,1000.0,1000.0,1000.0,0.0,1000.0,1000.0,1000.0,1000.0],"x1":[0.05,0.07880293000746189,0.1241980355552187,0.1957433820584432,0.3085030407155073,0.4862188704918656,0.511,0.7663094323935531,1.20774857129934,1.903482522614279,3.0],"y1":[5.10563337173141e-9,0.0000018022247256077712,0.000012335691713083707,0.00004333552553098668,0.00012076369183486341,0.00023520937903958518,0.0,0.0005401472175262724,0.0011033670954700852,0.0017867433101716734,0.0032501538819014173],"dy1":[1.3310081443343668e-9,2.941529022903008e-7,0.0000012350268667647309,0.000005042571435872308,0.00001251054605363614,0.000022568945730924805,100.0,0.00004386567413075793,0.00006492385046448065,0.00009176183382477792,0.000156318859172495],"x2":[0.005,0.015,0.025,0.035,0.045,0.055,0.065,0.075,0.085,0.095,0.105,0.115,0.125,0.135,0.145,0.155,0.165,0.17500000000000002,0.185,0.195,0.20500000000000002,0.215,0.225,0.23500000000000001,0.245,0.255,0.265,0.275,0.28500000000000003,0.295,0.305,0.315,0.325,0.335,0.34500000000000003,0.355,0.365,0.375,0.385,0.395,0.405,0.41500000000000004,0.425,0.435,0.445,0.455,0.465,0.47500000000000003,0.485,0.495,0.505,0.515,0.525,0.535,0.545,0.555,0.5650000000000001,0.5750000000000001,0.585,0.595,0.605,0.615,0.625,0.635,0.645,0.655,0.665,0.675,0.685,0.6950000000000001,0.705,0.715,0.725,0.735,0.745,0.755,0.765,0.775,0.785,0.795,0.805,0.8150000000000001,0.8250000000000001,0.835,0.845,0.855,0.865,0.875,0.885,0.895,0.905,0.915,0.925,0.935,0.9450000000000001,0.9550000000000001,0.965,0.975,0.985,0.995,1.0050000000000001,1.0150000000000001,1.025,1.035,1.045,1.055,1.065,1.075,1.085,1.095,1.105,1.115,1.125,1.135,1.145,1.155,1.165,1.175,1.185,1.195,1.205,1.215,1.225,1.235,1.245,1.2550000000000001,1.2650000000000001,1.2750000000000001,1.285,1.295,1.305,1.315,1.325,1.335,1.345,1.355,1.365,1.375,1.385,1.395,1.405,1.415,1.425,1.435,1.445,1.455,1.465,1.475,1.485,1.495,1.5050000000000001,1.5150000000000001,1.5250000000000001,1.5350000000000001,1.545,1.555,1.565,1.575,1.585,1.595,1.605,1.615,1.625,1.635,1.645,1.655,1.665,1.675,1.685,1.695,1.705,1.715,1.725,1.735,1.745,1.7550000000000001,1.7650000000000001,1.7750000000000001,1.7850000000000001,1.795,1.805,1.815,1.825,1.835,1.845,1.855,1.865,1.875,1.885,1.895,1.905,1.915,1.925,1.935,1.945,1.955,1.965,1.975,1.985,1.995,2.005,2.015,2.025,2.035,2.045,2.055,2.065,2.075,2.085,2.095,2.105,2.115,2.125,2.1350000000000002,2.145,2.1550000000000002,2.165,2.1750000000000003,2.185,2.195,2.205,2.215,2.225,2.235,2.245,2.255,2.265,2.275,2.285,2.295,2.305,2.315,2.325,2.335,2.345,2.355,2.365,2.375,2.3850000000000002,2.395,2.4050000000000002,2.415,2.4250000000000003,2.435,2.445,2.455,2.465,2.475,2.485,2.495,2.505,2.515,2.525,2.535,2.545,2.555,2.565,2.575,2.585,2.595,2.605,2.615,2.625,2.6350000000000002,2.645,2.6550000000000002,2.665,2.6750000000000003,2.685,2.695,2.705,2.715,2.725,2.735,2.745,2.755,2.765,2.775,2.785,2.795,2.805,2.815,2.825,2.835,2.845,2.855,2.865,2.875,2.8850000000000002,2.895,2.9050000000000002,2.915,2.9250000000000003,2.935,2.945,2.955,2.965,2.975,2.985,2.995],"y2":[0.0,0.0,6.14386272419017e-31,0.000005772700590434656,0.0015127897657028428,0.03899668910873305,0.10496773512905752,0.1687956896679012,0.16829194553682938,0.22222490876898607,0.3155748711516662,0.16933589444455624,0.26097517930951886,0.3284585694508376,0.1333790267539525,0.1767290645204322,0.12229399779083677,0.1754682895287096,0.05956124529979888,0.08241268695939724,0.18362935369242026,0.21647670693687646,0.1262139022954331,0.19589429790700688,0.0542345911508232,0.06209808845369268,0.08942435861617408,0.09438438372535077,0.14136415414473752,0.07803755282451161,0.030545942382337314,0.03260435550759403,0.05686578942867948,0.07319199337272561,0.12433634477519348,0.016350492381871473,0.055331059502780375,0.04517109419281731,0.07887213880896282,0.019091920231471743,0.03746973332173604,0.04524694016194566,0.031193072401028785,0.02859102018682913,0.033532204335445244,0.02357070362878749,0.022604733913578545,0.061406777232436364,0.012800671638958587,0.013316700337345874,0.02820985145268856,0.07377874795763423,0.024421692528701626,0.00957155728200699,0.01581126817770345,0.005892718857774321,0.008288222783622907,0.007931706880674976,0.02311786746410114,0.008539303027464027,0.012951678124268211,0.01795265586467158,0.03514944358210328,0.012113533293377141,0.017516518157917077,0.0024209202192068797,0.008636980655662868,0.019531332146447596,0.02041598406440531,0.08725931396695648,0.009619256238407092,0.0269034750252991,0.09489422983540807,0.012624632163621894,0.0037153022965216416,0.034009802792833714,0.013609023168082211,0.0018492095377072133,0.059629355676736634,0.01464915156517651,0.031012328163298686,0.01997630204982998,0.014987505068325845,0.007417892804650706,0.011123771312211933,0.014215362994472838,0.011110877380959245,0.008477859180792878,0.002252008616766893,0.007392100546446115,0.004685273996060164,0.027704051584289777,0.004558708582139721,0.001396145845171357,0.03078924388055283,0.014368521202056353,0.04601840102111726,0.003522373678465622,0.016150969175265335,0.015553789869770063,0.0050190465760823096,0.010691553528713156,0.008263494745330825,0.004205497289919946,0.0029511597379503008,0.014091883598753826,0.011935900729356949,0.012207517610244266,0.0034001785878064353,0.06012516757550106,0.01856560631260709,0.015751824316803574,0.012855025162570255,0.005379438353104111,0.003314924255827299,0.005750676004878755,0.0007974790148492362,0.0003308950789350979,0.019742214297908754,0.00896114895018752,0.004434100108412399,0.0010162016260558304,0.0038298379880933554,0.007794506193017275,0.016529117681005418,0.0036461999966607094,0.00006397648297103172,0.04070531065660206,0.0016732636039943217,0.018393050529125318,0.0015454358918914968,0.020137368972045232,0.005786305429958875,0.01348200428611436,0.021503284836975094,0.006487799853129281,0.0007096538525720801,0.0003132211086858454,0.000006010317922437239,0.0015466603078809907,0.0014032448571659989,0.001004308155769402,0.006596985921461449,0.0003533603451774442,0.005826984735045971,0.0006776945601673474,0.0009537239538500025,0.0070111167339438,0.000875312381058879,0.020663280932555657,0.0037893972630959555,0.008389505895148914,0.0008182388327441805,0.00033500506435005424,0.001968774097271991,0.0008649819193140112,0.010185116765990142,0.001580283948106789,0.00028662016775208606,0.0042664634578645,0.0012930758296525195,0.006796189605487354,0.002657488344641305,0.002198216227193654,0.058635725550283097,0.00037745847254638543,0.00299721138832223,0.0033132264276362687,0.00016191176181196758,0.005594622855642401,0.0403933261508858,0.00314427263372097,0.0015965208545220253,0.0030954714400572153,0.00013599815779152176,0.00005846678230834391,0.01879030593208853,0.0009486047009918029,0.0004002097923332197,0.0026530819441265775,0.000010456328540148592,0.000040184296945147996,0.004267433991789121,0.00017138471681120106,0.0009648953361967646,0.0044056317607727045,0.00026279065040369986,0.000013738614656005565,0.0000034883909725990782,0.011355459512267792,0.006226921359467381,0.00132488911216552,0.0000414422081037774,0.00018736588845677348,0.00004958530520359817,0.0057561518097649705,0.000019873948403826933,2.470293995800852e-7,0.003698821387450155,0.00008949998313247451,0.002794436581865234,0.0000027642374292373296,0.009975862286805984,0.0011317090847833547,0.0027280998698562616,0.000011604025224946287,0.000010462541975170308,0.00002433919303842677,0.000020757081520700907,2.1412765051611004e-7,0.00002149607406767681,0.000005189681501306504,0.0072563284699905025,0.02759667829049878,7.90695902594359e-7,0.000517165641439944,0.00010029605658585505,0.0009489546148793197,0.000010652628387107244,0.0000945781160851421,0.00016069628491951408,0.016196529534336784,0.00006986431031741816,0.0001254405511663187,1.1761970966890293e-8,0.00005880317604691411,0.0008684447310181335,0.00505161324237156,