{"CalculationResults":{"func":1.2308067363939463,"dfunc":1.6088350445057287,"fcol":2.5420315185496145,"dfcol":1.8169192002325247,"y0":[1000.0,1000.0,1000.0,1000.0,1000.0,1000.0,0.0,1000.0,1000.0,1000.0,1000.0],"x1":[0.05,0.07880293000746189,0.1241980355552187,0.1957433820584432,0.3085030407155073,0.4862188704918656,0.511,0.7663094323935531,1.20774857129934,1.903482522614279,3.0],"y1":[0.00043448237129253234,0.024615249095217544,0.06619296258975854,0.10912782194360081,0.12776352421619677,0.14910875588464065,0.0,0.16240061458008828,0.17863076813837667,0.1921547996779288,0.22037775789684555],"dy1":[0.00006198553702462407,0.0023913081738261297,0.0047220602590847,0.006663376353944996,0.007749230542132304,0.007544070197963957,100.0,0.0066801662721161816,0.00665259358838621,0.007170687708495386,0.006670112706851521],"x2":[0.005,0.015,0.025,0.035,0.045,0.055,0.065,0.075,0.085,0.095,0.105,0.115,0.125,0.135,0.145,0.155,0.165,0.17500000000000002,0.185,0.195,0.20500000000000002,0.215,0.225,0.23500000000000001,0.245,0.255,0.265,0.275,0.28500000000000003,0.295,0.305,0.315,0.325,0.335,0.34500000000000003,0.355,0.365,0.375,0.385,0.395,0.405,0.41500000000000004,0.425,0.435,0.445,0.455,0.465,0.47500000000000003,0.485,0.495,0.505,0.515,0.525,0.535,0.545,0.555,0.5650000000000001,0.5750000000000001,0.585,0.595,0.605,0.615,0.625,0.635,0.645,0.655,0.665,0.675,0.685,0.6950000000000001,0.705,0.715,0.725,0.735,0.745,0.755,0.765,0.775,0.785,0.795,0.805,0.8150000000000001,0.8250000000000001,0.835,0.845,0.855,0.865,0.875,0.885,0.895,0.905,0.915,0.925,0.935,0.9450000000000001,0.9550000000000001,0.965,0.975,0.985,0.995,1.0050000000000001,1.0150000000000001,1.025,1.035,1.045,1.055,1.065,1.075,1.085,1.095,1.105,1.115,1.125,1.135,1.145,1.155,1.165,1.175,1.185,1.195,1.205,1.215,1.225,1.235,1.245,1.2550000000000001,1.2650000000000001,1.2750000000000001,1.285,1.295,1.305,1.315,1.325,1.335,1.345,1.355,1.365,1.375,1.385,1.395,1.405,1.415,1.425,1.435,1.445,1.455,1.465,1.475,1.485,1.495,1.5050000000000001,1.5150000000000001,1.5250000000000001,1.5350000000000001,1.545,1.555,1.565,1.575,1.585,1.595,1.605,1.615,1.625,1.635,1.645,1.655,1.665,1.675,1.685,1.695,1.705,1.715,1.725,1.735,1.745,1.7550000000000001,1.7650000000000001,1.7750000000000001,1.7850000000000001,1.795,1.805,1.815,1.825,1.835,1.845,1.855,1.865,1.875,1.885,1.895,1.905,1.915,1.925,1.935,1.945,1.955,1.965,1.975,1.985,1.995,2.005,2.015,2.025,2.035,2.045,2.055,2.065,2.075,2.085,2.095,2.105,2.115,2.125,2.1350000000000002,2.145,2.1550000000000002,2.165,2.1750000000000003,2.185,2.195,2.205,2.215,2.225,2.235,2.245,2.255,2.265,2.275,2.285,2.295,2.305,2.315,2.325,2.335,2.345,2.355,2.365,2.375,2.3850000000000002,2.395,2.4050000000000002,2.415,2.4250000000000003,2.435,2.445,2.455,2.465,2.475,2.485,2.495,2.505,2.515,2.525,2.535,2.545,2.555,2.565,2.575,2.585,2.595,2.605,2.615,2.625,2.6350000000000002,2.645,2.6550000000000002,2.665,2.6750000000000003,2.685,2.695,2.705,2.715,2.725,2.735,2.745,2.755,2.765,2.775,2.785,2.795,2.805,2.815,2.825,2.835,2.845,2.855,2.865,2.875,2.8850000000000002,2.895,2.9050000000000002,2.915,2.9250000000000003,2.935,2.945,2.955,2.965,2.975,2.985,2.995],"y2":[0.0,1.8320913770674947e-37,1.899385008691628e-10,0.0002063017675479682,0.07332658933769154,0.7470976180080929,2.8650637004131325,5.8982614984561295,8.81398649732048,9.144279661558407,10.427802947930555,13.260222577926868,11.30667508805011,9.471667224555876,8.867320024384398,7.9263342897388975,8.462331048412944,8.47631667285442,7.555282132579179,7.4422832060105995,4.315560516615897,5.576109697674512,4.735084335287217,5.419368889108307,4.939636362082044,4.320577467528698,4.541935858917232,4.012937593248166,3.0862526773852785,3.5742683662565193,3.5237758137043134,2.293072724277744,2.7901614341482937,1.5314451538394422,1.6985612013961071,2.097993259098587,1.794521805176347,1.208311494750536,1.672967308366872,1.7016111459921408,1.936774488211729,1.4983116564870838,1.5316979592772029,1.302557761056037,1.084503435475337,1.3251561238912155,1.2633132759365786,1.9872241282583927,2.274081374808354,0.9549749046608516,0.8427241006169801,2.480276298396274,0.9721518851363818,0.6823944446986243,1.104609109939731,0.9414681384824285,0.9088192021358559,1.8167135221905628,1.5071859876910088,0.4790002413864208,1.0864520895874392,1.2264764321551658,0.894007211789227,0.6474027321964476,0.8486369014743813,1.2591966093170204,1.4272389497006333,0.8685053046518709,0.631782403068488,0.9949031651695344,0.47421024139703427,0.5325253697182307,0.9345558366625368,0.6487874338374843,0.502402016757382,0.4670647761409523,0.6149731182560679,1.0772473006624026,0.30011369176860736,0.3954154011747789,0.29998828164057006,0.2925778372239141,0.4583417347577494,0.38731286622798544,0.1863268962468171,0.2590467163275709,0.2800785451977914,0.24349834680616592,0.4335609641406847,0.48739185531448137,0.3882704976760584,0.1683545179122409,0.6230221221713648,0.6803476038465928,0.30996813985311633,0.08346449391121058,0.2365111128551709,0.20727158399773998,0.15138528875012855,0.09181041261482506,0.990707722427804,0.20433815320518517,0.20571136307212398,0.34312123911558545,0.3003727555866127,0.1317045231320208,0.18769318389537432,0.7055285493602199,0.14518220423530948,0.2227589656003115,0.3294106565859917,0.10637029716984495,0.28443337390812234,0.2973448027863435,0.2273328635839578,0.34638382575911475,0.6871888053866284,0.901678543059614,0.10440254064700427,0.1758158648593231,0.2963468392876947,0.10153354027730634,0.2124547135886234,0.07807518711796471,0.12761745402273966,0.13566031283861504,0.1861337314490299,0.09050599855830813,0.05163714598645248,0.17329191995691423,0.2801183273232291,0.07341108891920387,0.04291238920148605,0.16920456655698593,0.1526671396240039,0.16941862282932618,0.23472512029207884,0.08095055710785262,0.06425505978278259,0.19626242371037994,0.041675166570740954,0.011434931468249327,0.061115355603168886,0.04538790906743062,0.3331010134770295,0.09440817274037867,0.15385072656281468,0.016026963631255126,0.6746688435595518,0.05511401529592744,0.1300942537193925,0.04272899110922118,0.1288070846563655,0.13211346820769254,0.08421097842046571,0.03149149764817548,0.057338699640477345,0.12232367960462856,0.08031660982388804,0.1133489740263157,0.23563487411613138,0.19137238842359883,0.030494100114848634,0.06089408752686411,0.015444500131632143,0.12797708213963224,0.15038445623264826,0.14838067895427184,0.035988321646172425,0.2509378783941797,0.040727201010348636,0.030482662334428128,0.015176624406616164,0.059438679681884724,0.02507897689662015,0.7065000532718182,0.021919565050405734,0.1471964244602236,0.0069690118214270624,0.03708564733306305,0.09012315509173968,0.02743418286980006,0.09960401504000911,0.0012221821999241892,0.11569296107626684,0.06074447117258612,0.052258678343396134,0.008309852028206596,0.00671572969874067,0.041695970537177905,0.015306887136566565,0.02991161053486479,0.0032667214737810094,0.002500361903796742,0.02638898611697818,0.0,0.09477982732650458,0.05267352266801365,0.007680216739090973,0.03475604147051199,0.15270980239995907,0.007600182297141108,0.0,0.011101873492401772,0.0408858848108053,0.06088376930787008,0.011223026996763339,0.029498764704841536,0.0,0.009208572124076784,0.004445818329630168,0.0,0.00474135814658906,0.010790701931166094,0.005856857703826334,0.0,0.0,0.00967425581121949,0.2919582520816256,0.0013965682064649343,0.016618295797654538,0.0007452986930035427,0.01370393832669245,0.10572301296934218,0.0724323034826719,0.07138132469768013,0.004189684168757504,0.0,0.0,0.3248015999381246,0.0010004285579569545,0.0,0.0,0.000013963932087462809,0.005916261408285676,0.006718900268488283,0.005122235951841827,0.0,0.01510347054746957,0.008901861389240068,1.231477899985634,0.02983676719684145,0.34942670312358154,0.019905559778183625,0.044562693000639475,0.07166434095676603,0.0016221953154007926,0.0,0.0,0.029395736971706138,0.0464457792646516,0.0032570443514662035,0.0,0.0,0.021795362406296072,0.023896120148821726,0.045560017167669956,0.03047109149890035,0.0,0.000058418124309929906,