{"CalculationResults":{"func":0.00702468841888812,"dfunc":2.9015000449230746,"fcol":0.06174908907784404,"dfcol":4.878587831353455,"y0":[1000.0,1000.0,1000.0,1000.0,1000.0,1000.0,0.0,1000.0,1000.0,1000.0,1000.0],"x1":[0.05,0.07880293000746189,0.1241980355552187,0.1957433820584432,0.3085030407155073,0.4862188704918656,0.511,0.7663094323935531,1.20774857129934,1.903482522614279,3.0],"y1":[2.556580836838883e-9,0.000002010023580783684,0.000011155330749242174,0.000034606213518610596,0.00010431258571873255,0.00021700231255803023,0.0,0.0005061032324509453,0.0010242893135794836,0.0018429111689420297,0.0032822956812094254],"dy1":[6.129638890188131e-10,3.912518862009105e-7,0.0000012375694955504137,0.000004420499354946539,0.000010374294822237027,0.00001937874611199783,100.0,0.00003850484684924763,0.00006877705385925886,0.00010074002480717246,0.00015257521453592902],"x2":[0.005,0.015,0.025,0.035,0.045,0.055,0.065,0.075,0.085,0.095,0.105,0.115,0.125,0.135,0.145,0.155,0.165,0.17500000000000002,0.185,0.195,0.20500000000000002,0.215,0.225,0.23500000000000001,0.245,0.255,0.265,0.275,0.28500000000000003,0.295,0.305,0.315,0.325,0.335,0.34500000000000003,0.355,0.365,0.375,0.385,0.395,0.405,0.41500000000000004,0.425,0.435,0.445,0.455,0.465,0.47500000000000003,0.485,0.495,0.505,0.515,0.525,0.535,0.545,0.555,0.5650000000000001,0.5750000000000001,0.585,0.595,0.605,0.615,0.625,0.635,0.645,0.655,0.665,0.675,0.685,0.6950000000000001,0.705,0.715,0.725,0.735,0.745,0.755,0.765,0.775,0.785,0.795,0.805,0.8150000000000001,0.8250000000000001,0.835,0.845,0.855,0.865,0.875,0.885,0.895,0.905,0.915,0.925,0.935,0.9450000000000001,0.9550000000000001,0.965,0.975,0.985,0.995,1.0050000000000001,1.0150000000000001,1.025,1.035,1.045,1.055,1.065,1.075,1.085,1.095,1.105,1.115,1.125,1.135,1.145,1.155,1.165,1.175,1.185,1.195,1.205,1.215,1.225,1.235,1.245,1.2550000000000001,1.2650000000000001,1.2750000000000001,1.285,1.295,1.305,1.315,1.325,1.335,1.345,1.355,1.365,1.375,1.385,1.395,1.405,1.415,1.425,1.435,1.445,1.455,1.465,1.475,1.485,1.495,1.5050000000000001,1.5150000000000001,1.5250000000000001,1.5350000000000001,1.545,1.555,1.565,1.575,1.585,1.595,1.605,1.615,1.625,1.635,1.645,1.655,1.665,1.675,1.685,1.695,1.705,1.715,1.725,1.735,1.745,1.7550000000000001,1.7650000000000001,1.7750000000000001,1.7850000000000001,1.795,1.805,1.815,1.825,1.835,1.845,1.855,1.865,1.875,1.885,1.895,1.905,1.915,1.925,1.935,1.945,1.955,1.965,1.975,1.985,1.995,2.005,2.015,2.025,2.035,2.045,2.055,2.065,2.075,2.085,2.095,2.105,2.115,2.125,2.1350000000000002,2.145,2.1550000000000002,2.165,2.1750000000000003,2.185,2.195,2.205,2.215,2.225,2.235,2.245,2.255,2.265,2.275,2.285,2.295,2.305,2.315,2.325,2.335,2.345,2.355,2.365,2.375,2.3850000000000002,2.395,2.4050000000000002,2.415,2.4250000000000003,2.435,2.445,2.455,2.465,2.475,2.485,2.495,2.505,2.515,2.525,2.535,2.545,2.555,2.565,2.575,2.585,2.595,2.605,2.615,2.625,2.6350000000000002,2.645,2.6550000000000002,2.665,2.6750000000000003,2.685,2.695,2.705,2.715,2.725,2.735,2.745,2.755,2.765,2.775,2.785,2.795,2.805,2.815,2.825,2.835,2.845,2.855,2.865,2.875,2.8850000000000002,2.895,2.9050000000000002,2.915,2.9250000000000003,2.935,2.945,2.955,2.965,2.975,2.985,2.995],"y2":[0.0,0.0,4.7390610610412773e-32,5.8858515573981175e-8,0.002937058465058626,0.04080192211731688,0.09548964794001283,0.21391180481320352,0.24787902232757758,0.15670703706656675,0.18277154754016006,0.18095921523180805,0.17424578180385691,0.11671095189355447,0.14694727432748442,0.1313308437156338,0.18806169347061794,0.14019721669958674,0.10912623315227074,0.22493162428085417,0.08738605609565096,0.08085356269163338,0.06349197218609198,0.1343160812109655,0.08469844022681294,0.1055547836629392,0.0842881228420963,0.06991196691547828,0.05820625937010938,0.04704982862357308,0.023419603498633597,0.04401221998312609,0.06022481423670274,0.04354751328123736,0.03782263908923365,0.05757348196454652,0.04994930787549241,0.12200913503723773,0.022587564454926268,0.02475728075353732,0.019191154374818997,0.029178118392268856,0.0854221384147302,0.09015084817779838,0.06386644735633137,0.014856951226953814,0.08509824228657431,0.08431312983598027,0.025877404587955316,0.025571460974326388,0.022801602891161767,0.09609661624476826,0.0215024850763605,0.052037483253035456,0.07283326443542248,0.011876776032323925,0.08157128079393576,0.014011898332515543,0.013722889766268185,0.0056348781804299395,0.008384813598326324,0.0154401040073558,0.028229962822581212,0.008532002654858295,0.017286602344089276,0.02976738221101742,0.006122644589170021,0.03627467088588178,0.024422164820733325,0.0282921724312858,0.061554012785455775,0.036754902137698504,0.0065836930237441965,0.02107224592649231,0.007767640997362497,0.021706934765936565,0.007761466935713464,0.008290892601599181,0.03642459345536847,0.008237782176125641,0.016393902785321046,0.03307313983344544,0.005795533808635997,0.023679583092973223,0.05318137654745141,0.01817559755300954,0.018355740129557124,0.013526810713267487,0.009009613754982455,0.0025490052391046723,0.002805267129352689,0.001960665036771647,0.009427841589087122,0.018762586269560365,0.0033128622322900507,0.028676549350668202,0.0050254670782735236,0.0012897900894681636,0.024307954459359807,0.009265602303462146,0.011169395761855463,0.01919315611168868,0.013573886045493411,0.012332008687319197,0.003833119047033735,0.0688135638377921,0.0019431177877754157,0.002329150645876382,0.005094267124590598,0.002294417311501545,0.004240048749186546,0.00632903253528813,0.010397356778980973,0.0013055206953802145,0.00033664990980043666,0.0027928412369567076,0.002808001509299709,0.00165401890582742,0.00552129214692252,0.011677060933793766,0.0022145664194055973,0.0017960179213767718,0.00045642531279831773,0.0061301382280075645,0.0007641918624414598,0.03596110745272995,0.008161102816157784,0.002278591736567123,0.011118152253867504,0.0007191007115758928,0.006521527040856622,0.00155471254125387,0.01867556984170787,0.0009912493565960546,0.0016916914610529792,0.019784667336494033,0.0031872218888217597,0.0011519365514840393,0.0013428993431704183,0.01005831280391862,0.0008591212958751863,0.0014688564341595548,0.0029438298955342694,0.009148833014520068,0.02392486368926313,0.0022406688816380546,0.0003126060094724637,0.003156349867242459,0.011842377476107821,0.009723296870769515,0.00018742753380394565,0.001871542150779361,0.0032269130249925667,0.0014507918178665769,0.008178930286073126,0.0018347284862333287,0.0018284348642785796,0.0156384103077007,0.0009794537338586326,0.0003659703853476875,0.01076508536957611,0.0016760982258357507,0.0021163450252128543,0.02491797672614763,0.0000403359466650371,0.0008947459265694456,0.0012324670861692474,0.0030226368803876642,0.004573029673689495,0.00006655320115620443,0.00006694511268915116,0.005263888492126116,0.003316925374381616,0.00014093406493833325,0.0029284812327656,0.0036597696232731148,0.07763167567137431,0.004111290092707273,0.0008499598652281821,0.0006550889880367097,0.003969476225098639,0.00014633836270791666,0.0005746361162577617,0.0017534359697673953,0.009726246518091662,0.01732307185496755,0.00006636258311937532,0.0006401071176259029,0.06174290183201413,0.0034656730871120284,0.009418511566073559,0.006250122340622079,0.000041333469774128315,0.0033688789793246176,0.0003071979844540152,0.009883867822305593,0.019787670259758465,0.00009522022954626957,0.0007977327190679693,0.0007786459433402,1.6332914083661823e-7,0.00019786566003853688,0.0026905334215819045,0.00007492314950811616,0.004515018443541624,0.015133316247001451,0.00015235215999126955,0.00023586066538873097,0.000029791832427840877,5.122711515397273e-8,0.000002079653686861056,0.0001775315122321439,0.00015555622299052776,0.00023665644292660237,0.0005175662306937071,0.0000036742077879413876,0.0007554539392016293,0.006255849476091913,0.0048807802127824726,0.0006623494336145878,4.801445255542585e-7,0.01209650482397136,0.0000402294392180022,1.6450038368894747e-7,0.0009941787642565281,0.0004983110397943422,0.009914812075285445,0.00013694112085488447,0.0005089797816642747,