{"CalculationResults":{"func":1.211460329916141,"dfunc":1.5574114369929086,"fcol":2.6221264484151305,"dfcol":1.8217262625370267,"y0":[1000.0,1000.0,1000.0,1000.0,1000.0,1000.0,0.0,1000.0,1000.0,1000.0,1000.0],"x1":[0.05,0.07880293000746189,0.1241980355552187,0.1957433820584432,0.3085030407155073,0.4862188704918656,0.511,0.7663094323935531,1.20774857129934,1.903482522614279,3.0],"y1":[0.0004778298306206153,0.022357626106742415,0.0689356211680572,0.10495804207203559,0.1289805543277157,0.144786804968337,0.0,0.16667372564092517,0.1759882936750678,0.1829047195123365,0.21539711261430283],"dy1":[0.00008789039534304465,0.0021306747576568786,0.0042013898574653685,0.0060723346091888005,0.007670402484097296,0.006419532795128168,100.0,0.006674053051890086,0.007539352627686017,0.0054615501432099325,0.006951696272487948],"x2":[0.005,0.015,0.025,0.035,0.045,0.055,0.065,0.075,0.085,0.095,0.105,0.115,0.125,0.135,0.145,0.155,0.165,0.17500000000000002,0.185,0.195,0.20500000000000002,0.215,0.225,0.23500000000000001,0.245,0.255,0.265,0.275,0.28500000000000003,0.295,0.305,0.315,0.325,0.335,0.34500000000000003,0.355,0.365,0.375,0.385,0.395,0.405,0.41500000000000004,0.425,0.435,0.445,0.455,0.465,0.47500000000000003,0.485,0.495,0.505,0.515,0.525,0.535,0.545,0.555,0.5650000000000001,0.5750000000000001,0.585,0.595,0.605,0.615,0.625,0.635,0.645,0.655,0.665,0.675,0.685,0.6950000000000001,0.705,0.715,0.725,0.735,0.745,0.755,0.765,0.775,0.785,0.795,0.805,0.8150000000000001,0.8250000000000001,0.835,0.845,0.855,0.865,0.875,0.885,0.895,0.905,0.915,0.925,0.935,0.9450000000000001,0.9550000000000001,0.965,0.975,0.985,0.995,1.0050000000000001,1.0150000000000001,1.025,1.035,1.045,1.055,1.065,1.075,1.085,1.095,1.105,1.115,1.125,1.135,1.145,1.155,1.165,1.175,1.185,1.195,1.205,1.215,1.225,1.235,1.245,1.2550000000000001,1.2650000000000001,1.2750000000000001,1.285,1.295,1.305,1.315,1.325,1.335,1.345,1.355,1.365,1.375,1.385,1.395,1.405,1.415,1.425,1.435,1.445,1.455,1.465,1.475,1.485,1.495,1.5050000000000001,1.5150000000000001,1.5250000000000001,1.5350000000000001,1.545,1.555,1.565,1.575,1.585,1.595,1.605,1.615,1.625,1.635,1.645,1.655,1.665,1.675,1.685,1.695,1.705,1.715,1.725,1.735,1.745,1.7550000000000001,1.7650000000000001,1.7750000000000001,1.7850000000000001,1.795,1.805,1.815,1.825,1.835,1.845,1.855,1.865,1.875,1.885,1.895,1.905,1.915,1.925,1.935,1.945,1.955,1.965,1.975,1.985,1.995,2.005,2.015,2.025,2.035,2.045,2.055,2.065,2.075,2.085,2.095,2.105,2.115,2.125,2.1350000000000002,2.145,2.1550000000000002,2.165,2.1750000000000003,2.185,2.195,2.205,2.215,2.225,2.235,2.245,2.255,2.265,2.275,2.285,2.295,2.305,2.315,2.325,2.335,2.345,2.355,2.365,2.375,2.3850000000000002,2.395,2.4050000000000002,2.415,2.4250000000000003,2.435,2.445,2.455,2.465,2.475,2.485,2.495,2.505,2.515,2.525,2.535,2.545,2.555,2.565,2.575,2.585,2.595,2.605,2.615,2.625,2.6350000000000002,2.645,2.6550000000000002,2.665,2.6750000000000003,2.685,2.695,2.705,2.715,2.725,2.735,2.745,2.755,2.765,2.775,2.785,2.795,2.805,2.815,2.825,2.835,2.845,2.855,2.865,2.875,2.8850000000000002,2.895,2.9050000000000002,2.915,2.9250000000000003,2.935,2.945,2.955,2.965,2.975,2.985,2.995],"y2":[0.0,8.032768312903051e-61,3.5492634393617825e-10,0.0003550563203702966,0.08080155781858389,0.7325081494704587,2.869805746275762,6.113122167515815,9.016075286987595,11.19377670498662,9.847998053708185,13.671141416663993,10.010279180219776,8.516354129402675,8.839761458292273,8.723936028668295,8.142178771983069,7.4194610841480095,8.71805558541557,6.613240479014253,5.016104461861389,5.1696074583159,4.709534452233313,5.576186643350919,5.148761628785518,4.395887368916366,4.325375544311135,3.7611127263690864,4.291371379030759,3.2752671646520697,3.4161535582978853,2.0300038683750494,2.0813538542437855,2.1488873538233,1.945243263712023,2.4246141193739636,2.0134465501832075,1.9785387088729336,2.2247333419511746,1.9770338624884685,2.5277431247856152,2.3961683408371273,3.19809185955295,1.5555117814110817,1.3279477166724032,1.3089195652875856,2.2125547936148546,1.3096141958049605,1.1898233642813942,1.0899268063643628,1.1534309592452994,2.1418753467326295,1.04865755391127,1.0750496979171507,1.027182473114369,1.0030067038494515,0.708668723761523,0.9476221115749981,0.9752928577580199,1.1374808791920392,1.1714074971082473,1.3269370193607197,0.9704745466965482,0.7472247492481853,0.6620536029492723,0.9108612731229391,1.3290551685322445,0.5498763549781901,1.1003198153079112,0.9749876051971839,0.4514135147672317,0.49599301304608856,0.5174893656564561,0.6212772219660677,1.2200416819905198,1.0271781428835278,0.44739462513280037,0.3432940713008514,0.4660189251764451,0.5401957937922498,0.37258588982081337,0.496917125086929,0.43233902869323,0.3024176087104981,0.417885536987435,0.312535565316053,0.09488355412876162,0.48873230521504,0.39917953246948046,0.41242955972850276,0.16427032020597465,0.35519142732965053,0.4770690955364376,0.5118817113006037,0.3308944295510257,0.3214511798918538,0.32434442029710525,0.23233773935047336,0.28147648066400643,0.4320853877051222,0.17254869993667993,0.21079838992044259,0.48891385750946337,0.145520578695176,0.8499029105598911,0.8385876572293411,0.13450573848462605,0.5629848655327597,0.5548195780037459,0.2476735870942988,0.24220178191410796,0.22529025729833635,0.6751355027565153,0.3665204115090026,0.14038232764965766,0.6750043894205614,0.09062971749955352,0.108413942912742,0.27513886396511505,0.1226159460482609,0.31991962256754314,0.06471273916263266,0.0692715543458347,0.27656597406304206,0.16258113726101617,0.16553013828563967,0.1334497109856656,0.0378939600851216,0.14103048295125722,0.08803409237640294,0.30228543189233303,0.06481598676567753,0.06651570486744163,0.40683472905658186,0.04801711231208511,0.5326007546948264,0.18088678443663744,0.10396929093358437,0.17317550116268537,0.08210465432484998,0.2612685022509361,0.1064302526028964,0.03315995322794768,0.05367003007780932,0.15585202093227624,0.006452731994074178,0.039182632391411606,0.08135726353286399,0.06358189723007072,0.1376489538049359,0.07845699323579029,0.03657262535942676,0.0676993821964387,0.048550091720491406,0.05462518306938646,0.43275456415059077,0.06896854002843195,0.014472482172349149,0.03760560001909731,0.2033068057456772,0.2946407651627132,0.09538048170661068,0.06128326228353645,0.39836914597062123,0.1812847865332307,0.135769999478339,0.02091006684692856,0.014133410581381456,0.10120505556438954,0.560338087004325,0.11533908519590645,0.04163802625759472,0.03034874443448802,0.04115084555616061,0.1017751225586351,0.021840310568236605,0.09212789732787097,0.014547206253986745,0.0007430717729538175,0.0044095801808086855,0.04511243900182884,0.237578834123575,0.024150246117265805,0.36769159570469256,0.09968737470840532,0.2051575373497707,0.7189862952610372,0.0004223281228277285,0.0192198060527128,0.01628868494228588,0.028832726558112393,0.21552661806749498,0.0024718294753075763,0.14813925737719164,0.008237321452481147,0.018296901192776768,0.04027143579692097,0.13317309251290924,0.037600617371382844,0.1600464609266974,0.021508564525517887,0.0009808317419484698,0.02494713901868198,0.2927719834914958,0.01255904752690269,0.0,0.00010013095464269124,0.026563620488028065,0.028929171344623254,0.005593710084320645,0.03037478798412433,0.00009820753556812989,0.02488298606946176,0.05799962195714911,0.0,0.038053300751893206,0.0008169639799260966,0.00978730283620494,0.008051927868477768,0.002839752501777687,0.004733172088222689,0.03823406862801472,0.004526491367623469,0.0007743463608257229,0.015019909353784307,0.0001478794927877594,0.0,0.011713122198697258,0.02077398521139695,0.0,0.004808002532707565,0.0,0.13321640996458595,0.002736709937350575,0.013285472855634596,0.00779883045477911,0.0243412677510455,0.006899320079093777,0.04765140997639997,0.0,0.15726462262505275,0.08389361382554641,0.0020278769689847146,0.04237631770941608,0.0,0.001694886842099566,0.006337133379253925,0.007378906173771322,0.0012997478299277903,0.0,0.027603813368351094,0.19117497707276554,0.010335852270659357,0.01881757039587097,