{"CalculationResults":{"func":0.629842282378647,"dfunc":1.7163479331018625,"fcol":1.6016203812747918,"dfcol":1.8054898167948172,"y0":[1000.0,1000.0,1000.0,1000.0,1000.0,1000.0,0.0,1000.0,1000.0,1000.0,1000.0],"x1":[0.05,0.07880293000746189,0.1241980355552187,0.1957433820584432,0.3085030407155073,0.4862188704918656,0.511,0.7663094323935531,1.20774857129934,1.903482522614279,3.0],"y1":[0.0008368842918417542,0.019849325831415025,0.04922124310784215,0.0694848039469153,0.06543252167072854,0.07725744992765558,0.0,0.07677666749474009,0.08292067204895082,0.09055082484752375,0.09751188921103406],"dy1":[0.0001055881007477625,0.001559376202189981,0.0034125317198578017,0.00456978410123365,0.0036223307357971866,0.004548100847400467,100.0,0.0035445750985289392,0.003562332437392705,0.0032680897922464747,0.0027921932756307874],"x2":[0.005,0.015,0.025,0.035,0.045,0.055,0.065,0.075,0.085,0.095,0.105,0.115,0.125,0.135,0.145,0.155,0.165,0.17500000000000002,0.185,0.195,0.20500000000000002,0.215,0.225,0.23500000000000001,0.245,0.255,0.265,0.275,0.28500000000000003,0.295,0.305,0.315,0.325,0.335,0.34500000000000003,0.355,0.365,0.375,0.385,0.395,0.405,0.41500000000000004,0.425,0.435,0.445,0.455,0.465,0.47500000000000003,0.485,0.495,0.505,0.515,0.525,0.535,0.545,0.555,0.5650000000000001,0.5750000000000001,0.585,0.595,0.605,0.615,0.625,0.635,0.645,0.655,0.665,0.675,0.685,0.6950000000000001,0.705,0.715,0.725,0.735,0.745,0.755,0.765,0.775,0.785,0.795,0.805,0.8150000000000001,0.8250000000000001,0.835,0.845,0.855,0.865,0.875,0.885,0.895,0.905,0.915,0.925,0.935,0.9450000000000001,0.9550000000000001,0.965,0.975,0.985,0.995,1.0050000000000001,1.0150000000000001,1.025,1.035,1.045,1.055,1.065,1.075,1.085,1.095,1.105,1.115,1.125,1.135,1.145,1.155,1.165,1.175,1.185,1.195,1.205,1.215,1.225,1.235,1.245,1.2550000000000001,1.2650000000000001,1.2750000000000001,1.285,1.295,1.305,1.315,1.325,1.335,1.345,1.355,1.365,1.375,1.385,1.395,1.405,1.415,1.425,1.435,1.445,1.455,1.465,1.475,1.485,1.495,1.5050000000000001,1.5150000000000001,1.5250000000000001,1.5350000000000001,1.545,1.555,1.565,1.575,1.585,1.595,1.605,1.615,1.625,1.635,1.645,1.655,1.665,1.675,1.685,1.695,1.705,1.715,1.725,1.735,1.745,1.7550000000000001,1.7650000000000001,1.7750000000000001,1.7850000000000001,1.795,1.805,1.815,1.825,1.835,1.845,1.855,1.865,1.875,1.885,1.895,1.905,1.915,1.925,1.935,1.945,1.955,1.965,1.975,1.985,1.995,2.005,2.015,2.025,2.035,2.045,2.055,2.065,2.075,2.085,2.095,2.105,2.115,2.125,2.1350000000000002,2.145,2.1550000000000002,2.165,2.1750000000000003,2.185,2.195,2.205,2.215,2.225,2.235,2.245,2.255,2.265,2.275,2.285,2.295,2.305,2.315,2.325,2.335,2.345,2.355,2.365,2.375,2.3850000000000002,2.395,2.4050000000000002,2.415,2.4250000000000003,2.435,2.445,2.455,2.465,2.475,2.485,2.495,2.505,2.515,2.525,2.535,2.545,2.555,2.565,2.575,2.585,2.595,2.605,2.615,2.625,2.6350000000000002,2.645,2.6550000000000002,2.665,2.6750000000000003,2.685,2.695,2.705,2.715,2.725,2.735,2.745,2.755,2.765,2.775,2.785,2.795,2.805,2.815,2.825,2.835,2.845,2.855,2.865,2.875,2.8850000000000002,2.895,2.9050000000000002,2.915,2.9250000000000003,2.935,2.945,2.955,2.965,2.975,2.985,2.995],"y2":[0.0,1.8130272283929147e-44,2.388574896823685e-8,0.0021788539070691057,0.23544769080002514,1.2077442913365801,3.861563886372431,5.303434043165237,5.897582163636589,7.060371736273354,8.105573588384772,8.154590205137849,7.431592244892876,6.620982335108323,6.524350246204769,6.274147128541076,4.920798908142005,5.786122369110744,4.647344062552535,4.892460528596981,3.1964382699599563,3.343757731273787,2.5822103858430685,3.132731279268728,2.633788541327651,2.004622502933544,2.9888768356016113,2.314090607586463,2.018455599285622,1.8293515220378036,1.412698571000053,1.239030301375263,1.3602611526577932,1.3658411945749847,1.5983109689395056,1.257143929821169,0.904950412521326,0.8598552926725999,1.0073040138556588,1.1179366254993535,1.9501015832221866,0.9782629679406353,0.9812381331151323,0.9475905958900194,0.9812754334941929,1.202586233740728,1.0180385550779016,0.8551907606936561,0.6291319054073581,0.6089857666661797,0.49694539266545484,0.7658118184310431,0.8529915248866846,0.40207895768945767,0.38312583624973273,0.45549054584012816,0.23578506789256204,0.7312484768467638,0.5728959675139914,0.29378665877172616,0.6354336476374407,0.6504464987199688,0.3273649690925357,0.641634350941589,0.3320581760557564,0.3811600820284594,0.19265095489194137,0.35128784453508094,0.22133662983465757,0.36754906637563584,0.2859864444569039,0.4193412530985466,0.20625955814885857,0.1454987483160641,0.4996004048680478,0.37362616900077494,0.6109450048393748,0.3823208739920968,0.09570825497989943,0.16590020730005217,0.16580030744467925,0.10907221232246161,0.278191529362769,0.06778249360971204,0.3812986106703178,0.15862259493827055,0.15294879033206396,0.08678569763767419,0.10104769317036903,0.10750717307050796,0.2533706685698939,0.14915172612613792,0.07760077763708882,0.08289926733832774,0.05442116112411041,0.1155143803980582,0.12473344865853975,0.21658617641621197,0.19277613028929264,0.1403735702725281,0.20495267291418706,0.05164652431930899,0.20912650050391088,0.21258285180028863,0.21415823068636086,0.1295227992643821,0.28254136679762315,0.08225393797536638,0.112671057411637,0.05206915495085635,0.19640080472089286,0.09801324845669337,0.09243909994298556,0.12740332504281957,0.08057570889401705,0.04521335675302263,0.1784901046423644,0.1019168556173243,0.054105405782908796,0.143260120534878,0.0693404283672923,0.07505835356321308,0.1681212645970924,0.08688504856626525,0.07068121393502615,0.06215748637829291,0.1364401370038104,0.02238442429631439,0.2949007070722703,0.025189444357660507,0.10258625850036444,0.013889575168843534,0.0471056999165607,0.04016856462354379,0.024562630785831856,0.42759722695617985,0.015347466515819811,0.08634053292301948,0.07081404799516122,0.05045532582753028,0.049982337987928414,0.02349845710929116,0.04654908378179988,0.06092857887417407,0.1046231488023293,0.0561703735479318,0.02905253776215938,0.11267168655923124,0.04149666258320049,0.16546194179795687,0.06796120391227427,0.08095585565464325,0.00953283042097878,0.15551455864915806,0.01964886394240699,0.08920803660548182,0.036147403671846566,0.032510172770164145,0.3721865200618479,0.00788134623837144,0.02829413425990248,0.03128710883764799,0.11740172620569922,0.19670060409476967,0.2167759484585642,0.02009694753384529,0.016235165262031698,0.06079367349542959,0.011058621183238101,0.011847953302527497,0.06928208344633478,0.011784817885437952,0.08376211404271473,0.012337033433985685,0.07434595136222456,0.012817947116775634,0.02206653904399095,0.04777216299436178,0.028704999877263687,0.03468446692297289,0.006457264085277062,0.0026882307165858707,0.050771260646925054,0.3369771795499299,0.022205546482210282,0.1049808355338938,0.004486825227123642,0.0121661047738794,0.024356789825446416,0.023306647317971947,0.035137798669462435,0.012747606653410588,0.013300483245269237,0.005191695421441203,0.024044955594786522,0.009833280145866891,0.010915452383471452,0.00715783556145539,0.005147724778184601,0.026350452081229783,0.005975606922669897,0.22226418453029795,0.002215817401943675,0.005389746942768097,0.09314188877476841,0.03135266261198592,0.016210225463200178,0.01210486926670495,0.002032742486099733,0.0004801369440500023,0.01117400948415287,0.030106515711418747,0.004392911922681909,0.013929071679405353,0.022393487307734054,0.028712987794526603,0.021764248795077008,0.008929865928101915,0.011561355738582083,0.00638932123337096,0.0,0.0023450220877173,0.0016012726832973783,0.0055272513985300765,0.0037095918003475677,0.0002598594455882584,0.041009539817484134,0.0050197984182253335,0.009550210778825303,0.01496390668463683,0.02078147738499842,0.0003749100415584644,0.0005517880366225841,0.0005119804972325422,0.032708476146931995,0.00244487586584189,0.00028190968412657505,0.00027688327738814296,0.003131687439500496,0.0027841308461984526,0.005833235104835306,0.008916491149695267,0.0003465814316591046,0.0,0.0,0.0018267707072320207,