{"CalculationResults":{"func":0.007093111177037284,"dfunc":2.856845361837472,"fcol":0.06522712526778882,"dfcol":5.174075584884486,"y0":[1000.0,1000.0,1000.0,1000.0,1000.0,1000.0,0.0,1000.0,1000.0,1000.0,1000.0],"x1":[0.05,0.07880293000746189,0.1241980355552187,0.1957433820584432,0.3085030407155073,0.4862188704918656,0.511,0.7663094323935531,1.20774857129934,1.903482522614279,3.0],"y1":[5.1044130306319364e-9,0.0000018017325530528397,0.000012332235051350687,0.00004332565888102964,0.00012074178124458972,0.00023516513352820476,0.0,0.0005400672227053913,0.0011032285266972754,0.0017865503717193192,0.003249893410244039],"dy1":[1.330637935703318e-9,2.9410310049117e-7,0.0000012347238963029692,0.0000050418668647972215,0.000012509368818048921,0.00002256566720489412,100.0,0.00004386149465989177,0.00006491740616881641,0.00009175484109229229,0.00015630992301295937],"x2":[0.005,0.015,0.025,0.035,0.045,0.055,0.065,0.075,0.085,0.095,0.105,0.115,0.125,0.135,0.145,0.155,0.165,0.17500000000000002,0.185,0.195,0.20500000000000002,0.215,0.225,0.23500000000000001,0.245,0.255,0.265,0.275,0.28500000000000003,0.295,0.305,0.315,0.325,0.335,0.34500000000000003,0.355,0.365,0.375,0.385,0.395,0.405,0.41500000000000004,0.425,0.435,0.445,0.455,0.465,0.47500000000000003,0.485,0.495,0.505,0.515,0.525,0.535,0.545,0.555,0.5650000000000001,0.5750000000000001,0.585,0.595,0.605,0.615,0.625,0.635,0.645,0.655,0.665,0.675,0.685,0.6950000000000001,0.705,0.715,0.725,0.735,0.745,0.755,0.765,0.775,0.785,0.795,0.805,0.8150000000000001,0.8250000000000001,0.835,0.845,0.855,0.865,0.875,0.885,0.895,0.905,0.915,0.925,0.935,0.9450000000000001,0.9550000000000001,0.965,0.975,0.985,0.995,1.0050000000000001,1.0150000000000001,1.025,1.035,1.045,1.055,1.065,1.075,1.085,1.095,1.105,1.115,1.125,1.135,1.145,1.155,1.165,1.175,1.185,1.195,1.205,1.215,1.225,1.235,1.245,1.2550000000000001,1.2650000000000001,1.2750000000000001,1.285,1.295,1.305,1.315,1.325,1.335,1.345,1.355,1.365,1.375,1.385,1.395,1.405,1.415,1.425,1.435,1.445,1.455,1.465,1.475,1.485,1.495,1.5050000000000001,1.5150000000000001,1.5250000000000001,1.5350000000000001,1.545,1.555,1.565,1.575,1.585,1.595,1.605,1.615,1.625,1.635,1.645,1.655,1.665,1.675,1.685,1.695,1.705,1.715,1.725,1.735,1.745,1.7550000000000001,1.7650000000000001,1.7750000000000001,1.7850000000000001,1.795,1.805,1.815,1.825,1.835,1.845,1.855,1.865,1.875,1.885,1.895,1.905,1.915,1.925,1.935,1.945,1.955,1.965,1.975,1.985,1.995,2.005,2.015,2.025,2.035,2.045,2.055,2.065,2.075,2.085,2.095,2.105,2.115,2.125,2.1350000000000002,2.145,2.1550000000000002,2.165,2.1750000000000003,2.185,2.195,2.205,2.215,2.225,2.235,2.245,2.255,2.265,2.275,2.285,2.295,2.305,2.315,2.325,2.335,2.345,2.355,2.365,2.375,2.3850000000000002,2.395,2.4050000000000002,2.415,2.4250000000000003,2.435,2.445,2.455,2.465,2.475,2.485,2.495,2.505,2.515,2.525,2.535,2.545,2.555,2.565,2.575,2.585,2.595,2.605,2.615,2.625,2.6350000000000002,2.645,2.6550000000000002,2.665,2.6750000000000003,2.685,2.695,2.705,2.715,2.725,2.735,2.745,2.755,2.765,2.775,2.785,2.795,2.805,2.815,2.825,2.835,2.845,2.855,2.865,2.875,2.8850000000000002,2.895,2.9050000000000002,2.915,2.9250000000000003,2.935,2.945,2.955,2.965,2.975,2.985,2.995],"y2":[0.0,0.0,6.143862716948804e-31,0.000005766241795113995,0.001511787071775331,0.03897495580298754,0.10492288714768053,0.16872054720883226,0.16819061042429753,0.22211334840222915,0.31543879693509624,0.1692639907949735,0.2608682530114593,0.32833696828709047,0.1333287406973982,0.17666946217479695,0.1222506203655395,0.1754186870761159,0.059536370330565726,0.08237906545654079,0.18357393979065578,0.2163884472897633,0.12618845036470924,0.1958532368466976,0.05421553164407933,0.06207941415172022,0.08939190138647851,0.09435005023009152,0.14133833942547702,0.07801420390409783,0.030534604514433076,0.032594609183075315,0.0568489634805366,0.07317836832223473,0.12432451711263748,0.016344961742201822,0.055319522315444944,0.04516138669177851,0.07884480926400877,0.019084498716339594,0.037455326174446024,0.04523368189909577,0.031181398484557348,0.028583063215258903,0.03352164080129723,0.023562006069307587,0.022596348228264708,0.061388105259059376,0.012797071579995517,0.013314125389256514,0.028202995391676946,0.07376755707508101,0.02441729599572272,0.009568872491640332,0.015807905916738925,0.005891173706953268,0.008286996417658881,0.007929575155779273,0.023113277311703862,0.008536900067765044,0.012948121333324292,0.017945550395436428,0.035143323455069736,0.012110189985074227,0.017514311438765223,0.0024203416535502247,0.008635725084783078,0.01952611521955748,0.02041360759153097,0.08724301035649282,0.009616874623852446,0.026896616529103218,0.09489257174156474,0.012623118059114476,0.0037144794362508537,0.03400560148644282,0.013606248477555701,0.001848850237029315,0.05961899598240291,0.014648074567441568,0.03100743280650957,0.019970876526294007,0.014984773305761118,0.007416742036020714,0.011121797128902353,0.014212541639146998,0.011108791744265673,0.008477444367113823,0.002251237885901272,0.007390538523560532,0.004684313402526957,0.027698856513153246,0.004557678044994504,0.001395952126817845,0.030783914347065962,0.014364999023574517,0.046015167798467135,0.0035220258950898016,0.016148442971065293,0.015551470192222368,0.005018358114656649,0.010689447848684986,0.008262497756945576,0.004204402019576491,0.0029507134719852206,0.014087446130029244,0.01193339735562391,0.012203923491372474,0.003399497794011037,0.0601229514171548,0.01856405638241672,0.01574844130732106,0.012853374479202373,0.005378842010520992,0.003314509626715592,0.005750158223085986,0.000797370885984286,0.00033083853144892265,0.019740009725569038,0.008959963242399628,0.004433574626672492,0.0010159482372030313,0.003829561954994937,0.007794098899719655,0.016524958265350942,0.0036459800997966276,0.0000639755363885305,0.0406974128766727,0.0016731145377576998,0.018388653516525306,0.0015453096277812444,0.02013359338282979,0.005785239252691258,0.013481969135007104,0.021499611955151078,0.006486670590135319,0.0007094448567688293,0.00031316767561499883,0.000006009492449886408,0.0015465664868370896,0.0014030424572363028,0.001004166276118799,0.006596232101498087,0.000353331476792376,0.00582587706269245,0.0006775644019126177,0.0009535659196852704,0.00700977139995734,0.0008750985432331159,0.020660569229313086,0.003789153443537539,0.008388367220732915,0.0008181562996955066,0.00033497084046952804,0.001968470409411805,0.0008648386760430336,0.010184543858012166,0.0015801717436611717,0.00028658615624611096,0.004266167472195919,0.001292992875201235,0.006795065599885752,0.0026570898171409713,0.0021980780353077563,0.05862924155278186,0.00037745793346335055,0.002997009932002111,0.0033127624245691445,0.00016189139190337154,0.005593818027675444,0.04038654193381799,0.0031440689623571903,0.0015963434317922945,0.0030950382079598503,0.00013598339686096063,0.000058463076303178,0.018789751124811294,0.0009485046691533197,0.00040017883431346234,0.0026526200441084956,0.000010455960621971797,0.000040179333995670675,0.004266341705421401,0.0001713533394289466,0.0009647053446779681,0.0044052137893552026,0.0002627681689039862,0.000013736651742187317,0.000003488031867409713,0.011355352096133102,0.006226458980525015,0.0013246224278617947,0.000041433688369634245,0.00018735881330780515,0.000049578568618025324,0.005755426356726838,0.000019872652124962905,2.4700083195703317e-7,0.0036982178303003313,0.00008948429159269034,0.002794432538264698,0.0000027639530496605675,0.009975359276510573,0.0011315321563856754,0.0027277777809390923,0.00001160190869059219,0.000010460169700862034,0.000024335069473517227,0.00002075379808935869,2.141054223220896e-7,0.000021496072118450452,0.000005189308017334179,0.007255752814018528,0.02759020237198013,7.906531085300507e-7,0.0005171095837813014,0.00010028263928845934,0.00094895452353513,0.000010651474244180185,0.00009457007335446703,0.000160684325434696,0.01619315837689712,0.0000698529675835619,0.00012542785997526502,1.1761443918591641e-8,0.00005879342887123205,0.000868351528386838,0.005050682591986378,