{"CalculationResults":{"calculation_time":139011.90684246458,"func":0.006680129179429756,"dfunc":2.9319552534244604,"fcol":0.05729872765947193,"dfcol":4.770070306995285,"y0":[1000.0,1000.0,1000.0,1000.0,1000.0,1000.0,0.0,1000.0,1000.0,1000.0,1000.0],"x1":[0.05,0.07880293000746189,0.1241980355552187,0.1957433820584432,0.3085030407155073,0.4862188704918656,0.511,0.7663094323935531,1.20774857129934,1.903482522614279,3.0],"y1":[5.589457488095912e-9,0.0000016011217453093703,0.000015347610048746867,0.00004230792980311368,0.00010271147230041204,0.00022415205815034126,0.0,0.0004886235436387871,0.0009637453716234657,0.0015628233477826725,0.0032788111348794192],"dy1":[2.3459430327911844e-9,2.543373693469353e-7,0.0000018764090910357274,0.0000049726908083313825,0.00001014972997954676,0.000022121600377649587,100.0,0.00004340449034931006,0.00006210256726651372,0.00008434739651046777,0.00015357912903293772],"x2":[0.005,0.015,0.025,0.035,0.045,0.055,0.065,0.075,0.085,0.095,0.105,0.115,0.125,0.135,0.145,0.155,0.165,0.17500000000000002,0.185,0.195,0.20500000000000002,0.215,0.225,0.23500000000000001,0.245,0.255,0.265,0.275,0.28500000000000003,0.295,0.305,0.315,0.325,0.335,0.34500000000000003,0.355,0.365,0.375,0.385,0.395,0.405,0.41500000000000004,0.425,0.435,0.445,0.455,0.465,0.47500000000000003,0.485,0.495,0.505,0.515,0.525,0.535,0.545,0.555,0.5650000000000001,0.5750000000000001,0.585,0.595,0.605,0.615,0.625,0.635,0.645,0.655,0.665,0.675,0.685,0.6950000000000001,0.705,0.715,0.725,0.735,0.745,0.755,0.765,0.775,0.785,0.795,0.805,0.8150000000000001,0.8250000000000001,0.835,0.845,0.855,0.865,0.875,0.885,0.895,0.905,0.915,0.925,0.935,0.9450000000000001,0.9550000000000001,0.965,0.975,0.985,0.995,1.0050000000000001,1.0150000000000001,1.025,1.035,1.045,1.055,1.065,1.075,1.085,1.095,1.105,1.115,1.125,1.135,1.145,1.155,1.165,1.175,1.185,1.195,1.205,1.215,1.225,1.235,1.245,1.2550000000000001,1.2650000000000001,1.2750000000000001,1.285,1.295,1.305,1.315,1.325,1.335,1.345,1.355,1.365,1.375,1.385,1.395,1.405,1.415,1.425,1.435,1.445,1.455,1.465,1.475,1.485,1.495,1.5050000000000001,1.5150000000000001,1.5250000000000001,1.5350000000000001,1.545,1.555,1.565,1.575,1.585,1.595,1.605,1.615,1.625,1.635,1.645,1.655,1.665,1.675,1.685,1.695,1.705,1.715,1.725,1.735,1.745,1.7550000000000001,1.7650000000000001,1.7750000000000001,1.7850000000000001,1.795,1.805,1.815,1.825,1.835,1.845,1.855,1.865,1.875,1.885,1.895,1.905,1.915,1.925,1.935,1.945,1.955,1.965,1.975,1.985,1.995,2.005,2.015,2.025,2.035,2.045,2.055,2.065,2.075,2.085,2.095,2.105,2.115,2.125,2.1350000000000002,2.145,2.1550000000000002,2.165,2.1750000000000003,2.185,2.195,2.205,2.215,2.225,2.235,2.245,2.255,2.265,2.275,2.285,2.295,2.305,2.315,2.325,2.335,2.345,2.355,2.365,2.375,2.3850000000000002,2.395,2.4050000000000002,2.415,2.4250000000000003,2.435,2.445,2.455,2.465,2.475,2.485,2.495,2.505,2.515,2.525,2.535,2.545,2.555,2.565,2.575,2.585,2.595,2.605,2.615,2.625,2.6350000000000002,2.645,2.6550000000000002,2.665,2.6750000000000003,2.685,2.695,2.705,2.715,2.725,2.735,2.745,2.755,2.765,2.775,2.785,2.795,2.805,2.815,2.825,2.835,2.845,2.855,2.865,2.875,2.8850000000000002,2.895,2.9050000000000002,2.915,2.9250000000000003,2.935,2.945,2.955,2.965,2.975,2.985,2.995],"y2":[0.0,0.0,1.2731845126032888e-25,0.0000014663110023743919,0.002779143226056484,0.01193555390407563,0.10946123748054633,0.12301995554402531,0.3036138221091327,0.18860467215504909,0.17815356224910317,0.18553429240673308,0.1696838991910368,0.15280027327906398,0.17698179575997675,0.159817624626509,0.152565157398313,0.10259568120382251,0.10918967418040972,0.07078617187177026,0.1047502103102694,0.17376376561845336,0.24359148619563484,0.1170618435558676,0.0621104446302096,0.07399532703423319,0.048422288280691866,0.050549894027735146,0.028975442981954768,0.09728909744378011,0.08484490730747773,0.055730809545917095,0.029810202970144157,0.05570067491944012,0.030504338880222474,0.08586448132366968,0.05429221843775317,0.02707979052626507,0.05204325399890829,0.14293096400486854,0.030343632529183553,0.03438721412254076,0.05385155952079285,0.02446549945926229,0.060543708060031814,0.04991689917273308,0.02805507284987132,0.056458761008620136,0.012409794763284906,0.022094832478844542,0.018654548467682806,0.03208858303700434,0.01946487293496705,0.021130677439821235,0.03220507607595909,0.02461668033547488,0.01680066081685722,0.010937973389151957,0.014746145248910757,0.012324507025956138,0.0066761583875526685,0.02993874515640018,0.024052238483598554,0.004972434389916085,0.03797048129692795,0.014657518548197239,0.007608903873948664,0.030873246557224236,0.028408060540766326,0.02488924729139661,0.028510349483415943,0.007478409246897247,0.00954316539754421,0.00810943142938734,0.034599286379393974,0.014120420693880654,0.002508131184220119,0.009531312214344218,0.008200836247051056,0.011082270493486656,0.00698178681018912,0.011787978481386883,0.0018158295086559625,0.01420934896697235,0.004384594395844866,0.01662211809765993,0.0029226011215640335,0.012899569577747362,0.020109307875268705,0.009824669966098602,0.004004455923085784,0.022675734209992686,0.006285303272040427,0.01809681964744974,0.002187006712063121,0.004378544200506644,0.016586553741771606,0.0025476117854818184,0.002822346421512271,0.011878907621238232,0.008258001952159356,0.016570118866667108,0.04682755550923563,0.007862512284704267,0.0018124317142294744,0.004660421962233078,0.07105486550935641,0.004675087617672291,0.0017302691341851376,0.011033445125471983,0.0026950794158062544,0.050614360265861066,0.0048394599192899,0.005826838041606056,0.002131421010651189,0.0023664607363237484,0.000852911778811829,0.017859300563405636,0.011066124203427063,0.005306876575146792,0.014755851677098806,0.0009926047434784938,0.0027428869648691693,0.004522092782907545,0.0023974572689229676,0.002116863101179499,0.028635009572450493,0.00013747593307840246,0.00032125086634254607,0.001478345679976255,0.00043443511279405523,0.0025218222463360583,0.009534951614201021,0.002061143302987089,0.0023180360558733414,0.003330501009143213,0.023283466907687293,0.00921020412112754,0.0010809169985368699,0.001792551138135152,0.00019541339316282223,0.001961713712582147,0.00017415011298492695,0.0049138635574715655,0.0016108601458253563,0.0002702753186421726,0.01600556215643885,0.0006398257401559577,0.041613299640694816,0.0006266737622184602,0.000041618976063878505,0.0008020958387618257,0.003284213252733616,0.0001255765153651277,0.0008479150597795768,0.0005169511689436642,0.002243913852092835,0.003863785114970745,0.0005867700727831605,0.003303494175023492,0.0017003635534336271,0.00004257333597909066,0.001059653400233925,0.0008781146520492762,0.007855365917883108,0.0002049695756591194,0.0006322778550594006,0.008238997669382964,0.002091488595398028,0.001713180450249306,0.003695320108285041,0.006475751231796662,0.00021768990459106923,0.001223196878078288,0.000047013625874742934,0.012109789273126479,0.0022569040941672557,0.002817936196819794,0.00008589162197038434,0.004619833163887432,0.0058937153968876485,0.0011994242721278506,0.012355386674806533,0.0012606757704433612,0.0011202465848536112,0.00010097353145073041,0.0009285590964576379,0.0011557977369151596,0.005809114032768743,0.000359985249517686,0.00013427473256844076,0.002654123343287275,0.0018014553432676834,0.003499036812022759,0.0005488358006471857,0.029876666820940874,0.00045767265784812765,0.0001182032327060863,0.00020716510720011032,0.000040187072069740746,1.702738596020854e-7,0.0030785854439753504,0.0000325156115858606,0.0032731254400018618,0.00009369388428976398,0.00005496234011270749,0.0024893295681136696,0.0023283275921155647,0.0003101825303050866,0.030084967025239398,0.0014849941356418557,0.010533426192909597,0.000003220486618916346,0.0009526319226492055,0.007871120133824183,2.364622487770281e-9,0.011446646502269507,0.012604142961296742,0.002669630553295346,0.0008219531520921906,0.0000020358302280643944,0.007603758218484995,0.011298354935062909,0.0008562528237206024,0.00007201630029618494,0.0043547220401562465,