{"CalculationResults":{"func":0.6212711071292021,"dfunc":1.6339933153507,"fcol":1.6368899803751102,"dfcol":1.6764805206485556,"y0":[1000.0,1000.0,1000.0,1000.0,1000.0,1000.0,0.0,1000.0,1000.0,1000.0,1000.0],"x1":[0.05,0.07880293000746189,0.1241980355552187,0.1957433820584432,0.3085030407155073,0.4862188704918656,0.511,0.7663094323935531,1.20774857129934,1.903482522614279,3.0],"y1":[0.0008138794006491018,0.018468125236033334,0.05584027530672081,0.06999128106446151,0.06884799028440455,0.07092034107587081,0.0,0.08596273505313314,0.0795247293397481,0.07875942156986837,0.09214232879831229],"dy1":[0.00009179153210366852,0.0013582062488534993,0.003958806706352342,0.003983795945154691,0.004003035104293344,0.003665075271482097,100.0,0.003605005205945098,0.003020879588066387,0.002512375786977958,0.0027529138707632047],"x2":[0.005,0.015,0.025,0.035,0.045,0.055,0.065,0.075,0.085,0.095,0.105,0.115,0.125,0.135,0.145,0.155,0.165,0.17500000000000002,0.185,0.195,0.20500000000000002,0.215,0.225,0.23500000000000001,0.245,0.255,0.265,0.275,0.28500000000000003,0.295,0.305,0.315,0.325,0.335,0.34500000000000003,0.355,0.365,0.375,0.385,0.395,0.405,0.41500000000000004,0.425,0.435,0.445,0.455,0.465,0.47500000000000003,0.485,0.495,0.505,0.515,0.525,0.535,0.545,0.555,0.5650000000000001,0.5750000000000001,0.585,0.595,0.605,0.615,0.625,0.635,0.645,0.655,0.665,0.675,0.685,0.6950000000000001,0.705,0.715,0.725,0.735,0.745,0.755,0.765,0.775,0.785,0.795,0.805,0.8150000000000001,0.8250000000000001,0.835,0.845,0.855,0.865,0.875,0.885,0.895,0.905,0.915,0.925,0.935,0.9450000000000001,0.9550000000000001,0.965,0.975,0.985,0.995,1.0050000000000001,1.0150000000000001,1.025,1.035,1.045,1.055,1.065,1.075,1.085,1.095,1.105,1.115,1.125,1.135,1.145,1.155,1.165,1.175,1.185,1.195,1.205,1.215,1.225,1.235,1.245,1.2550000000000001,1.2650000000000001,1.2750000000000001,1.285,1.295,1.305,1.315,1.325,1.335,1.345,1.355,1.365,1.375,1.385,1.395,1.405,1.415,1.425,1.435,1.445,1.455,1.465,1.475,1.485,1.495,1.5050000000000001,1.5150000000000001,1.5250000000000001,1.5350000000000001,1.545,1.555,1.565,1.575,1.585,1.595,1.605,1.615,1.625,1.635,1.645,1.655,1.665,1.675,1.685,1.695,1.705,1.715,1.725,1.735,1.745,1.7550000000000001,1.7650000000000001,1.7750000000000001,1.7850000000000001,1.795,1.805,1.815,1.825,1.835,1.845,1.855,1.865,1.875,1.885,1.895,1.905,1.915,1.925,1.935,1.945,1.955,1.965,1.975,1.985,1.995,2.005,2.015,2.025,2.035,2.045,2.055,2.065,2.075,2.085,2.095,2.105,2.115,2.125,2.1350000000000002,2.145,2.1550000000000002,2.165,2.1750000000000003,2.185,2.195,2.205,2.215,2.225,2.235,2.245,2.255,2.265,2.275,2.285,2.295,2.305,2.315,2.325,2.335,2.345,2.355,2.365,2.375,2.3850000000000002,2.395,2.4050000000000002,2.415,2.4250000000000003,2.435,2.445,2.455,2.465,2.475,2.485,2.495,2.505,2.515,2.525,2.535,2.545,2.555,2.565,2.575,2.585,2.595,2.605,2.615,2.625,2.6350000000000002,2.645,2.6550000000000002,2.665,2.6750000000000003,2.685,2.695,2.705,2.715,2.725,2.735,2.745,2.755,2.765,2.775,2.785,2.795,2.805,2.815,2.825,2.835,2.845,2.855,2.865,2.875,2.8850000000000002,2.895,2.9050000000000002,2.915,2.9250000000000003,2.935,2.945,2.955,2.965,2.975,2.985,2.995],"y2":[0.0,1.3492416204047184e-42,1.891129817735806e-8,0.0019600248935354556,0.20187385591680318,1.1358566813502837,3.8456094270340477,6.116071216584582,7.298446196093878,8.154796487488618,8.070753987706347,8.295357012827706,7.849388587469881,6.16027961763296,6.190772812329261,5.914258029848481,6.102160082065828,5.452546683554743,5.925637541610146,3.9838731585820844,2.571391121535788,2.743816304179265,2.831982287475076,2.3443410378492304,2.251809577158757,2.306187631193838,3.0841531793100803,2.71654198195934,2.3012034403202932,1.9600550655819917,2.3112059718032474,1.4157279910864018,1.4230578653338561,1.4790750766911471,1.1823580047032543,1.3616204264219922,0.9997967972922761,0.9143730896047992,1.1038738524201794,1.6080543967751404,0.8945625198570573,0.9678590212978981,0.8380706296688885,0.758696094835988,0.7408735883670532,0.9366177964542066,0.9122741609687857,0.6438401449588672,1.1468072959873254,0.9011119735233848,0.6011208254484481,0.9938566231615914,0.5817153894516792,0.2648361429733757,0.6227402139746576,0.5253200413131236,0.3355068976673961,0.22684815624890536,0.2930250426114712,0.40601408997832206,0.37761517410819817,0.2698595098044526,0.34510491556909395,0.29023890585952655,0.27218284399193043,0.4000586525544959,0.4245818888054171,0.16875122427213207,0.33257480473669143,0.43066214735638875,0.5497585629093125,0.28963594325846165,0.28900325949876304,0.37028010049718196,0.6013494965402528,0.47211825077636943,1.378464662897255,0.41313713492835,0.405600781362283,0.09780174555782688,0.148512098612871,0.16177039449859337,0.1867301446218622,0.20215973473382773,0.11458313067706669,0.24073650268497726,0.3244394760424388,0.17619132879346683,0.0867308770533244,0.04674632887664225,0.1212383514991931,0.14844699074125883,0.07970295529571028,0.09372806326909561,0.14873928315456203,0.27847884297476877,0.04892551920625263,0.07834486375160014,0.17447029716384954,0.3176842538514967,0.027953008281317936,0.11198644644944811,0.08091707515043568,0.11437164349270315,0.15578061878900903,0.051670530601756526,0.06041731497966,0.04646565940554555,0.12711366121840617,0.1117937346804071,0.14313436193141862,0.07890484851756203,0.13354798892102787,0.2117152067743946,0.23163608654420903,0.16955700244133534,0.24329356072802125,0.14474633507302054,0.2612384744253897,0.40104088944875876,0.08368690447431908,0.01804214376417292,0.03672089914108596,0.0734425019064961,0.0532072930119153,0.09659138260081976,0.04083764570665039,0.02990392232722239,0.010818477930143403,0.05290684536155178,0.3279834486523742,0.0631608270040319,0.03285742655066874,0.007182901178208028,0.13055451800873477,0.024465943679504658,0.05854410134284077,0.004804873888699199,0.13610285354075424,0.04892468986421845,0.009655085444660563,0.06420091933120974,0.02430419948079431,0.02825149048500947,0.03469652094113467,0.06192804318837894,0.0051243818270140734,0.11960538654793562,0.004359535999919155,0.1703320476787867,0.005063129864158227,0.005252116409179392,0.007768370999029343,0.1558113689232875,0.027825581484281194,0.16634981500172882,0.015444497193755865,0.07545662403895999,0.2303752539338904,0.058192107406477955,0.426307047363052,0.04841532780860659,0.07214971710984079,0.030778209436215863,0.02614863967470584,0.05135958740959855,0.14731082014703192,0.09068479087416945,0.031021408042473483,0.091370194372922,0.0081510384457868,0.08395576175682629,0.025675224146153003,0.0025196258663454704,0.007347906963293292,0.0690885382009744,0.15938789385064472,0.019565552297603105,0.028777421812352794,0.023102537105422396,0.004507503107136472,0.1103371330766633,0.020540912487403445,0.049461829703829625,0.04744387937438166,0.06071834947794474,0.10445958053523172,0.02258799694284743,0.012999148390692002,0.015980149679410454,0.050283118947596434,0.06665428109331968,0.010087245660695044,0.0004619004502598704,0.024855962846878753,0.006505742899495419,0.0062385036145475884,0.00952352888056413,0.002411622521966869,0.002097434511892006,0.0,0.0,0.05193969161284929,0.002449619636016978,0.0,0.008714911513215472,0.0001063177263414189,0.000650165375802667,0.08628264899197133,0.008007764460068536,0.014869936749411497,0.00237933901469641,0.00005310447116853226,0.028340601746678903,0.01571365587781677,0.00515010497604147,0.0004064693418223687,0.016216264052104135,0.026848309729183395,0.030609298765559005,0.0025590149229364288,0.0005544729853666553,0.0021203779254006334,0.012630926225541027,0.006833021504263774,0.0016206242402878029,0.07076189292649576,0.0,0.0005578712191753691,0.003223653948684204,0.00943231858042888,0.015615242316354529,0.0006757850479637927,0.02697606351376041,0.040218585685665637,0.000028008199700104753,0.004811195784625596,0.01270559315304026,0.001971320266929934,0.011415527494070439,0.01563077841124525,0.0036182488606665954,0.016328575681498043,0.0,0.01588084031897641,0.11605082062463536,0.0044540527968745395,0.2059351071598278,0.0,