{"CalculationResults":{"func":0.003061876333788047,"dfunc":3.0604617915719583,"fcol":0.03742330257456187,"dfcol":4.332360382171341,"y0":[1000.0,1000.0,1000.0,1000.0,1000.0,1000.0,0.0,1000.0,1000.0,1000.0,1000.0],"x1":[0.05,0.07880293000746189,0.1241980355552187,0.1957433820584432,0.3085030407155073,0.4862188704918656,0.511,0.7663094323935531,1.20774857129934,1.903482522614279,3.0],"y1":[1.2162948073612638e-8,0.0000014446550331918396,0.00000817858374028116,0.000024561241905233465,0.00005883368048187923,0.00011820050786951779,0.0,0.0002557106570531582,0.00046421369221506136,0.0007440544194660568,0.0013866667330755934],"dy1":[3.3238458717475856e-9,2.484215152258702e-7,8.698476158889832e-7,0.000002495733567925298,0.000006732415513867541,0.000009999249305361073,100.0,0.000021519314735061613,0.000033700402814857166,0.00004191136110412298,0.00007087734351253853],"x2":[0.005,0.015,0.025,0.035,0.045,0.055,0.065,0.075,0.085,0.095,0.105,0.115,0.125,0.135,0.145,0.155,0.165,0.17500000000000002,0.185,0.195,0.20500000000000002,0.215,0.225,0.23500000000000001,0.245,0.255,0.265,0.275,0.28500000000000003,0.295,0.305,0.315,0.325,0.335,0.34500000000000003,0.355,0.365,0.375,0.385,0.395,0.405,0.41500000000000004,0.425,0.435,0.445,0.455,0.465,0.47500000000000003,0.485,0.495,0.505,0.515,0.525,0.535,0.545,0.555,0.5650000000000001,0.5750000000000001,0.585,0.595,0.605,0.615,0.625,0.635,0.645,0.655,0.665,0.675,0.685,0.6950000000000001,0.705,0.715,0.725,0.735,0.745,0.755,0.765,0.775,0.785,0.795,0.805,0.8150000000000001,0.8250000000000001,0.835,0.845,0.855,0.865,0.875,0.885,0.895,0.905,0.915,0.925,0.935,0.9450000000000001,0.9550000000000001,0.965,0.975,0.985,0.995,1.0050000000000001,1.0150000000000001,1.025,1.035,1.045,1.055,1.065,1.075,1.085,1.095,1.105,1.115,1.125,1.135,1.145,1.155,1.165,1.175,1.185,1.195,1.205,1.215,1.225,1.235,1.245,1.2550000000000001,1.2650000000000001,1.2750000000000001,1.285,1.295,1.305,1.315,1.325,1.335,1.345,1.355,1.365,1.375,1.385,1.395,1.405,1.415,1.425,1.435,1.445,1.455,1.465,1.475,1.485,1.495,1.5050000000000001,1.5150000000000001,1.5250000000000001,1.5350000000000001,1.545,1.555,1.565,1.575,1.585,1.595,1.605,1.615,1.625,1.635,1.645,1.655,1.665,1.675,1.685,1.695,1.705,1.715,1.725,1.735,1.745,1.7550000000000001,1.7650000000000001,1.7750000000000001,1.7850000000000001,1.795,1.805,1.815,1.825,1.835,1.845,1.855,1.865,1.875,1.885,1.895,1.905,1.915,1.925,1.935,1.945,1.955,1.965,1.975,1.985,1.995,2.005,2.015,2.025,2.035,2.045,2.055,2.065,2.075,2.085,2.095,2.105,2.115,2.125,2.1350000000000002,2.145,2.1550000000000002,2.165,2.1750000000000003,2.185,2.195,2.205,2.215,2.225,2.235,2.245,2.255,2.265,2.275,2.285,2.295,2.305,2.315,2.325,2.335,2.345,2.355,2.365,2.375,2.3850000000000002,2.395,2.4050000000000002,2.415,2.4250000000000003,2.435,2.445,2.455,2.465,2.475,2.485,2.495,2.505,2.515,2.525,2.535,2.545,2.555,2.565,2.575,2.585,2.595,2.605,2.615,2.625,2.6350000000000002,2.645,2.6550000000000002,2.665,2.6750000000000003,2.685,2.695,2.705,2.715,2.725,2.735,2.745,2.755,2.765,2.775,2.785,2.795,2.805,2.815,2.825,2.835,2.845,2.855,2.865,2.875,2.8850000000000002,2.895,2.9050000000000002,2.915,2.9250000000000003,2.935,2.945,2.955,2.965,2.975,2.985,2.995],"y2":[0.0,0.0,2.551674394599661e-19,0.000042597787953621613,0.014797747571599846,0.054524389943001475,0.1555456155159293,0.16761399491661055,0.16901424024105824,0.14851976992311597,0.18264505423273825,0.2179417210353759,0.1364067126265484,0.08669108579034498,0.0962937904527772,0.09796432410052161,0.12797797353408347,0.050000949696037536,0.07326624902319019,0.038972090960542966,0.04041626456640665,0.08771421698228274,0.072346738148342,0.05583170092430028,0.04453403034175885,0.04093825178047261,0.09043886823122073,0.054716304233559,0.06931796676744731,0.036823065258583226,0.0412264536307621,0.0243388556703956,0.020982832054051336,0.02974187861795957,0.02669901927485501,0.011622745921476432,0.03040688119651681,0.018125874674463745,0.012257127990639598,0.01638362673712962,0.03976856142638895,0.028211665186217202,0.010536541794007705,0.031001928447352924,0.016908391875124953,0.009937372318116536,0.023066045497287,0.014755514132191847,0.011002592456260424,0.009351419965346464,0.002748280731805612,0.044590112184850206,0.004427102013348298,0.028716517755072078,0.005916129389452894,0.011238353446711457,0.023639868541827577,0.005138113811566829,0.017157488660859897,0.004988125110287354,0.03516664635336601,0.013934899323751583,0.01170390871410197,0.007463102891924558,0.00897694409532197,0.004774207828939474,0.025984512809465624,0.01149261644509527,0.009807213204408069,0.015880502110640193,0.026378706247019143,0.008831605122877595,0.009085326448488713,0.01352181625398335,0.0084102761254293,0.006359294773864852,0.008781640263331744,0.004820991533070726,0.015435082504706224,0.0021813915382667944,0.010734058198305243,0.020684869224503813,0.005803795035062971,0.00486755970816558,0.0023156097927953903,0.004129638546139383,0.012200558781321756,0.0027224648174174002,0.0013787116063322838,0.0034622340249986228,0.005616977405559412,0.0015034569817904716,0.014416285244831642,0.014691067071029577,0.004896954140981041,0.005265558062477282,0.0028809912276706873,0.017286552932788298,0.0005411923201477398,0.005005845739610437,0.0013989449097749594,0.0007981862806353493,0.0013695193040830882,0.0009723910509283292,0.004493079446688553,0.005885949878353547,0.0016493356401438202,0.004026540460430576,0.0013435033733302832,0.010474004823473038,0.003976436934520988,0.011254908823077194,0.0012262384933494335,0.01006098332698466,0.01923409744412258,0.0030480559487737653,0.0010900852286888718,0.0034732060775856536,0.0033337291781496505,0.011001256199678306,0.0021726915800063624,0.0012578584841403642,0.00010728361358578099,0.007076469391560105,0.00039643065149154753,0.008516519750261473,0.0019802265294991592,0.003120588164346686,0.0003601311461637466,0.0035921724192628517,0.007037896092314771,0.0013167785632081648,0.000054965504104489075,0.0001589866432170362,0.0005597375117879336,0.002429732554523077,0.00004190154310279123,0.0009155255341451773,0.003672963421089798,0.0007930811643394168,0.0017764809211896053,0.004895934756595877,0.00012075717677397325,0.0010540972892469974,0.00207832290497408,0.00001814390291691507,0.004161184713977441,0.0003717501451983311,0.00016254136836573864,0.0017271188225620425,0.0051977927184851235,0.007893860649893465,0.0023924859590176077,0.00035785202896099276,0.0071209704907304475,0.0010382374383759421,0.0006234381588264585,0.000009038127900804447,0.02614520051872576,0.00011965394237853027,0.0007342200551862665,0.0008620383179304597,0.0031589400938934775,0.00154022249426126,0.0006879928172386313,0.001097425420216069,0.0005986364847396427,0.009619830628705502,0.004048507024444603,0.0045855812531351335,0.0012347999375412633,0.0003360566980522391,0.00008846191521416576,0.00041722625612090593,0.0075444791304669166,0.0005566680601013774,0.00038861402516315185,0.0007909555532932011,0.0000010437332639779374,0.00037723498104032087,0.0006934860326979753,0.00012925194563323774,0.0011155383717232092,0.00001142771931222935,0.013108963446751457,0.002101187980590494,0.0030830504305564346,0.0033845349700133264,0.0018303910049273162,0.0012393672748754357,9.019986935929492e-7,0.000017083779611212293,0.00022109682306838477,0.000057716418824113785,0.0000012570098671331194,0.0000010186142818089765,0.000035335096425385024,0.0002606565751559203,0.000380268559035695,0.0010244407410529455,0.00003799741459169578,0.000044365648479018706,0.000004357617478533076,0.00004560936346802044,0.0000011322240439910686,2.537415159417728e-8,0.00013064315225311265,0.0000022878617944046736,0.000005452331362579785,0.00005007834790387138,0.00031937998616876807,0.0000510706324428296,0.00013009070176724642,0.0000070652812387588025,0.00022717752027299868,0.0015575346020179656,0.0006456552863184535,0.000135666508291033,0.000088254841739527,4.091789529461137e-7,0.0002555611616148115,0.0014983096083075835,0.0002309883108487671,6.075186639802991e-7,0.0009612237056590789,