{"CalculationResults":{"func":0.6251240192136165,"dfunc":1.6230386840281041,"fcol":1.6303726113928336,"dfcol":1.6132149966668923,"y0":[1000.0,1000.0,1000.0,1000.0,1000.0,1000.0,0.0,1000.0,1000.0,1000.0,1000.0],"x1":[0.05,0.07880293000746189,0.1241980355552187,0.1957433820584432,0.3085030407155073,0.4862188704918656,0.511,0.7663094323935531,1.20774857129934,1.903482522614279,3.0],"y1":[0.0010241542747615564,0.021252584037204973,0.04821185911826953,0.06876189838808354,0.07654973005085586,0.06810370854203097,0.0,0.07416402376391734,0.08116955915236793,0.08633081135651087,0.09955569052961394],"dy1":[0.00013034193453686097,0.00208956205911537,0.0032730990810136192,0.004059906286787941,0.004683971555357254,0.0028768799932938627,100.0,0.0030755598322609354,0.0031212420847591526,0.002826520844327987,0.0031120071501651663],"x2":[0.005,0.015,0.025,0.035,0.045,0.055,0.065,0.075,0.085,0.095,0.105,0.115,0.125,0.135,0.145,0.155,0.165,0.17500000000000002,0.185,0.195,0.20500000000000002,0.215,0.225,0.23500000000000001,0.245,0.255,0.265,0.275,0.28500000000000003,0.295,0.305,0.315,0.325,0.335,0.34500000000000003,0.355,0.365,0.375,0.385,0.395,0.405,0.41500000000000004,0.425,0.435,0.445,0.455,0.465,0.47500000000000003,0.485,0.495,0.505,0.515,0.525,0.535,0.545,0.555,0.5650000000000001,0.5750000000000001,0.585,0.595,0.605,0.615,0.625,0.635,0.645,0.655,0.665,0.675,0.685,0.6950000000000001,0.705,0.715,0.725,0.735,0.745,0.755,0.765,0.775,0.785,0.795,0.805,0.8150000000000001,0.8250000000000001,0.835,0.845,0.855,0.865,0.875,0.885,0.895,0.905,0.915,0.925,0.935,0.9450000000000001,0.9550000000000001,0.965,0.975,0.985,0.995,1.0050000000000001,1.0150000000000001,1.025,1.035,1.045,1.055,1.065,1.075,1.085,1.095,1.105,1.115,1.125,1.135,1.145,1.155,1.165,1.175,1.185,1.195,1.205,1.215,1.225,1.235,1.245,1.2550000000000001,1.2650000000000001,1.2750000000000001,1.285,1.295,1.305,1.315,1.325,1.335,1.345,1.355,1.365,1.375,1.385,1.395,1.405,1.415,1.425,1.435,1.445,1.455,1.465,1.475,1.485,1.495,1.5050000000000001,1.5150000000000001,1.5250000000000001,1.5350000000000001,1.545,1.555,1.565,1.575,1.585,1.595,1.605,1.615,1.625,1.635,1.645,1.655,1.665,1.675,1.685,1.695,1.705,1.715,1.725,1.735,1.745,1.7550000000000001,1.7650000000000001,1.7750000000000001,1.7850000000000001,1.795,1.805,1.815,1.825,1.835,1.845,1.855,1.865,1.875,1.885,1.895,1.905,1.915,1.925,1.935,1.945,1.955,1.965,1.975,1.985,1.995,2.005,2.015,2.025,2.035,2.045,2.055,2.065,2.075,2.085,2.095,2.105,2.115,2.125,2.1350000000000002,2.145,2.1550000000000002,2.165,2.1750000000000003,2.185,2.195,2.205,2.215,2.225,2.235,2.245,2.255,2.265,2.275,2.285,2.295,2.305,2.315,2.325,2.335,2.345,2.355,2.365,2.375,2.3850000000000002,2.395,2.4050000000000002,2.415,2.4250000000000003,2.435,2.445,2.455,2.465,2.475,2.485,2.495,2.505,2.515,2.525,2.535,2.545,2.555,2.565,2.575,2.585,2.595,2.605,2.615,2.625,2.6350000000000002,2.645,2.6550000000000002,2.665,2.6750000000000003,2.685,2.695,2.705,2.715,2.725,2.735,2.745,2.755,2.765,2.775,2.785,2.795,2.805,2.815,2.825,2.835,2.845,2.855,2.865,2.875,2.8850000000000002,2.895,2.9050000000000002,2.915,2.9250000000000003,2.935,2.945,2.955,2.965,2.975,2.985,2.995],"y2":[0.0,9.226864040948216e-31,3.97307065437096e-8,0.0021080421628826536,0.24088982071882514,1.1263958446807332,3.639446458045072,6.065111459952743,7.238529735930351,7.151115296199285,9.17493282579796,8.115264526502022,6.703944667045256,6.779489504619215,6.586481013190041,5.60995701116078,5.663520560708257,5.837047482772962,5.292540299226892,4.062596348672845,4.036980185678468,3.5109402025700067,2.507108245877107,2.4648601449963974,2.5685092432086916,3.0773239227113742,2.09921340825281,2.0529213449850126,2.034536469655142,1.682553434073633,1.9323236928298022,1.160887274035737,1.4423025657371948,1.419610977124601,1.18866901119394,1.2976898144926663,0.9749571992617946,1.142051078563806,1.1120776740321368,1.1095345253977462,1.2355376699870866,0.7689559726618261,1.1536318264674486,1.0036983124909984,0.7492812972118913,1.0555894545671403,0.8961660366275166,1.2990977722972155,0.5064780103381115,0.5605666157599383,0.37446822291128506,1.0039334096622186,0.5244618670681205,0.2845359561137624,0.6948705301565365,0.7088869088120113,0.5496072749350988,0.4149369143475963,0.4204437767943585,0.26730801504521456,0.2958551672151381,0.6417452278921467,0.37211929656670706,0.27452081457948785,0.5613501729558619,0.5628378050021386,0.4403931965502777,0.4487991307848156,0.48777607426358366,0.6831865155755757,0.19653842435752478,0.2462735414737396,0.4109042890629476,0.2717450552926419,0.7482782322160295,0.6059076951200284,0.22111036315911822,0.31939550376755105,0.1257368146254523,0.23034426425564264,0.07142093610871814,0.16824704044234134,0.34669148445901027,0.14167789619769486,0.14185733683683113,0.16608398183209572,0.1395325031696067,0.14197747674779185,0.1134868059932174,0.17364005666336865,0.1582428216359574,0.08523823045816005,0.0835835895826974,0.23136844622000194,0.3074929927921399,0.1728102213530015,0.2149278905265345,0.22188977101431087,0.15430651343176208,0.08138128973150793,0.14386021282991882,0.0816992290203215,0.20085402672586355,0.16851287845695084,0.33855183652631293,0.293249713199847,0.08399193284902329,0.2567523761989867,0.11534927624797187,0.1621154273533583,0.06864717339970487,0.05140217127632764,0.12099046451453425,0.04893477629560924,0.05856755733772332,0.08591230836113237,0.04304228460842537,0.14552509812247597,0.11091483713341962,0.08122200755114628,0.04902684177999762,0.04390165568142451,0.022684652482564967,0.03819463351813288,0.03134179750018901,0.01627312462182279,0.06993532552061404,0.02618983488554381,0.05836730155575702,0.04180330080189479,0.19039820434000085,0.03303700932203274,0.04973594254780796,0.08979087849130454,0.05423137399620325,0.011849580923286432,0.10789988727346177,0.07308720552398855,0.027275880557349183,0.030929016388647347,0.04462484990389484,0.12029061606384334,0.005863356908690109,0.06777916184276447,0.01715082791308029,0.023250630377834418,0.04267259524501654,0.04289751716408005,0.01230609695714166,0.013641506934919374,0.004234447920296964,0.03956423287247817,0.06596508569883519,0.053505067818371194,0.03288909323875483,0.19162339227114575,0.027759442742541364,0.3764049803269701,0.09011716944921061,0.04858460660730362,0.1929256027048542,0.06582059486315323,0.0008414091157050026,0.0126068516596922,0.04263387816112827,0.06912145457510581,0.035680075449969914,0.05387802007038311,0.02198348424487543,0.032907113691414844,0.009682979656471292,0.09462221842774055,0.03664672305547851,0.10110979962353057,0.06762722496854812,0.08083998563635411,0.02014881752787613,0.014061012423082123,0.0172987022067551,0.032747740523947085,0.008510180639591452,0.07112806355160273,0.031083997175703548,0.03552555317321897,0.010290939218229486,0.05270893343068712,0.061038626000171285,0.159245282779044,0.009719576130706906,0.2116716571243713,0.02403237222708876,0.0013021565579203523,0.03877692627189167,0.00007081447219981098,0.015729553306931047,0.03425364125150812,0.010252078507562929,0.015757069163001496,0.08580846269150255,0.033256232725955,0.01062693697632125,0.04323759347226522,0.00969636404509827,0.000877412445913085,0.00031350749414926445,0.0017894919018330729,0.0031188149573454036,0.060749152172864467,0.00030189825454688974,0.016602701482084228,0.04280138324546812,0.00007783654661266308,0.0864408556590357,0.18400852239101662,0.010675326867246428,0.052264555281247654,0.005896619596371419,0.05065360339721829,0.002737442028226912,0.03394763834849751,0.02320889237444236,0.013957865276910546,0.05441010856013077,0.0044602956844871115,0.030463139301533073,0.01741524721342129,0.0,0.0,0.016718484533322715,0.002373561055150083,0.0004345469667663399,0.00648525780634693,0.010622159356323909,0.058162310481910895,0.005160032482393478,0.0017797519502567817,0.0554318722884798,0.0,0.00031237483867798375,0.012143068365321424,0.009215496878422153,0.00003785882805202952,0.005090709593201986,0.009360415769589266,0.009802917848108578,0.000012801158170489715,0.0,