{"CalculationResults":{"func":0.003062003093241365,"dfunc":3.0604340146902094,"fcol":0.03742596110802409,"dfcol":4.332268023086693,"y0":[1000.0,1000.0,1000.0,1000.0,1000.0,1000.0,0.0,1000.0,1000.0,1000.0,1000.0],"x1":[0.05,0.07880293000746189,0.1241980355552187,0.1957433820584432,0.3085030407155073,0.4862188704918656,0.511,0.7663094323935531,1.20774857129934,1.903482522614279,3.0],"y1":[1.2163272742579725e-8,0.0000014448214987232278,0.00000817943526699177,0.00002456428102236166,0.00005883902640715563,0.00011820882201474745,0.0,0.0002557267774868091,0.0004642380563804917,0.0007440840378098694,0.0013867056720814723],"dy1":[3.3238434359756948e-9,2.484453014619028e-7,8.699111753008353e-7,0.0000024960548231634425,0.000006733124382197465,0.000009999940307552772,100.0,0.00002152048993064057,0.00003370198015570983,0.00004191274301487653,0.00007087912919964715],"x2":[0.005,0.015,0.025,0.035,0.045,0.055,0.065,0.075,0.085,0.095,0.105,0.115,0.125,0.135,0.145,0.155,0.165,0.17500000000000002,0.185,0.195,0.20500000000000002,0.215,0.225,0.23500000000000001,0.245,0.255,0.265,0.275,0.28500000000000003,0.295,0.305,0.315,0.325,0.335,0.34500000000000003,0.355,0.365,0.375,0.385,0.395,0.405,0.41500000000000004,0.425,0.435,0.445,0.455,0.465,0.47500000000000003,0.485,0.495,0.505,0.515,0.525,0.535,0.545,0.555,0.5650000000000001,0.5750000000000001,0.585,0.595,0.605,0.615,0.625,0.635,0.645,0.655,0.665,0.675,0.685,0.6950000000000001,0.705,0.715,0.725,0.735,0.745,0.755,0.765,0.775,0.785,0.795,0.805,0.8150000000000001,0.8250000000000001,0.835,0.845,0.855,0.865,0.875,0.885,0.895,0.905,0.915,0.925,0.935,0.9450000000000001,0.9550000000000001,0.965,0.975,0.985,0.995,1.0050000000000001,1.0150000000000001,1.025,1.035,1.045,1.055,1.065,1.075,1.085,1.095,1.105,1.115,1.125,1.135,1.145,1.155,1.165,1.175,1.185,1.195,1.205,1.215,1.225,1.235,1.245,1.2550000000000001,1.2650000000000001,1.2750000000000001,1.285,1.295,1.305,1.315,1.325,1.335,1.345,1.355,1.365,1.375,1.385,1.395,1.405,1.415,1.425,1.435,1.445,1.455,1.465,1.475,1.485,1.495,1.5050000000000001,1.5150000000000001,1.5250000000000001,1.5350000000000001,1.545,1.555,1.565,1.575,1.585,1.595,1.605,1.615,1.625,1.635,1.645,1.655,1.665,1.675,1.685,1.695,1.705,1.715,1.725,1.735,1.745,1.7550000000000001,1.7650000000000001,1.7750000000000001,1.7850000000000001,1.795,1.805,1.815,1.825,1.835,1.845,1.855,1.865,1.875,1.885,1.895,1.905,1.915,1.925,1.935,1.945,1.955,1.965,1.975,1.985,1.995,2.005,2.015,2.025,2.035,2.045,2.055,2.065,2.075,2.085,2.095,2.105,2.115,2.125,2.1350000000000002,2.145,2.1550000000000002,2.165,2.1750000000000003,2.185,2.195,2.205,2.215,2.225,2.235,2.245,2.255,2.265,2.275,2.285,2.295,2.305,2.315,2.325,2.335,2.345,2.355,2.365,2.375,2.3850000000000002,2.395,2.4050000000000002,2.415,2.4250000000000003,2.435,2.445,2.455,2.465,2.475,2.485,2.495,2.505,2.515,2.525,2.535,2.545,2.555,2.565,2.575,2.585,2.595,2.605,2.615,2.625,2.6350000000000002,2.645,2.6550000000000002,2.665,2.6750000000000003,2.685,2.695,2.705,2.715,2.725,2.735,2.745,2.755,2.765,2.775,2.785,2.795,2.805,2.815,2.825,2.835,2.845,2.855,2.865,2.875,2.8850000000000002,2.895,2.9050000000000002,2.915,2.9250000000000003,2.935,2.945,2.955,2.965,2.975,2.985,2.995],"y2":[0.0,0.0,2.553793563578741e-19,0.00004259792765040731,0.014801056366560551,0.054530349749080345,0.1555600487930457,0.1676241513992262,0.16903356999465108,0.14853601653094423,0.182661686520741,0.21795310750208663,0.13641894428747334,0.0867011775192774,0.09629790222258404,0.09797665389599752,0.127986787764587,0.05000254487999913,0.07327287587039968,0.038976550593501545,0.040420855440196114,0.0877185234308552,0.07235252683832179,0.05583804194123263,0.04453598656057171,0.04094437730885285,0.09044036428446711,0.05471815976573863,0.06932766165393214,0.03682578840167213,0.04122860031942729,0.02433895119304136,0.020983634808998362,0.02974381792699133,0.026700976858503235,0.011623819167839618,0.03040851897977432,0.018127226593468347,0.012257605037583524,0.01638394823584591,0.039768998174296515,0.02821312170368754,0.010536761751378645,0.03100269454651746,0.01691048630805771,0.009937707036001938,0.023066379169678682,0.014755795975412692,0.011002775189180988,0.009352423827940238,0.002748491809564874,0.044591206221597984,0.004427164549734259,0.028716724641945385,0.005916402414784437,0.01124069713052224,0.02364029895425402,0.00513829105896506,0.0171583560682679,0.004988619589797138,0.03516777852519266,0.013935625682880964,0.011704941548575595,0.0074635313164539375,0.008977407586452962,0.004774302781401794,0.025988551583693814,0.0114926624940448,0.009807582938235838,0.015881277492103055,0.026378324818685114,0.008832727937342345,0.009085591598153838,0.013524155860850371,0.008410402723218784,0.006359381464476916,0.008782264630235605,0.0048214176775404054,0.015435150101482706,0.002181388187884674,0.01073406562641236,0.020684662314800734,0.005803899046037584,0.004867866677491463,0.0023156779535955076,0.004129624986923874,0.01220137409334284,0.0027226776009101603,0.0013788873189513559,0.0034624319337056304,0.005617219689833547,0.0015035235156522701,0.014416429399513495,0.014693012649526374,0.004896969896609945,0.005266072645702989,0.002881142397362314,0.01728817944659754,0.0005412013843469967,0.005005947603375268,0.0013991175529554471,0.0007982207013488544,0.0013695940941263376,0.0009725014558122552,0.0044934377233111986,0.005886277783560816,0.0016494286447723944,0.004026751355909731,0.0013435992266155577,0.010474639542859232,0.0039765538046960995,0.011254922005756606,0.001226250017503631,0.010061826327712544,0.019236975537676004,0.0030483077251165823,0.001090173325650254,0.0034732164523470638,0.0033339712075365065,0.011001403607894918,0.002172857715930322,0.0012579062243508804,0.00010730230984479463,0.007076385525467667,0.0003964870471436003,0.008516964481023223,0.0019802248874346063,0.0031207969773458166,0.00036015120189045944,0.003592249496677915,0.007038907697252283,0.001316914587589365,0.000054968797792787324,0.0001589924607140142,0.0005597474138023292,0.0024297274463135946,0.00004190440337754294,0.0009155315081809058,0.0036729445719234036,0.0007931282932213505,0.001776451720388993,0.004895937673914976,0.00012076237358283086,0.00105408896351637,0.0020782775276493412,0.00001814629331184077,0.004161550968254935,0.0003717506332350501,0.00016254867397765265,0.0017271823601186756,0.0051981621432114315,0.007894358214248162,0.002392726201000437,0.000357856389183448,0.007121800953191524,0.0010382896676774194,0.0006234739595355463,0.000009038130912991526,0.026147582218414192,0.00011965981813033048,0.000734224553495013,0.0008620418686650338,0.003158926404005019,0.0015402843771986096,0.0006879910704091115,0.0010974252874939004,0.0005986318783515079,0.009620519461989623,0.004048472460134421,0.004585638937279268,0.0012347851454390542,0.0003360599600941201,0.00008846582296721381,0.00041722902559945287,0.007544396479567892,0.0005566689853673335,0.0003886193671878251,0.0007909861297758717,0.0000010437528207016722,0.0003772423730502171,0.0006934962349343233,0.00012925088883667537,0.0011155350978774327,0.000011428126037933836,0.01311031463413758,0.0021012511259599527,0.0030830872147755606,0.00338455423278258,0.0018305168020677453,0.001239490408814917,9.020453289605107e-7,0.000017083655989210467,0.00022111506351363226,0.000057721473540157544,0.0000012571052338299121,0.0000010187217499566849,0.000035335919577278975,0.00026066059679964097,0.00038026421379282785,0.0010244648392642268,0.00003800137517837494,0.00004436743096126977,0.0000043579937313404664,0.00004561305069012153,0.000001132246112121483,2.5375811005410646e-8,0.00013064710424422353,0.0000022878931992103197,0.000005452321360340938,0.00005007995255121569,0.00031940231818193717,0.000051071227353255294,0.00013008877277170035,0.000007065435501697956,0.00022718907693322415,0.0015576904338969449,0.0006457058038793577,0.00013568318483897284,0.00008826348290058049,4.0919589540571313e-7,0.0002555703061301146,0.001498290883886057,0.00023100399952983634,6.075390482053547e-7,0.0009612076558834842,