{"CalculationResults":{"func":0.0030506461295899713,"dfunc":3.170930360205805,"fcol":0.03794525517871895,"dfcol":4.717552194257616,"y0":[1000.0,1000.0,1000.0,1000.0,1000.0,1000.0,0.0,1000.0,1000.0,1000.0,1000.0],"x1":[0.05,0.07880293000746189,0.1241980355552187,0.1957433820584432,0.3085030407155073,0.4862188704918656,0.511,0.7663094323935531,1.20774857129934,1.903482522614279,3.0],"y1":[8.156293907901633e-9,0.0000013528647437173938,0.000008733347425525788,0.000026415073317591697,0.00006111623369545166,0.00008951294625947061,0.0,0.00022040848623062654,0.000476375188064626,0.0007157353028803765,0.0014509885306786775],"dy1":[1.8248403077043062e-9,1.9076569996963633e-7,8.979369623905927e-7,0.0000033096106569046106,0.000006284244222167476,0.000007134502760780971,100.0,0.00001926695800385272,0.00003485428787329412,0.00004168372197553807,0.00007530053363846244],"x2":[0.005,0.015,0.025,0.035,0.045,0.055,0.065,0.075,0.085,0.095,0.105,0.115,0.125,0.135,0.145,0.155,0.165,0.17500000000000002,0.185,0.195,0.20500000000000002,0.215,0.225,0.23500000000000001,0.245,0.255,0.265,0.275,0.28500000000000003,0.295,0.305,0.315,0.325,0.335,0.34500000000000003,0.355,0.365,0.375,0.385,0.395,0.405,0.41500000000000004,0.425,0.435,0.445,0.455,0.465,0.47500000000000003,0.485,0.495,0.505,0.515,0.525,0.535,0.545,0.555,0.5650000000000001,0.5750000000000001,0.585,0.595,0.605,0.615,0.625,0.635,0.645,0.655,0.665,0.675,0.685,0.6950000000000001,0.705,0.715,0.725,0.735,0.745,0.755,0.765,0.775,0.785,0.795,0.805,0.8150000000000001,0.8250000000000001,0.835,0.845,0.855,0.865,0.875,0.885,0.895,0.905,0.915,0.925,0.935,0.9450000000000001,0.9550000000000001,0.965,0.975,0.985,0.995,1.0050000000000001,1.0150000000000001,1.025,1.035,1.045,1.055,1.065,1.075,1.085,1.095,1.105,1.115,1.125,1.135,1.145,1.155,1.165,1.175,1.185,1.195,1.205,1.215,1.225,1.235,1.245,1.2550000000000001,1.2650000000000001,1.2750000000000001,1.285,1.295,1.305,1.315,1.325,1.335,1.345,1.355,1.365,1.375,1.385,1.395,1.405,1.415,1.425,1.435,1.445,1.455,1.465,1.475,1.485,1.495,1.5050000000000001,1.5150000000000001,1.5250000000000001,1.5350000000000001,1.545,1.555,1.565,1.575,1.585,1.595,1.605,1.615,1.625,1.635,1.645,1.655,1.665,1.675,1.685,1.695,1.705,1.715,1.725,1.735,1.745,1.7550000000000001,1.7650000000000001,1.7750000000000001,1.7850000000000001,1.795,1.805,1.815,1.825,1.835,1.845,1.855,1.865,1.875,1.885,1.895,1.905,1.915,1.925,1.935,1.945,1.955,1.965,1.975,1.985,1.995,2.005,2.015,2.025,2.035,2.045,2.055,2.065,2.075,2.085,2.095,2.105,2.115,2.125,2.1350000000000002,2.145,2.1550000000000002,2.165,2.1750000000000003,2.185,2.195,2.205,2.215,2.225,2.235,2.245,2.255,2.265,2.275,2.285,2.295,2.305,2.315,2.325,2.335,2.345,2.355,2.365,2.375,2.3850000000000002,2.395,2.4050000000000002,2.415,2.4250000000000003,2.435,2.445,2.455,2.465,2.475,2.485,2.495,2.505,2.515,2.525,2.535,2.545,2.555,2.565,2.575,2.585,2.595,2.605,2.615,2.625,2.6350000000000002,2.645,2.6550000000000002,2.665,2.6750000000000003,2.685,2.695,2.705,2.715,2.725,2.735,2.745,2.755,2.765,2.775,2.785,2.795,2.805,2.815,2.825,2.835,2.845,2.855,2.865,2.875,2.8850000000000002,2.895,2.9050000000000002,2.915,2.9250000000000003,2.935,2.945,2.955,2.965,2.975,2.985,2.995],"y2":[0.0,0.0,7.2459043282697015e-22,0.0001693041695160618,0.022282021427834257,0.03959198671326768,0.10748206130450866,0.17303082940011572,0.14897605885582102,0.15325973021014033,0.17528796378234102,0.1531355589161801,0.1610566050511083,0.09974038921893412,0.15088861781993873,0.06397736205623088,0.11573990685956388,0.08498064563782598,0.14243835514410527,0.0424533236609509,0.05769347645282825,0.09439420385545189,0.11318749675670621,0.055739349354452294,0.024119405266731838,0.05862178791762225,0.025608767194935253,0.03180549915016873,0.04293472898443107,0.040077846663182065,0.035257851703038606,0.02529425900182061,0.02447466393700934,0.029448743902531806,0.06839837384931018,0.04467912755240244,0.023828935293210115,0.021443346866068864,0.03057554900102111,0.05422182531661032,0.055742392154445125,0.0355493497694989,0.031009555843217185,0.04263462043875902,0.014145222751833707,0.010939302262415585,0.054585417128108736,0.026585915080622698,0.009330926625029587,0.015610163207600572,0.006763405710098451,0.009185331199719537,0.010252328831204282,0.008344767151847295,0.010313140645225524,0.013305265125176857,0.00817021694209448,0.007817387701732645,0.024703955662761828,0.007612774143558395,0.006517373669162822,0.011911830113792758,0.004000581526747326,0.04059287384682032,0.0057316374767428955,0.009180932013834955,0.0064711473173995285,0.002635182240448639,0.007137373796605981,0.00382282473970894,0.012056509808039816,0.005011787493913853,0.003355359306691107,0.011273472797607605,0.00465832278644565,0.001008402494908568,0.014902156576673268,0.0031429595777653515,0.001481877660689336,0.034432388270152485,0.010710163749730644,0.0004330022422864134,0.006548711749546581,0.0016508067528479473,0.0016177831505444142,0.003540022412484749,0.0023095332055344904,0.008826471944970627,0.01661404565263228,0.0015858828378809715,0.0012765393667423638,0.006471174294803479,0.012415711236580949,0.0027544049283284833,0.0018731296305726935,0.00812849448969436,0.007069411109667006,0.002934494808695944,0.0022620546852452033,0.01864899170146617,0.004037753025184719,0.0018227793703164813,0.02742858886427772,0.009457040538917865,0.003051381787579645,0.0006864622395939232,0.007831001588512878,0.0013886502621526923,0.0007570123995566727,0.004136957818808596,0.011774725516932474,0.00786712008638367,0.01011177627149323,0.0010353127471365486,0.006847046725602398,0.014978055352279066,0.0009292943608944634,0.004533333636719302,0.0011326386296835864,0.00887608009945168,0.005202839013915909,0.0006936563962064066,0.0012978633344145547,0.001298357921870053,0.0012994122000706905,0.000029535878602417594,0.000406124674554659,0.00007789099416885878,0.0001710973756724785,0.013599058241739417,0.005997550948830762,0.0040041873848555955,0.0003684139616936055,0.0005247731031910043,0.0014307402509917372,0.004115796051556809,0.01204001056590343,0.00036067996408445434,0.00046140838271372205,0.003692940940789307,0.00013477027953507365,0.015895686850420948,0.0003926306866397307,0.0006039003272887862,0.00008246270331413356,0.000011730021315194208,0.0008680077491025785,0.000883030594278849,0.0004851748366037096,0.0007595244998827102,0.0003590771191254341,0.0003149710073514336,0.00023762858425755502,0.0002917789540520425,0.0014044261322587398,0.0010035481474034462,0.0005364322971728785,0.0019970267961664286,0.00016558595304277138,0.0011211226868924166,0.0015556767731662242,0.0004268231185741273,0.004122450319742709,0.0005743043653528282,0.0015991524228086596,0.00004883724056318349,0.0001553721445387436,0.0004740072815547998,0.0005372641469724359,0.00017225880107074796,2.3316214550653492e-8,0.003523320881039654,0.00013657966911756345,0.000024513671685794686,0.000025348111935977843,0.0024518494299885776,0.0008882697238016366,0.0001319949400495894,0.00006547482120135888,0.0003543250671190638,0.002068486028204409,0.000996317813213677,0.00015048318915756182,0.001264335965516103,0.00013636388304464342,0.006331857265305548,0.00004245610362813192,0.000009057165023619688,0.0025875809455315844,0.013289664164730645,0.0019853271988090502,0.001084384399302621,0.0006877401601282226,0.0005565141605190748,0.0009818196734536805,0.000461956179663119,0.0003036879613204412,0.00012817679453294077,0.0010238656025277069,0.00010387401597995857,0.004425558688376916,0.013815754669913416,0.00005490084333684015,0.00002844067394777413,5.543758979591938e-7,0.0016460861843814842,0.00006527009827220047,0.00017604016217342606,0.0070687208701769744,0.0029844090446784063,0.0007719722392114881,0.00007991131671544016,0.0007560792045054278,0.00016719868695516053,0.0059599919131747316,2.4376492889250955e-7,0.002727840451152816,2.9746641435489425e-7,9.977063730778022e-7,0.0004256354982966026,0.0011665799357306018,0.00001527727367088836,0.005850812184600047,0.00039201598243993453,0.0040574784245354135,0.006102758435678087,