{"CalculationResults":{"func":0.0030308094870170076,"dfunc":3.0354519543392584,"fcol":0.03703496079141288,"dfcol":4.641098383470115,"y0":[1000.0,1000.0,1000.0,1000.0,1000.0,1000.0,0.0,1000.0,1000.0,1000.0,1000.0],"x1":[0.05,0.07880293000746189,0.1241980355552187,0.1957433820584432,0.3085030407155073,0.4862188704918656,0.511,0.7663094323935531,1.20774857129934,1.903482522614279,3.0],"y1":[5.560297068745245e-9,0.0000012064080971185355,0.000009541787949965963,0.000023405983630676635,0.000057613972459256146,0.00011734838042085491,0.0,0.0002227846787422363,0.0003967987435151269,0.0006865132840446819,0.0015155906878600216],"dy1":[1.2879009125545254e-9,1.8221801677405386e-7,0.0000013977019203810115,0.0000027359187581213294,0.000005525316974587409,0.000010283049290872703,100.0,0.000018430126405543223,0.00002473854749011721,0.00003538505647211613,0.00007645182534528626],"x2":[0.005,0.015,0.025,0.035,0.045,0.055,0.065,0.075,0.085,0.095,0.105,0.115,0.125,0.135,0.145,0.155,0.165,0.17500000000000002,0.185,0.195,0.20500000000000002,0.215,0.225,0.23500000000000001,0.245,0.255,0.265,0.275,0.28500000000000003,0.295,0.305,0.315,0.325,0.335,0.34500000000000003,0.355,0.365,0.375,0.385,0.395,0.405,0.41500000000000004,0.425,0.435,0.445,0.455,0.465,0.47500000000000003,0.485,0.495,0.505,0.515,0.525,0.535,0.545,0.555,0.5650000000000001,0.5750000000000001,0.585,0.595,0.605,0.615,0.625,0.635,0.645,0.655,0.665,0.675,0.685,0.6950000000000001,0.705,0.715,0.725,0.735,0.745,0.755,0.765,0.775,0.785,0.795,0.805,0.8150000000000001,0.8250000000000001,0.835,0.845,0.855,0.865,0.875,0.885,0.895,0.905,0.915,0.925,0.935,0.9450000000000001,0.9550000000000001,0.965,0.975,0.985,0.995,1.0050000000000001,1.0150000000000001,1.025,1.035,1.045,1.055,1.065,1.075,1.085,1.095,1.105,1.115,1.125,1.135,1.145,1.155,1.165,1.175,1.185,1.195,1.205,1.215,1.225,1.235,1.245,1.2550000000000001,1.2650000000000001,1.2750000000000001,1.285,1.295,1.305,1.315,1.325,1.335,1.345,1.355,1.365,1.375,1.385,1.395,1.405,1.415,1.425,1.435,1.445,1.455,1.465,1.475,1.485,1.495,1.5050000000000001,1.5150000000000001,1.5250000000000001,1.5350000000000001,1.545,1.555,1.565,1.575,1.585,1.595,1.605,1.615,1.625,1.635,1.645,1.655,1.665,1.675,1.685,1.695,1.705,1.715,1.725,1.735,1.745,1.7550000000000001,1.7650000000000001,1.7750000000000001,1.7850000000000001,1.795,1.805,1.815,1.825,1.835,1.845,1.855,1.865,1.875,1.885,1.895,1.905,1.915,1.925,1.935,1.945,1.955,1.965,1.975,1.985,1.995,2.005,2.015,2.025,2.035,2.045,2.055,2.065,2.075,2.085,2.095,2.105,2.115,2.125,2.1350000000000002,2.145,2.1550000000000002,2.165,2.1750000000000003,2.185,2.195,2.205,2.215,2.225,2.235,2.245,2.255,2.265,2.275,2.285,2.295,2.305,2.315,2.325,2.335,2.345,2.355,2.365,2.375,2.3850000000000002,2.395,2.4050000000000002,2.415,2.4250000000000003,2.435,2.445,2.455,2.465,2.475,2.485,2.495,2.505,2.515,2.525,2.535,2.545,2.555,2.565,2.575,2.585,2.595,2.605,2.615,2.625,2.6350000000000002,2.645,2.6550000000000002,2.665,2.6750000000000003,2.685,2.695,2.705,2.715,2.725,2.735,2.745,2.755,2.765,2.775,2.785,2.795,2.805,2.815,2.825,2.835,2.845,2.855,2.865,2.875,2.8850000000000002,2.895,2.9050000000000002,2.915,2.9250000000000003,2.935,2.945,2.955,2.965,2.975,2.985,2.995],"y2":[0.0,0.0,1.5428621414095737e-30,0.000006870765382018608,0.017030058323938287,0.07730363756339993,0.10331638426696767,0.18309704892893347,0.18262696701626976,0.13426404523012764,0.14540622141233728,0.11381746637144628,0.14979649646963814,0.1897130709596764,0.14148466777169916,0.09431861462396147,0.07959270846957081,0.056150971401700965,0.06551865321437854,0.053315232220117775,0.02814477042177386,0.09349940028147972,0.031093600635152156,0.15456680922595115,0.08051179821630924,0.056111501640229974,0.04195292926424897,0.06150264735468379,0.028939476357868588,0.031453157949398354,0.031053709680242764,0.029950962876083606,0.025996026994724614,0.022977927097420102,0.030688110520957497,0.03332987001367901,0.03664834571611473,0.014645577925545186,0.013623696339245248,0.02663477957428195,0.032301397259429494,0.02524980096821782,0.052649029586746034,0.009348734332569674,0.017924168480026783,0.022755758755885893,0.01611129774257062,0.027389368449878174,0.017430718063540726,0.010326363537533167,0.010903209719789466,0.0437543163894758,0.0044283980246650765,0.010339716909062867,0.013923797448657583,0.026851285284965207,0.0014824953877320523,0.003105881326129526,0.007844296098097014,0.006415021313469873,0.008790902474440624,0.05056717743696029,0.017744804493658454,0.002909643446402227,0.004605073683761023,0.007978124340525652,0.006143608332016139,0.006347525174504428,0.004489074837093821,0.010269201643380632,0.0013997976954155452,0.004241240861857092,0.002480095159820813,0.0014724406299793785,0.0009846840217913265,0.004205573806497687,0.003812965332692174,0.013045982761943109,0.008148183225339879,0.0010414823418220713,0.007494746427701001,0.02554401545656059,0.00808937469989515,0.0013752422495649363,0.0037073535336272323,0.006079362362452393,0.009921681804528022,0.0019086054271850604,0.0028812556809506245,0.00868404247843797,0.0005478533683029932,0.017697469752656497,0.0008381001446283983,0.0057083619801255115,0.0014560210862997803,0.0074621990335116736,0.003937600417060625,0.002382918566052495,0.021635682690276145,0.001863098251289714,0.005291808322076991,0.03018951311029816,0.0015369204376315202,0.0019825608228266306,0.003027153864955719,0.014272384241609249,0.00011554931156828165,0.015414448064912524,0.0009429406818978027,0.008178876131172297,0.0005320436233989758,0.004334771922423991,0.00928276324133865,0.00455203040518118,0.002047717695857752,0.00233456494181006,0.0025100513028166404,0.009463658874818594,0.002272045254173665,0.00029033825734956636,0.002254305444761225,0.00043806721447888397,0.0024200697125808203,0.015058123477479448,0.00021532233173193041,0.0003335107093702372,0.0002609492195065982,0.003230627875938223,0.0030615717416341524,0.00021160458937175843,0.00021290145799819665,0.00272728697881274,0.002118570869353737,0.0009500209638011038,0.00042221172453274145,0.0002541304693494824,0.005898487774360986,0.003734174524488839,0.007594915986403529,0.0007199537902908369,0.0004771661991630931,0.0011692720409633203,0.00027745251718036334,0.0007477731363807742,0.00028043417563741014,0.002335205616122914,0.0006585979528084263,0.014050176655698465,0.002921879517294065,0.006041746505007833,0.000886675424641423,0.0019366472487928645,0.0005978547073830742,0.000766767210737966,0.00711956552986954,0.02032353155953489,0.0037699473626193404,0.01452631488738209,0.00446709079882345,0.0007894127850321079,0.0007580211628624064,0.0022097370590083766,0.002550801062204216,0.0005715909478145642,0.0007440481661007117,0.0010122862409959069,0.0006757957752642071,0.002965199480318143,0.03569812810532817,0.00009096893167360797,0.00005443193613430228,0.0012590846695509721,0.0001680905365567224,0.0012762700784256706,0.00020403930475857421,0.0030921024445247774,0.000026833815563078143,0.0005396655366049987,0.001966574999044717,0.00004288559154728332,0.0007572551995500129,0.00001809486978317545,0.0006936495954139906,0.0000861197213843195,0.0021453331733123915,0.013179654376517705,0.0001673433532958693,0.0003638124135607558,0.000006985619736049393,0.0006544932370543727,0.000008687769459082947,0.000037835705670814676,0.000041894971783658794,0.0008942370580075969,0.003498840907344307,0.000009362976427457966,0.0000847748768932604,0.0009972026093148616,0.00025906585913399024,8.166400292658345e-7,0.0000016901936750241857,0.00002674157518669731,0.00004139493015742503,0.00016830538960764147,0.000016407553069711594,0.010229820597208748,0.0037152305878765234,0.002802043274776102,0.0005591531530455772,0.00022367915658658402,2.846236002117174e-9,0.003780692631750122,0.000020064628703566417,0.00264395503596694,0.00026180694006803167,0.0002255358548472361,3.7884677155696653e-7,0.000034793072489572617,0.00003792218123555617,0.001105142244357639,0.0000027974491838334274,0.000016712025299249625,0.0000439279584594495,0.0012857758083083674,0.00019325033276587918,