{"CalculationResults":{"func":0.006716314956581929,"dfunc":2.9815076004692465,"fcol":0.05819448956893489,"dfcol":4.803555218911638,"y0":[1000.0,1000.0,1000.0,1000.0,1000.0,1000.0,0.0,1000.0,1000.0,1000.0,1000.0],"x1":[0.05,0.07880293000746189,0.1241980355552187,0.1957433820584432,0.3085030407155073,0.4862188704918656,0.511,0.7663094323935531,1.20774857129934,1.903482522614279,3.0],"y1":[5.925373600679428e-9,0.000001563660804902262,0.000013594990145460982,0.00003835574368648893,0.00010270022847478674,0.0001944396548288073,0.0,0.0004825961980545337,0.0010262310018326777,0.0016462578479187872,0.003210569705461882],"dy1":[2.2850863249054517e-9,2.2529337136509299e-7,0.0000015670416245546361,0.000004616100737274266,0.000009553894767555738,0.000018243683650546416,100.0,0.000044666265648979934,0.00007324777560401206,0.00008695003304325365,0.00015309681628807096],"x2":[0.005,0.015,0.025,0.035,0.045,0.055,0.065,0.075,0.085,0.095,0.105,0.115,0.125,0.135,0.145,0.155,0.165,0.17500000000000002,0.185,0.195,0.20500000000000002,0.215,0.225,0.23500000000000001,0.245,0.255,0.265,0.275,0.28500000000000003,0.295,0.305,0.315,0.325,0.335,0.34500000000000003,0.355,0.365,0.375,0.385,0.395,0.405,0.41500000000000004,0.425,0.435,0.445,0.455,0.465,0.47500000000000003,0.485,0.495,0.505,0.515,0.525,0.535,0.545,0.555,0.5650000000000001,0.5750000000000001,0.585,0.595,0.605,0.615,0.625,0.635,0.645,0.655,0.665,0.675,0.685,0.6950000000000001,0.705,0.715,0.725,0.735,0.745,0.755,0.765,0.775,0.785,0.795,0.805,0.8150000000000001,0.8250000000000001,0.835,0.845,0.855,0.865,0.875,0.885,0.895,0.905,0.915,0.925,0.935,0.9450000000000001,0.9550000000000001,0.965,0.975,0.985,0.995,1.0050000000000001,1.0150000000000001,1.025,1.035,1.045,1.055,1.065,1.075,1.085,1.095,1.105,1.115,1.125,1.135,1.145,1.155,1.165,1.175,1.185,1.195,1.205,1.215,1.225,1.235,1.245,1.2550000000000001,1.2650000000000001,1.2750000000000001,1.285,1.295,1.305,1.315,1.325,1.335,1.345,1.355,1.365,1.375,1.385,1.395,1.405,1.415,1.425,1.435,1.445,1.455,1.465,1.475,1.485,1.495,1.5050000000000001,1.5150000000000001,1.5250000000000001,1.5350000000000001,1.545,1.555,1.565,1.575,1.585,1.595,1.605,1.615,1.625,1.635,1.645,1.655,1.665,1.675,1.685,1.695,1.705,1.715,1.725,1.735,1.745,1.7550000000000001,1.7650000000000001,1.7750000000000001,1.7850000000000001,1.795,1.805,1.815,1.825,1.835,1.845,1.855,1.865,1.875,1.885,1.895,1.905,1.915,1.925,1.935,1.945,1.955,1.965,1.975,1.985,1.995,2.005,2.015,2.025,2.035,2.045,2.055,2.065,2.075,2.085,2.095,2.105,2.115,2.125,2.1350000000000002,2.145,2.1550000000000002,2.165,2.1750000000000003,2.185,2.195,2.205,2.215,2.225,2.235,2.245,2.255,2.265,2.275,2.285,2.295,2.305,2.315,2.325,2.335,2.345,2.355,2.365,2.375,2.3850000000000002,2.395,2.4050000000000002,2.415,2.4250000000000003,2.435,2.445,2.455,2.465,2.475,2.485,2.495,2.505,2.515,2.525,2.535,2.545,2.555,2.565,2.575,2.585,2.595,2.605,2.615,2.625,2.6350000000000002,2.645,2.6550000000000002,2.665,2.6750000000000003,2.685,2.695,2.705,2.715,2.725,2.735,2.745,2.755,2.765,2.775,2.785,2.795,2.805,2.815,2.825,2.835,2.845,2.855,2.865,2.875,2.8850000000000002,2.895,2.9050000000000002,2.915,2.9250000000000003,2.935,2.945,2.955,2.965,2.975,2.985,2.995],"y2":[0.0,0.0,1.2730373911540794e-25,0.0000014665745010772894,0.0038871912163433377,0.015313674797291569,0.10146628687260631,0.1563749119162844,0.2876737558534014,0.17144662581104672,0.2249653282106777,0.2347090496866331,0.18787710336479319,0.1530065598934035,0.1924225481402281,0.15609608649546458,0.15316687755314068,0.09124638648887418,0.1561268314452631,0.07008948851312552,0.09718871314938426,0.18256568641890458,0.18886972185800893,0.09313504382786467,0.05930800544555703,0.07843707540773721,0.05044724742909873,0.04649859637190405,0.04608565302234086,0.09227504003318293,0.06499053812230729,0.045635081219242764,0.03753281838979716,0.05217863945025783,0.04298871457278231,0.0802630639256973,0.049537907150445655,0.03586132867455667,0.04802616062238825,0.09789668224072552,0.049885425609619685,0.09189145229066246,0.06664315829392631,0.031594754225688235,0.07146171596881572,0.05864234028069847,0.027233257764003458,0.058441527630794375,0.015663022907969285,0.02748733901699543,0.012670768877006534,0.02537200467314893,0.02866267739703323,0.022184439908067496,0.01894969313230154,0.09669906037951427,0.014090970987612736,0.011093210666390133,0.0511347390370982,0.012187601599491161,0.008466489103618427,0.009882759650091631,0.024640891138775912,0.009229669998650233,0.03774267531187451,0.010168658744174245,0.006495399139004368,0.015639959286616215,0.01150594276941099,0.02668434794424634,0.023509709016269205,0.009241613778617826,0.011166488903529326,0.0080732508853919,0.043016350831978536,0.00274396300598181,0.014622233558476997,0.009941614846294378,0.006353715102351285,0.014227611078365614,0.006543477146378929,0.009696569571439587,0.003483650814648405,0.007352059543693136,0.0015361421951719733,0.0068992462261243,0.0035635961716552057,0.013010904648050943,0.02404258916132538,0.0010700959488945487,0.020932302246626646,0.028379654740954312,0.006695772157116934,0.017901113153512508,0.004752306224785691,0.007593505158271043,0.015371354537343018,0.0038302293614508997,0.004501075908680895,0.011891428266855766,0.012929302321245825,0.016920586289670088,0.046113730582216274,0.0065966741376834075,0.006252668950278073,0.012630760648939518,0.034365488287843596,0.004868000982734811,0.0007639994766529756,0.007251054167714956,0.0025154505109313986,0.016349897212783456,0.015317702648097096,0.010352463999584078,0.002642863695284701,0.0015211871633422085,0.0008792544032037085,0.007791316291748166,0.013370856711058244,0.009856099881143207,0.015313409116058855,0.0009227641478821906,0.002669267848330793,0.003465725316927272,0.0016804372659161787,0.0019440057448784525,0.001494738036604609,0.00012746372589306362,0.0035591147915405795,0.001520308560408886,0.00036231651063728057,0.02476767856451436,0.008368757617898903,0.002081213945259639,0.0020838011718261407,0.000758592063902193,0.023140266143043355,0.009206508020867013,0.028717772234958142,0.0019514632767001546,0.0001947265893897042,0.0019429868619461747,0.0003146478367158737,0.001408186228103252,0.000430414976951398,0.00031997535070888306,0.0012747963265764223,0.0017223817743247012,0.001280910478429281,0.004030298670006024,0.0007138035644266136,0.0006689431785807322,0.003369239628199413,0.0013159245775279018,0.0005054994075209233,0.0004696839504915714,0.0018664848940734323,0.00384640595663197,0.005590143029314984,0.0033157384097699345,0.0006038481806646618,0.000029865641133616,0.0011660492601118099,0.001010507809232819,0.002724188198257171,0.00026817323088171096,0.003160576774734348,0.007080317688463624,0.0004948969062827225,0.0013271716637581015,0.0026739285406573326,0.00676935670070415,0.0001756294922573795,0.0002513027354396514,0.004769233124892084,0.002649546207905187,0.0022574737859171025,0.0028956864407937337,0.00014636176924950523,0.00042927984286826766,0.0056982100203749894,0.0076544071885421925,0.00020504555552087672,0.0004951974681598725,0.0011226882118865527,0.000059174668311613853,0.00025960330443706374,0.00015542744987528083,0.008871711631571584,0.004429832406659466,0.00013446346655078502,0.001645321633976583,0.0019251741962046675,0.003498347982138165,0.0005491862274715596,0.029801899787038833,0.0005058316255948129,0.0008801326066481078,0.00020711169797000273,0.000003080750869626861,5.984230055231703e-7,0.00044959034321507185,0.008979062510837455,0.002996066121199426,0.002316670230096332,0.000054937454026547715,0.00009812116526900191,0.0013535895486459985,0.0003097004553601552,0.03008429249719575,0.001485281076939384,0.010533426341925476,0.00016784379555061883,0.000006841223780865654,0.007963596076769377,2.3645974047339785e-9,0.011609752739958483,0.012568737405683768,0.0026809462307669806,0.0008219433808464572,0.0000020418312583312875,0.009369624703746538,0.007786120421425447,0.0008562433561949919,0.002250324088177772,0.004354681810765988,0.0009749356573695191,0.00016245623243468205,