{"CalculationResults":{"calculation_time":139016.69968391024,"func":0.006679402435299121,"dfunc":2.932070656108516,"fcol":0.05728101377133058,"dfcol":4.770505736332336,"y0":[1000.0,1000.0,1000.0,1000.0,1000.0,1000.0,0.0,1000.0,1000.0,1000.0,1000.0],"x1":[0.05,0.07880293000746189,0.1241980355552187,0.1957433820584432,0.3085030407155073,0.4862188704918656,0.511,0.7663094323935531,1.20774857129934,1.903482522614279,3.0],"y1":[5.588094553187137e-9,0.000001600633189921254,0.000015343759717533917,0.00004229814422883487,0.00010269095131017485,0.00022411524273707923,0.0,0.0004885500041420693,0.0009636103510418916,0.0015626552891115234,0.0032785324717255378],"dy1":[2.3454480993883746e-9,2.542574272719801e-7,0.0000018761150438749551,0.000004971896567921986,0.00001014859206874344,0.00002211983029572829,100.0,0.00004340126449919325,0.00006209575352982355,0.00008434129654918049,0.00015356995525602198],"x2":[0.005,0.015,0.025,0.035,0.045,0.055,0.065,0.075,0.085,0.095,0.105,0.115,0.125,0.135,0.145,0.155,0.165,0.17500000000000002,0.185,0.195,0.20500000000000002,0.215,0.225,0.23500000000000001,0.245,0.255,0.265,0.275,0.28500000000000003,0.295,0.305,0.315,0.325,0.335,0.34500000000000003,0.355,0.365,0.375,0.385,0.395,0.405,0.41500000000000004,0.425,0.435,0.445,0.455,0.465,0.47500000000000003,0.485,0.495,0.505,0.515,0.525,0.535,0.545,0.555,0.5650000000000001,0.5750000000000001,0.585,0.595,0.605,0.615,0.625,0.635,0.645,0.655,0.665,0.675,0.685,0.6950000000000001,0.705,0.715,0.725,0.735,0.745,0.755,0.765,0.775,0.785,0.795,0.805,0.8150000000000001,0.8250000000000001,0.835,0.845,0.855,0.865,0.875,0.885,0.895,0.905,0.915,0.925,0.935,0.9450000000000001,0.9550000000000001,0.965,0.975,0.985,0.995,1.0050000000000001,1.0150000000000001,1.025,1.035,1.045,1.055,1.065,1.075,1.085,1.095,1.105,1.115,1.125,1.135,1.145,1.155,1.165,1.175,1.185,1.195,1.205,1.215,1.225,1.235,1.245,1.2550000000000001,1.2650000000000001,1.2750000000000001,1.285,1.295,1.305,1.315,1.325,1.335,1.345,1.355,1.365,1.375,1.385,1.395,1.405,1.415,1.425,1.435,1.445,1.455,1.465,1.475,1.485,1.495,1.5050000000000001,1.5150000000000001,1.5250000000000001,1.5350000000000001,1.545,1.555,1.565,1.575,1.585,1.595,1.605,1.615,1.625,1.635,1.645,1.655,1.665,1.675,1.685,1.695,1.705,1.715,1.725,1.735,1.745,1.7550000000000001,1.7650000000000001,1.7750000000000001,1.7850000000000001,1.795,1.805,1.815,1.825,1.835,1.845,1.855,1.865,1.875,1.885,1.895,1.905,1.915,1.925,1.935,1.945,1.955,1.965,1.975,1.985,1.995,2.005,2.015,2.025,2.035,2.045,2.055,2.065,2.075,2.085,2.095,2.105,2.115,2.125,2.1350000000000002,2.145,2.1550000000000002,2.165,2.1750000000000003,2.185,2.195,2.205,2.215,2.225,2.235,2.245,2.255,2.265,2.275,2.285,2.295,2.305,2.315,2.325,2.335,2.345,2.355,2.365,2.375,2.3850000000000002,2.395,2.4050000000000002,2.415,2.4250000000000003,2.435,2.445,2.455,2.465,2.475,2.485,2.495,2.505,2.515,2.525,2.535,2.545,2.555,2.565,2.575,2.585,2.595,2.605,2.615,2.625,2.6350000000000002,2.645,2.6550000000000002,2.665,2.6750000000000003,2.685,2.695,2.705,2.715,2.725,2.735,2.745,2.755,2.765,2.775,2.785,2.795,2.805,2.815,2.825,2.835,2.845,2.855,2.865,2.875,2.8850000000000002,2.895,2.9050000000000002,2.915,2.9250000000000003,2.935,2.945,2.955,2.965,2.975,2.985,2.995],"y2":[0.0,0.0,1.2717140628950545e-25,0.0000014647815080882657,0.0027767649459794655,0.011928347086355791,0.10941769692380757,0.1229521154554921,0.30350325354633434,0.18851556881691772,0.17807493039965921,0.18545663434709586,0.16958681576443174,0.15273296724673463,0.17692134137685395,0.15975370150078583,0.15249168617030257,0.10254904096717124,0.10914866829821047,0.07075792581515179,0.10470605530158392,0.17371719255904586,0.2435476221427331,0.11702074607236701,0.06209233381543981,0.0739645652395326,0.04840467021508127,0.05052952771236693,0.028966692130779383,0.09726914761597674,0.08482731931910176,0.05571133046848481,0.029800679600248084,0.05567879873737056,0.03049344700619117,0.08584714901303236,0.0542773315572614,0.0270721745798585,0.05202454576845576,0.14290068296575925,0.030334156701536046,0.03437650556582661,0.0538377345053638,0.02445776543492468,0.06053174637352822,0.049905323392280654,0.028047724738072214,0.0564421276999298,0.012406238116536523,0.022091525664276267,0.018650101826434205,0.03207736725613807,0.019460818722567826,0.021127371060431416,0.03219457358132866,0.02461055735164818,0.01679648349815509,0.010935404648739594,0.014743400051069964,0.012320301393367004,0.006674635834225985,0.029931902661109264,0.02404801331145711,0.004971785504063168,0.03796878617613485,0.014653907810311992,0.00760750200742346,0.030869246758196953,0.028404256948597238,0.024883887850733803,0.028503630874161252,0.00747721020070344,0.009541650852444463,0.00810758102793513,0.03459274331596876,0.014117488685597278,0.0025077553704355043,0.009529048720401175,0.00819948123244818,0.011078830623774424,0.0069800387953734356,0.011787141926636999,0.001815447020066662,0.014207447906023678,0.0043835495769305255,0.01661810110571102,0.0029219541167140707,0.012896196719374906,0.020105214158775052,0.009823736680825194,0.0040037026885232,0.022671495557805982,0.006284394895007315,0.018091845038431222,0.0021865557416013955,0.004377945902872609,0.016585341621111895,0.0025471250353634937,0.0028217318213788127,0.011876831811872301,0.008255629692280775,0.016566607281416467,0.04682710055172435,0.007860687148207205,0.0018122178430229538,0.004659633724198215,0.07103895239582472,0.004674330332327626,0.0017298676789462557,0.011031054164240777,0.002694353268428205,0.05060403118373164,0.004838155772509408,0.005825937924590491,0.0021312660606950125,0.00236596442834044,0.000852768086924681,0.017856843037173525,0.011063954348488479,0.005305736203223642,0.014753913468490464,0.0009924579970310159,0.0027427205436328437,0.004521228049550094,0.0023970997302536243,0.002116469875084338,0.028630005819414304,0.0001374539659727191,0.000321213508990634,0.0014782804802114635,0.00043433014847166424,0.002521369518070175,0.009533384047496339,0.0020608497247096374,0.0023178494468667397,0.0033298702799510996,0.023283215487363913,0.009207658416428694,0.0010807012496431398,0.0017922256417536142,0.00019536805282971794,0.001961406290817029,0.00017411882358341773,0.004912731636378188,0.0016107491602056127,0.0002702193058506791,0.016003573996523468,0.0006397571923979128,0.04161168335176069,0.0006266459412836221,0.00004161644940437038,0.0008019124538694842,0.003283563870496694,0.00012556147645341204,0.0008477731909530162,0.0005169054781616614,0.002243779488348068,0.0038632503847907734,0.0005867017391893689,0.0033027991940687666,0.0017000026462815746,0.00004256571749976477,0.001059582481858513,0.0008781094792914634,0.00785362328370227,0.00020494897427118588,0.0006322218753838679,0.00823799788287759,0.002091409158759198,0.0017130970998336804,0.0036953192671668037,0.006474837433808092,0.0002176715825381684,0.0012231019295003847,0.00004701023517749029,0.01210684838879302,0.00225660992580598,0.00281769604834926,0.00008587674480214016,0.004619620873204706,0.005892835809166148,0.001199192027707277,0.012352947227055376,0.0012605073637385353,0.0011200806959471257,0.00010096280242005961,0.0009285271691702607,0.001155539085530676,0.005808315604325145,0.00035993791728703827,0.00013427463804887722,0.002653993894016131,0.0018012486482051223,0.0034983072481533117,0.0005487289627472174,0.029869454888899888,0.00045761630345089336,0.00011818560184027001,0.00020715135534102064,0.00004017725905318656,1.7025522741504494e-7,0.0030782216650398677,0.000032510925672703635,0.0032726497340375164,0.00009367059378780051,0.00005495653489926489,0.0024889303602220777,0.0023280498627933476,0.0003101337307528544,0.030084495235738456,0.0014849568367738025,0.01053274822098487,0.0000032203800288843974,0.0009524422455505902,0.00787080967189431,2.364534202849526e-9,0.011445312807665078,0.012603772916413163,0.0026692485293515165,0.0008218599843320953,0.0000020356807696238295,0.0076028696953640215,0.011297220315110532,0.0008561664431499453,0.00007201520257151503,0.004354199667589863,