{"CalculationResults":{"func":0.00671663357245076,"dfunc":2.981433442607516,"fcol":0.05820498229890342,"dfcol":4.8031966953986585,"y0":[1000.0,1000.0,1000.0,1000.0,1000.0,1000.0,0.0,1000.0,1000.0,1000.0,1000.0],"x1":[0.05,0.07880293000746189,0.1241980355552187,0.1957433820584432,0.3085030407155073,0.4862188704918656,0.511,0.7663094323935531,1.20774857129934,1.903482522614279,3.0],"y1":[5.925715322461398e-9,0.0000015638614397328243,0.000013596456870352656,0.00003835981925049013,0.00010270965746773207,0.00019445478766108953,0.0,0.0004826310388629068,0.0010262866899192356,0.0016463415233686483,0.00321068381189525],"dy1":[2.2851922260799434e-9,2.253081010505211e-7,0.0000015671198956798888,0.000004616305107818505,0.0000095543356420804,0.00001824433039214204,100.0,0.0000446675314260474,0.00007324949311972293,0.00008695256865866843,0.0001530996416830205],"x2":[0.005,0.015,0.025,0.035,0.045,0.055,0.065,0.075,0.085,0.095,0.105,0.115,0.125,0.135,0.145,0.155,0.165,0.17500000000000002,0.185,0.195,0.20500000000000002,0.215,0.225,0.23500000000000001,0.245,0.255,0.265,0.275,0.28500000000000003,0.295,0.305,0.315,0.325,0.335,0.34500000000000003,0.355,0.365,0.375,0.385,0.395,0.405,0.41500000000000004,0.425,0.435,0.445,0.455,0.465,0.47500000000000003,0.485,0.495,0.505,0.515,0.525,0.535,0.545,0.555,0.5650000000000001,0.5750000000000001,0.585,0.595,0.605,0.615,0.625,0.635,0.645,0.655,0.665,0.675,0.685,0.6950000000000001,0.705,0.715,0.725,0.735,0.745,0.755,0.765,0.775,0.785,0.795,0.805,0.8150000000000001,0.8250000000000001,0.835,0.845,0.855,0.865,0.875,0.885,0.895,0.905,0.915,0.925,0.935,0.9450000000000001,0.9550000000000001,0.965,0.975,0.985,0.995,1.0050000000000001,1.0150000000000001,1.025,1.035,1.045,1.055,1.065,1.075,1.085,1.095,1.105,1.115,1.125,1.135,1.145,1.155,1.165,1.175,1.185,1.195,1.205,1.215,1.225,1.235,1.245,1.2550000000000001,1.2650000000000001,1.2750000000000001,1.285,1.295,1.305,1.315,1.325,1.335,1.345,1.355,1.365,1.375,1.385,1.395,1.405,1.415,1.425,1.435,1.445,1.455,1.465,1.475,1.485,1.495,1.5050000000000001,1.5150000000000001,1.5250000000000001,1.5350000000000001,1.545,1.555,1.565,1.575,1.585,1.595,1.605,1.615,1.625,1.635,1.645,1.655,1.665,1.675,1.685,1.695,1.705,1.715,1.725,1.735,1.745,1.7550000000000001,1.7650000000000001,1.7750000000000001,1.7850000000000001,1.795,1.805,1.815,1.825,1.835,1.845,1.855,1.865,1.875,1.885,1.895,1.905,1.915,1.925,1.935,1.945,1.955,1.965,1.975,1.985,1.995,2.005,2.015,2.025,2.035,2.045,2.055,2.065,2.075,2.085,2.095,2.105,2.115,2.125,2.1350000000000002,2.145,2.1550000000000002,2.165,2.1750000000000003,2.185,2.195,2.205,2.215,2.225,2.235,2.245,2.255,2.265,2.275,2.285,2.295,2.305,2.315,2.325,2.335,2.345,2.355,2.365,2.375,2.3850000000000002,2.395,2.4050000000000002,2.415,2.4250000000000003,2.435,2.445,2.455,2.465,2.475,2.485,2.495,2.505,2.515,2.525,2.535,2.545,2.555,2.565,2.575,2.585,2.595,2.605,2.615,2.625,2.6350000000000002,2.645,2.6550000000000002,2.665,2.6750000000000003,2.685,2.695,2.705,2.715,2.725,2.735,2.745,2.755,2.765,2.775,2.785,2.795,2.805,2.815,2.825,2.835,2.845,2.855,2.865,2.875,2.8850000000000002,2.895,2.9050000000000002,2.915,2.9250000000000003,2.935,2.945,2.955,2.965,2.975,2.985,2.995],"y2":[0.0,0.0,1.273184512603396e-25,0.000001467091902738828,0.0038895283300647648,0.015319439226805924,0.101489507401028,0.15642267931740586,0.28772006402885886,0.17148796682131356,0.22503238640786283,0.234753794815912,0.1879372001553351,0.1530447947023592,0.19247114043661095,0.15613263173126768,0.15321993505696893,0.09128110867597337,0.15615294113360087,0.07010739755276878,0.09721998759942523,0.18259406129138023,0.18890293103068034,0.09314775310827711,0.059315406937613474,0.07845172803544223,0.05045837195513281,0.046508183364606104,0.04609283111413005,0.09228556699531915,0.06500223809746947,0.0456402133878339,0.03754221378519385,0.0521957489100902,0.04299616542154436,0.08026781288031937,0.04954390532731497,0.03586842563198167,0.04803989197413896,0.09791249589648335,0.04989256054932695,0.09189981743263867,0.06664721278579838,0.031603015480874436,0.07146515982658588,0.05864760441392988,0.027236928579680096,0.05845577470170193,0.015665188885605058,0.027492071629115145,0.012671335136108203,0.025376189888365926,0.028666791255845633,0.022187452876683098,0.01895371669544079,0.0967034947736698,0.014093689959225764,0.011093825952420927,0.05114832340699947,0.012191000867816678,0.00846793887999218,0.009883291604594505,0.024641620589377043,0.009230079663392914,0.03774503843619625,0.0101708205861336,0.006495654597593745,0.015641974097857718,0.0115096367159505,0.026685666949658585,0.023510412643813,0.009242446030353974,0.011168055503145103,0.008074579108697922,0.0430193111832166,0.002744249942005532,0.014622554134963906,0.009941909832049201,0.0063539846453141945,0.014229298157441707,0.00654386187891799,0.009696864179899782,0.0034837996549969556,0.007352390732926311,0.0015361947101623268,0.006899941628257049,0.003563921264294802,0.013014132635114604,0.024045144013225547,0.0010701832611647879,0.02093267256666764,0.028380346906525585,0.006695940160807582,0.01790589692841424,0.004752414334730075,0.007593914677655106,0.015371964453510554,0.0038303568627140894,0.004502130684623665,0.011891683651938184,0.012930292656341089,0.016920998600026327,0.04611484104898121,0.006598150864420978,0.006253921068642181,0.012631121173160852,0.03437007886838572,0.004868409392542744,0.0007641335718472217,0.007252009780707955,0.0025161881754770473,0.01635266236045852,0.015321755449520347,0.010352709878392177,0.002643074638170716,0.0015212569384363557,0.000879317963697333,0.007791447699698445,0.013371312985556997,0.00985634297847741,0.015315069902534395,0.0009227832150955081,0.0026693795070520812,0.0034662304886791846,0.0016804994106498217,0.0019441268717045135,0.0014947650960319377,0.00012746596846314572,0.0035591754474001316,0.0015203481525612745,0.00036238378621290053,0.024768040740464597,0.00836889269262092,0.002081243661728328,0.0020838308027030287,0.0007586059290636118,0.02314058438773172,0.009208901096962683,0.028718254253010563,0.0019515587428739194,0.00019477054759664065,0.001943023276425725,0.00031468581032226983,0.0014082823191667437,0.0004304480106310626,0.0003199952133084506,0.001274814061787062,0.0017224387636398388,0.0012809333736642152,0.004030398300902472,0.0007138147212764949,0.0006690265194950658,0.0033697919290662085,0.0013159497477917659,0.0005055975176794588,0.0004696983605921701,0.0018665105627459024,0.0038464819994268114,0.0055902620423217255,0.0033164222033969944,0.0006038620977814841,0.00002987089234168679,0.0011660670037896442,0.0010105430301552449,0.0027246979618126325,0.0002681768471070356,0.0031606416126453724,0.007080417118717699,0.0004949203431285836,0.0013271882517370964,0.0026739624349309556,0.0067696294218081016,0.00017563221074696057,0.00025130849913185114,0.004769293273829854,0.0026495940360633714,0.0022575032325229233,0.002895795342933399,0.00014636353408303926,0.0004293774115096264,0.0056982984709830105,0.0076546687753768095,0.00020504907100798308,0.0004952074073765817,0.0011227624060247254,0.00005917585143485015,0.0002596436762897758,0.00015543698134171135,0.00887186153726817,0.004430209444324441,0.0001344661528399152,0.0016453460363374376,0.0019252006689050665,0.0034990368120227594,0.0005492942103870479,0.029809532432726608,0.0005058385075774731,0.0008801520352459931,0.00020711451144638703,0.000003080785812881608,5.984302221343418e-7,0.0004495971960652594,0.00897921581829801,0.002996108837133114,0.0023167204088679885,0.0000549380606409497,0.00009812497589869435,0.001353660292431028,0.00030972806138350743,0.030084967025239398,0.0014853037144026864,0.010533540082694953,0.00016788203036182842,0.000006841296648378498,0.007963685878132603,2.3646224877702815e-9,0.011610127011775254,0.012568875257728764,0.002681079650367526,0.0008219530048497789,0.000002041853719249282,0.009369740856446197,0.007786255587061109,0.0008562528237206026,0.0022503482989004752,0.0043547342790959225,0.0009749485070605872,0.00016248918705658963,