{"CalculationResults":{"func":0.622680766232768,"dfunc":1.6712300425477409,"fcol":1.6732608431478917,"dfcol":1.787126405133237,"y0":[1000.0,1000.0,1000.0,1000.0,1000.0,1000.0,0.0,1000.0,1000.0,1000.0,1000.0],"x1":[0.05,0.07880293000746189,0.1241980355552187,0.1957433820584432,0.3085030407155073,0.4862188704918656,0.511,0.7663094323935531,1.20774857129934,1.903482522614279,3.0],"y1":[0.0008987817620492032,0.02005137762571449,0.04791801554308302,0.06958598989922944,0.07351985470369542,0.07481258498637143,0.0,0.07777549390640093,0.07727990382766325,0.08370727219416224,0.09713149178439859],"dy1":[0.00010290681075350859,0.0017783388671619813,0.0028330129546414173,0.00407460631708251,0.004428532220023525,0.0034533406811281158,100.0,0.0033750825668573607,0.0036243476617817006,0.0029579398550161535,0.0033834605202890475],"x2":[0.005,0.015,0.025,0.035,0.045,0.055,0.065,0.075,0.085,0.095,0.105,0.115,0.125,0.135,0.145,0.155,0.165,0.17500000000000002,0.185,0.195,0.20500000000000002,0.215,0.225,0.23500000000000001,0.245,0.255,0.265,0.275,0.28500000000000003,0.295,0.305,0.315,0.325,0.335,0.34500000000000003,0.355,0.365,0.375,0.385,0.395,0.405,0.41500000000000004,0.425,0.435,0.445,0.455,0.465,0.47500000000000003,0.485,0.495,0.505,0.515,0.525,0.535,0.545,0.555,0.5650000000000001,0.5750000000000001,0.585,0.595,0.605,0.615,0.625,0.635,0.645,0.655,0.665,0.675,0.685,0.6950000000000001,0.705,0.715,0.725,0.735,0.745,0.755,0.765,0.775,0.785,0.795,0.805,0.8150000000000001,0.8250000000000001,0.835,0.845,0.855,0.865,0.875,0.885,0.895,0.905,0.915,0.925,0.935,0.9450000000000001,0.9550000000000001,0.965,0.975,0.985,0.995,1.0050000000000001,1.0150000000000001,1.025,1.035,1.045,1.055,1.065,1.075,1.085,1.095,1.105,1.115,1.125,1.135,1.145,1.155,1.165,1.175,1.185,1.195,1.205,1.215,1.225,1.235,1.245,1.2550000000000001,1.2650000000000001,1.2750000000000001,1.285,1.295,1.305,1.315,1.325,1.335,1.345,1.355,1.365,1.375,1.385,1.395,1.405,1.415,1.425,1.435,1.445,1.455,1.465,1.475,1.485,1.495,1.5050000000000001,1.5150000000000001,1.5250000000000001,1.5350000000000001,1.545,1.555,1.565,1.575,1.585,1.595,1.605,1.615,1.625,1.635,1.645,1.655,1.665,1.675,1.685,1.695,1.705,1.715,1.725,1.735,1.745,1.7550000000000001,1.7650000000000001,1.7750000000000001,1.7850000000000001,1.795,1.805,1.815,1.825,1.835,1.845,1.855,1.865,1.875,1.885,1.895,1.905,1.915,1.925,1.935,1.945,1.955,1.965,1.975,1.985,1.995,2.005,2.015,2.025,2.035,2.045,2.055,2.065,2.075,2.085,2.095,2.105,2.115,2.125,2.1350000000000002,2.145,2.1550000000000002,2.165,2.1750000000000003,2.185,2.195,2.205,2.215,2.225,2.235,2.245,2.255,2.265,2.275,2.285,2.295,2.305,2.315,2.325,2.335,2.345,2.355,2.365,2.375,2.3850000000000002,2.395,2.4050000000000002,2.415,2.4250000000000003,2.435,2.445,2.455,2.465,2.475,2.485,2.495,2.505,2.515,2.525,2.535,2.545,2.555,2.565,2.575,2.585,2.595,2.605,2.615,2.625,2.6350000000000002,2.645,2.6550000000000002,2.665,2.6750000000000003,2.685,2.695,2.705,2.715,2.725,2.735,2.745,2.755,2.765,2.775,2.785,2.795,2.805,2.815,2.825,2.835,2.845,2.855,2.865,2.875,2.8850000000000002,2.895,2.9050000000000002,2.915,2.9250000000000003,2.935,2.945,2.955,2.965,2.975,2.985,2.995],"y2":[0.0,5.169386465715478e-35,4.462257320977348e-8,0.0022998667175756528,0.21461745769880955,1.1413202335058972,3.3903016087224986,6.039760031124661,7.167222559184171,8.088726468444206,7.302303112338197,9.659882673382254,6.989645415378185,6.295954629326852,6.0106782101421246,6.348586428829284,5.578164368051053,5.1496083541586115,5.902574916993545,4.278524905797244,3.9057077234293525,2.835586557597515,3.0448088139244733,3.206706716774011,3.205987837653039,2.9246657227627457,2.471689023888613,2.4144145883622095,2.4252249793206033,1.932030798026233,2.141692728833832,1.3252794717248142,1.275382207847173,1.1009364205184362,1.2541765317514146,1.1751241301158857,1.1144513069298563,1.1891273881936542,1.516859644575651,1.1111429229942207,1.0708249957760096,0.9100515141727382,1.3795458934253932,0.9081980095089476,0.8533879053896566,0.6209974643818755,1.4178826784880962,0.8933060105102296,0.4687392677496371,0.8689174850340332,0.5691038993935403,1.005716560869526,0.5424352366411288,0.5788580579322922,0.4751131908707285,0.5803305484331748,0.3517561066799158,0.44716490563289685,0.5540410455084495,0.5306373586349545,0.9472668049773165,0.27979559993472125,0.4763158104839291,0.31199212357085776,0.45882383249946523,0.3237321616991878,0.6246118654649429,0.4082310604411827,0.24769169140717012,0.346510978631989,0.41486516689091213,0.24954045868712893,0.2780046249717283,0.2659296150841338,0.414388392528242,0.14993544707254208,0.5579607301093678,0.15485453162692542,0.15318770582158447,0.1839245777298576,0.21477508520243432,0.1098048550024096,0.15236439189973916,0.17348217107039957,0.15687191428300468,0.157490688525811,0.19142449620412122,0.2977100294059639,0.17985476553541513,0.13794923827616437,0.06794363881611915,0.24309955713019843,0.25540365115784686,0.16872145260263818,0.2457507732810083,0.1896172297950997,0.13350611601249307,0.2691526483635849,0.09888657520569887,0.14748371535393223,0.2327527437324063,0.12633026145455495,0.27007654539938797,0.1787769977901626,0.09350003553257366,0.11077068973130974,0.3132692805960913,0.15419934259598045,0.26213007642824904,0.2335523020973265,0.0768372764736881,0.14524364964352773,0.107269839969482,0.15578862903912197,0.11555980720987233,0.36376603862817736,0.19825381409161008,0.12065612370017653,0.03231012674253958,0.03747522204617431,0.07404742962772758,0.02863326801464367,0.07298738136387974,0.01906627190898351,0.03796032518698437,0.053500756067680275,0.02387018021434533,0.05652620227578972,0.0407222540025438,0.11958517414619464,0.10237116429499796,0.15541430338600695,0.06848956159374596,0.035280177107497375,0.03147695857231458,0.01988307789252041,0.1320301676932708,0.009379010438969455,0.03148901868006852,0.1427821243057233,0.07169132346672973,0.06417060413667976,0.04970786736795538,0.034505755426385676,0.03203334498793935,0.022059090053522922,0.005904141107984656,0.021397792443052815,0.023307664214872757,0.2041753628980671,0.02136431841281395,0.02684364119436249,0.03497148206782304,0.028907547740533064,0.1817780110408274,0.02713465163384006,0.03768222721265479,0.03717002300671329,0.026550163874686224,0.01107598540503126,0.10857940721857043,0.02505330429347747,0.02831791605610635,0.03325908313929804,0.029614074415949355,0.028423999283031846,0.07783632403093879,0.035389965274872925,0.09438554627762971,0.037467983902719965,0.02803334443531796,0.039214585759142676,0.0916882363258649,0.18426552124098616,0.006722016412835156,0.0024513334506856225,0.053789781448202706,0.0040684463994415596,0.011899584272661103,0.0026626868215678043,0.15197776181450287,0.10798924121863443,0.0041128513782711885,0.01947779845636252,0.03791230726102991,0.08176685932311677,0.12235707119852157,0.11045225402519036,0.07135620432264128,0.01919131681774331,0.023841276603146215,0.013903784475104057,0.0024067874687539906,0.004416538070598329,0.010156449898611235,0.00007854989089643456,0.0,0.026256657749951767,0.02154309244409704,0.07636139755698527,0.10810067927739782,0.6132124147721527,0.009262729283228459,0.008053096540842932,0.001885120555214378,0.004151368966485558,0.005179960431239998,0.0,0.016513670112344028,0.00010485787896613734,0.0553314426707232,0.007335201814248313,0.0071146212471714316,0.15988304652232227,0.01653662621267351,0.0038333169618273194,0.0,0.004614987308604373,0.018021086467910303,0.0008854565133459428,0.0007890736970975409,0.001154241041864518,0.006643382872482419,0.0008790248428475012,0.03734655138801393,0.008479635766710725,0.01105493564863842,0.000500448995287985,0.028663510696140256,0.0,0.00029183585325982434,0.011072002574829383,0.004307487645623191,0.028470775108530643,0.0068588317208149625,0.0076612152075666295,0.0003613265624783815,0.034750709863019494,0.014300410934258257,0.0031298949863375653,0.049342054140786726,0.006541575946737597,0.0025195483634577074,0.00003569783932887667,0.021292100040698543,0.014225908153377907,0.009775447155494037,