{"CalculationResults":{"func":0.6212311866012927,"dfunc":1.6339994394872819,"fcol":1.6367414474658677,"dfcol":1.6765022849459517,"y0":[1000.0,1000.0,1000.0,1000.0,1000.0,1000.0,0.0,1000.0,1000.0,1000.0,1000.0],"x1":[0.05,0.07880293000746189,0.1241980355552187,0.1957433820584432,0.3085030407155073,0.4862188704918656,0.511,0.7663094323935531,1.20774857129934,1.903482522614279,3.0],"y1":[0.0008137709997446589,0.018466120108543354,0.05583493051892392,0.06998431845144838,0.0688424308017183,0.07091531270552076,0.0,0.08595714771184382,0.0795211302359092,0.07875656540627021,0.09213945966137019],"dy1":[0.0000917828816693389,0.001358080683773101,0.003958611638574081,0.003983407097527924,0.004002764476848542,0.003664888896921071,100.0,0.003604776391204538,0.0030207430320880273,0.002512291600686572,0.0027528143291816395],"x2":[0.005,0.015,0.025,0.035,0.045,0.055,0.065,0.075,0.085,0.095,0.105,0.115,0.125,0.135,0.145,0.155,0.165,0.17500000000000002,0.185,0.195,0.20500000000000002,0.215,0.225,0.23500000000000001,0.245,0.255,0.265,0.275,0.28500000000000003,0.295,0.305,0.315,0.325,0.335,0.34500000000000003,0.355,0.365,0.375,0.385,0.395,0.405,0.41500000000000004,0.425,0.435,0.445,0.455,0.465,0.47500000000000003,0.485,0.495,0.505,0.515,0.525,0.535,0.545,0.555,0.5650000000000001,0.5750000000000001,0.585,0.595,0.605,0.615,0.625,0.635,0.645,0.655,0.665,0.675,0.685,0.6950000000000001,0.705,0.715,0.725,0.735,0.745,0.755,0.765,0.775,0.785,0.795,0.805,0.8150000000000001,0.8250000000000001,0.835,0.845,0.855,0.865,0.875,0.885,0.895,0.905,0.915,0.925,0.935,0.9450000000000001,0.9550000000000001,0.965,0.975,0.985,0.995,1.0050000000000001,1.0150000000000001,1.025,1.035,1.045,1.055,1.065,1.075,1.085,1.095,1.105,1.115,1.125,1.135,1.145,1.155,1.165,1.175,1.185,1.195,1.205,1.215,1.225,1.235,1.245,1.2550000000000001,1.2650000000000001,1.2750000000000001,1.285,1.295,1.305,1.315,1.325,1.335,1.345,1.355,1.365,1.375,1.385,1.395,1.405,1.415,1.425,1.435,1.445,1.455,1.465,1.475,1.485,1.495,1.5050000000000001,1.5150000000000001,1.5250000000000001,1.5350000000000001,1.545,1.555,1.565,1.575,1.585,1.595,1.605,1.615,1.625,1.635,1.645,1.655,1.665,1.675,1.685,1.695,1.705,1.715,1.725,1.735,1.745,1.7550000000000001,1.7650000000000001,1.7750000000000001,1.7850000000000001,1.795,1.805,1.815,1.825,1.835,1.845,1.855,1.865,1.875,1.885,1.895,1.905,1.915,1.925,1.935,1.945,1.955,1.965,1.975,1.985,1.995,2.005,2.015,2.025,2.035,2.045,2.055,2.065,2.075,2.085,2.095,2.105,2.115,2.125,2.1350000000000002,2.145,2.1550000000000002,2.165,2.1750000000000003,2.185,2.195,2.205,2.215,2.225,2.235,2.245,2.255,2.265,2.275,2.285,2.295,2.305,2.315,2.325,2.335,2.345,2.355,2.365,2.375,2.3850000000000002,2.395,2.4050000000000002,2.415,2.4250000000000003,2.435,2.445,2.455,2.465,2.475,2.485,2.495,2.505,2.515,2.525,2.535,2.545,2.555,2.565,2.575,2.585,2.595,2.605,2.615,2.625,2.6350000000000002,2.645,2.6550000000000002,2.665,2.6750000000000003,2.685,2.695,2.705,2.715,2.725,2.735,2.745,2.755,2.765,2.775,2.785,2.795,2.805,2.815,2.825,2.835,2.845,2.855,2.865,2.875,2.8850000000000002,2.895,2.9050000000000002,2.915,2.9250000000000003,2.935,2.945,2.955,2.965,2.975,2.985,2.995],"y2":[0.0,1.3495242346032547e-42,1.8908057810051255e-8,0.0019597058761241554,0.20184389365876934,1.1357310880275535,3.8451401813184405,6.115419566744919,7.297703708540054,8.153881440337466,8.069779883780747,8.294484791057675,7.848740506205221,6.159729797462066,6.190126734733429,5.9137782586927345,6.101606856175113,5.451926162574664,5.924841873828345,3.98348384030605,2.5711519892619266,2.7435231505862854,2.831726789277935,2.34410638450937,2.251644580031277,2.3059566859005054,3.083939355637319,2.716366702072947,2.3010003433816135,1.9597964086162212,2.311036539130696,1.4156318540637765,1.42294646034231,1.4789540655591895,1.1823038131475523,1.3614820906583425,0.999749447677516,0.9143152826986536,1.103795672198632,1.6079836502776612,0.8945151105570932,0.9677529344743139,0.8379863400094517,0.7586595605302183,0.7408253023735953,0.9365693976514409,0.9121911054858151,0.6438013308063101,1.1467001818885993,0.9010415616481007,0.6010908077615902,0.9937765976732905,0.5816664652496583,0.2648253866262443,0.6226886475073188,0.5252845505148439,0.3354748043128411,0.2268322056435117,0.29300924151797697,0.4060027447166261,0.3775897614931059,0.2698356665645961,0.3450875008317532,0.29022860981733467,0.2721507598987586,0.4000419455533476,0.42455680335380136,0.1687454724530764,0.3325595462161054,0.43063196530685804,0.5496921975950099,0.2896197745454318,0.28899071376445395,0.37025743131168487,0.6013345741852595,0.47209459192354697,1.3783561579171968,0.4131324119248563,0.4055679295754367,0.09779437180740921,0.1485057603618564,0.16176338700156873,0.1867232816330533,0.20214856273382314,0.11457872297954469,0.24072869531545177,0.32442313539173484,0.17618803655813062,0.08672684192163194,0.0467439121906904,0.12123595520777714,0.14843714556162016,0.07969893343345975,0.093723542700391,0.14873320905875215,0.27848015781106694,0.04892107284946688,0.07834043004616928,0.17444870378729543,0.31767135860777646,0.027951583183402212,0.11198221677320072,0.08091116882952028,0.11436646834583217,0.15576198364922028,0.05166875717969399,0.06041688603916091,0.04646383171799807,0.12710757184776555,0.11178557829757547,0.14311836570632683,0.0789011728779756,0.13354247661097302,0.21169108533100958,0.23162388635986736,0.16955712263012387,0.24327574528613843,0.14473955917147596,0.26122813376666854,0.4010318953902978,0.08368187260493092,0.018040383470641484,0.03671825721089528,0.0734420597370017,0.053201189513083606,0.0965824668031219,0.040835420370572764,0.02990105053896935,0.010818322556619499,0.05290589092276033,0.3279369427625952,0.06315949546355837,0.03285547158914649,0.007182822692030944,0.13054027785988928,0.0244653289012265,0.05854154764675262,0.004804653750070985,0.13609567461224079,0.0489243635362937,0.0096538528616644,0.0641973738820946,0.024304114300603613,0.02825092859934602,0.034693226927759,0.06192742963839732,0.005123982506589674,0.11958888382568206,0.004358926829367695,0.17031194697417418,0.0050630596984425165,0.005251880101051846,0.0077678819227204755,0.15579709470284556,0.02782516707834755,0.16633097060850688,0.01544264201208404,0.07545675341169665,0.23035965705578618,0.058191803733395116,0.4262907710806174,0.048414271251100434,0.07214980263340694,0.030776585170460724,0.026147640798187228,0.05135902183521713,0.14730399203711705,0.09068031380331229,0.031019650014184847,0.09137024380852235,0.008150724374053214,0.08394651285995584,0.025673552627154213,0.0025196360085397457,0.00734738792481863,0.0690856311156368,0.15936992628452804,0.01956534370121725,0.028777414533611892,0.023102715667519393,0.0045073815737893186,0.11032414711359331,0.020540069065093182,0.049460643172318484,0.04743921773448453,0.060719057506327695,0.10445783240165951,0.022586379484907305,0.012997745354638488,0.015980301078032423,0.05028287828104877,0.06665491852415845,0.010086068023480117,0.0004618781487171926,0.024854216298077266,0.006505688044523917,0.00623818114853265,0.009523035627461351,0.002411316028320069,0.0020972941993019573,0.0,0.0,0.05194016084035882,0.0024494954494674826,0.0,0.008714128435078763,0.00010631313962089419,0.0006501732984926081,0.08627753279693104,0.008007496407793576,0.014869530755979464,0.002379358655094994,0.000053100071776492874,0.028339351137984702,0.015713023490402316,0.005150120292302467,0.0004064028802781,0.01621547747809779,0.026848092843667976,0.03060741505190803,0.0025588454908987597,0.0005544666170938497,0.0021203840360593754,0.012631105280436613,0.0068330366788349785,0.0016205733150160694,0.0707627138834782,0.0,0.0005578777496810266,0.003223653948684204,0.009432019044383568,0.01561489445659479,0.0006757951110179004,0.02697555445519848,0.04021857071880039,0.000028006437757247656,0.004810905877787203,0.012704032872542913,0.001971255686176549,0.011415527494070446,0.01562991290901039,0.0036176936997252248,0.016327569419154832,0.0,0.015878935999868577,0.1160469351297707,0.004454093897573435,0.20591405847670985,