{"CalculationResults":{"func":0.006758297723441835,"dfunc":2.835160328805057,"fcol":0.05978101040419577,"dfcol":4.99400935091262,"y0":[1000.0,1000.0,1000.0,1000.0,1000.0,1000.0,0.0,1000.0,1000.0,1000.0,1000.0],"x1":[0.05,0.07880293000746189,0.1241980355552187,0.1957433820584432,0.3085030407155073,0.4862188704918656,0.511,0.7663094323935531,1.20774857129934,1.903482522614279,3.0],"y1":[6.201679310024443e-9,0.0000016720510321771087,0.000014519121609341921,0.00004406044490725768,0.00009448155680633119,0.00020989155032792163,0.0,0.00040795406884955304,0.001184441428828582,0.0019164438253588612,0.0028848274740424997],"dy1":[2.238188265217859e-9,3.38623937316161e-7,0.0000019774883440437334,0.000005536228869691517,0.000010556101976367765,0.000017916860090458838,100.0,0.000031996074891922027,0.00007693190237548397,0.00010447662703278594,0.0001310089450658236],"x2":[0.005,0.015,0.025,0.035,0.045,0.055,0.065,0.075,0.085,0.095,0.105,0.115,0.125,0.135,0.145,0.155,0.165,0.17500000000000002,0.185,0.195,0.20500000000000002,0.215,0.225,0.23500000000000001,0.245,0.255,0.265,0.275,0.28500000000000003,0.295,0.305,0.315,0.325,0.335,0.34500000000000003,0.355,0.365,0.375,0.385,0.395,0.405,0.41500000000000004,0.425,0.435,0.445,0.455,0.465,0.47500000000000003,0.485,0.495,0.505,0.515,0.525,0.535,0.545,0.555,0.5650000000000001,0.5750000000000001,0.585,0.595,0.605,0.615,0.625,0.635,0.645,0.655,0.665,0.675,0.685,0.6950000000000001,0.705,0.715,0.725,0.735,0.745,0.755,0.765,0.775,0.785,0.795,0.805,0.8150000000000001,0.8250000000000001,0.835,0.845,0.855,0.865,0.875,0.885,0.895,0.905,0.915,0.925,0.935,0.9450000000000001,0.9550000000000001,0.965,0.975,0.985,0.995,1.0050000000000001,1.0150000000000001,1.025,1.035,1.045,1.055,1.065,1.075,1.085,1.095,1.105,1.115,1.125,1.135,1.145,1.155,1.165,1.175,1.185,1.195,1.205,1.215,1.225,1.235,1.245,1.2550000000000001,1.2650000000000001,1.2750000000000001,1.285,1.295,1.305,1.315,1.325,1.335,1.345,1.355,1.365,1.375,1.385,1.395,1.405,1.415,1.425,1.435,1.445,1.455,1.465,1.475,1.485,1.495,1.5050000000000001,1.5150000000000001,1.5250000000000001,1.5350000000000001,1.545,1.555,1.565,1.575,1.585,1.595,1.605,1.615,1.625,1.635,1.645,1.655,1.665,1.675,1.685,1.695,1.705,1.715,1.725,1.735,1.745,1.7550000000000001,1.7650000000000001,1.7750000000000001,1.7850000000000001,1.795,1.805,1.815,1.825,1.835,1.845,1.855,1.865,1.875,1.885,1.895,1.905,1.915,1.925,1.935,1.945,1.955,1.965,1.975,1.985,1.995,2.005,2.015,2.025,2.035,2.045,2.055,2.065,2.075,2.085,2.095,2.105,2.115,2.125,2.1350000000000002,2.145,2.1550000000000002,2.165,2.1750000000000003,2.185,2.195,2.205,2.215,2.225,2.235,2.245,2.255,2.265,2.275,2.285,2.295,2.305,2.315,2.325,2.335,2.345,2.355,2.365,2.375,2.3850000000000002,2.395,2.4050000000000002,2.415,2.4250000000000003,2.435,2.445,2.455,2.465,2.475,2.485,2.495,2.505,2.515,2.525,2.535,2.545,2.555,2.565,2.575,2.585,2.595,2.605,2.615,2.625,2.6350000000000002,2.645,2.6550000000000002,2.665,2.6750000000000003,2.685,2.695,2.705,2.715,2.725,2.735,2.745,2.755,2.765,2.775,2.785,2.795,2.805,2.815,2.825,2.835,2.845,2.855,2.865,2.875,2.8850000000000002,2.895,2.9050000000000002,2.915,2.9250000000000003,2.935,2.945,2.955,2.965,2.975,2.985,2.995],"y2":[0.0,0.0,2.6190144584830023e-17,7.149845421155287e-7,0.002441505731718087,0.02361273946524847,0.1746837580644845,0.1491231717944699,0.2112799677720614,0.3515278398779711,0.2864790312015085,0.1841565703056437,0.23088266649127598,0.20199703501484734,0.276495685149525,0.1681412490773081,0.09989810965950255,0.09208808201140606,0.12762660292599942,0.09149543573435308,0.07170263145973035,0.07153314200664682,0.06484958333221864,0.10701688910232253,0.07371150126721282,0.08565801844673022,0.06325117149369865,0.07939198324761677,0.082419853506764,0.052297079141157284,0.025423932983620716,0.04065682791744622,0.06424929717118659,0.10173020895223954,0.04693145055828806,0.05304368197364733,0.05438415432085353,0.02528055719487209,0.0894241408218621,0.016431080771591878,0.024496218144597154,0.03521700568517759,0.02102232344428013,0.05447980875991225,0.01595797162538965,0.02856848522601697,0.08447909642849728,0.02230482703310065,0.06404593004893233,0.056722226578679306,0.035458397301562576,0.04104972185489623,0.04709561227035718,0.014653777542695553,0.03563439624598315,0.025765777674752504,0.015189565544570884,0.01817957930001146,0.036505048486693954,0.018944101575209003,0.017822892055367325,0.01381131534443258,0.018219573141036827,0.022108792022243546,0.017830682051857557,0.005142905085983198,0.03647775612155561,0.01411747392283054,0.01620831066357117,0.03992749294479434,0.007179789681057159,0.0080696893409012,0.005574688385481565,0.025409601590962592,0.0029529284750434105,0.005155923750726564,0.018089312693901943,0.007302870841276938,0.03802412319209891,0.0651733800334346,0.009211582950894855,0.005072932781079918,0.011798196762104744,0.04297141449821621,0.00774945435269756,0.006278441863748234,0.008097191078466745,0.004175026241327223,0.004330809027712501,0.0016057375425655085,0.00475232531349319,0.010604956096561846,0.033227984472877926,0.012146244044965261,0.0017427647670889145,0.12967698112892512,0.0037343503437176784,0.005602628332030056,0.0022930171742903604,0.0017796905583007596,0.0033416072189095683,0.0031790733528646023,0.001951689724510522,0.011221281775791589,0.0021544056950293087,0.001998524950538809,0.011583340047464313,0.03564179567248767,0.0006044707786163796,0.02881035939762741,0.008927926391616044,0.0023400141731769438,0.013532986522475253,0.002448722521251945,0.004911545149901969,0.0012737440156186807,0.0011363701318474874,0.00066256914066931,0.0021497371047214647,0.011562653201670436,0.011134965115787113,0.0033122572895252604,0.003655638262670424,0.0002376257203794941,0.02575321963622038,0.0023341325040726058,0.0005916997184502514,0.0008063849549516985,0.0014784286671827252,0.005445267833252388,0.0024054763023305587,0.005001644862640167,0.0004484687844559272,0.00255684830653934,0.007734879599216258,0.0036686600419938344,0.0003900470593956216,0.002886813204626755,0.010501523641296376,0.0013617772404064454,0.015173898015162475,0.00018745750069752975,0.007113561249029055,0.002545273985081414,0.0005423046135756914,0.0071561926241579445,0.009126482515395487,0.0050024912989251715,0.0003548332065230895,0.003579111851079727,0.002961958245019135,0.003437199129204676,0.004646772601232252,0.0002462846842274128,0.0012118166155629774,0.0020514298174199863,0.009811143767257582,0.05802877190886673,0.0022557041584742505,0.0019770012119944523,0.004998124109706494,0.00040241326178924497,0.001787610218016312,0.0018085916774754414,0.0019859480371872632,0.006914109139369684,0.00023336669658105902,0.0018019059422552603,0.0020263886125169036,0.0024462574463809234,0.005184767235396367,0.0005108983111971129,0.0004992877383001538,0.0009654877988499726,0.0018207732867856973,0.0031852003956644916,0.0003190744294249325,0.002036942110554974,0.0012411637065592965,0.0002679280103230359,0.0008466316110127604,0.003924540112301748,0.00047205001479131055,0.0019320919597105948,0.00006169424814480728,0.009862988465561693,0.002605238136366103,0.0015175058858446547,0.0002747579172005527,0.001987594621016234,0.00444666345354195,0.012601593515276042,0.0005408576059660966,0.0009898741148954028,3.0068726192784375e-7,0.0015771252898216124,0.0000358324865179869,0.003691183126107749,0.0012004680599456685,0.00006676455674250819,0.010248179497178338,0.001248339412657176,0.0000188035376716751,0.00005715872250159345,0.00001869913329061066,0.00008172101742218187,0.010730131858225554,0.0006157034793554946,0.00023530121963807977,0.000004500183273061809,0.0004921107323124042,0.0000011536532622623334,0.000010135924320415286,0.004267659882936843,0.00020102378184141717,0.00628857083388105,0.0028808844719456295,0.0013615593199842733,8.822811545979445e-7,0.0012168784308031018,0.00825359708991269,0.000010386889776503297,0.0004952100805787885,0.0014486790060465166,3.101587430118698e-8,0.0014591990327703628,0.01416139789549416,0.00003926332411589591,0.000052102156247104356,