{"CalculationResults":{"func":0.006892746936477093,"dfunc":3.006178821508527,"fcol":0.05809364737663134,"dfcol":4.510138599902333,"y0":[1000.0,1000.0,1000.0,1000.0,1000.0,1000.0,0.0,1000.0,1000.0,1000.0,1000.0],"x1":[0.05,0.07880293000746189,0.1241980355552187,0.1957433820584432,0.3085030407155073,0.4862188704918656,0.511,0.7663094323935531,1.20774857129934,1.903482522614279,3.0],"y1":[5.0826575103800405e-9,0.0000015305888705220248,0.000012806489572222591,0.00003963545352951253,0.00009625762927938402,0.0002234138712275618,0.0,0.0005138777739814209,0.0010785330344390256,0.0017576326724839447,0.003169054340435988],"dy1":[1.4791302928141287e-9,2.655179221391838e-7,0.0000014599335162334023,0.000003923732170656206,0.000009544082609514253,0.000018362775915122153,100.0,0.00003975171362908089,0.00007293921145372916,0.00010013075088640929,0.00015571470689165683],"x2":[0.005,0.015,0.025,0.035,0.045,0.055,0.065,0.075,0.085,0.095,0.105,0.115,0.125,0.135,0.145,0.155,0.165,0.17500000000000002,0.185,0.195,0.20500000000000002,0.215,0.225,0.23500000000000001,0.245,0.255,0.265,0.275,0.28500000000000003,0.295,0.305,0.315,0.325,0.335,0.34500000000000003,0.355,0.365,0.375,0.385,0.395,0.405,0.41500000000000004,0.425,0.435,0.445,0.455,0.465,0.47500000000000003,0.485,0.495,0.505,0.515,0.525,0.535,0.545,0.555,0.5650000000000001,0.5750000000000001,0.585,0.595,0.605,0.615,0.625,0.635,0.645,0.655,0.665,0.675,0.685,0.6950000000000001,0.705,0.715,0.725,0.735,0.745,0.755,0.765,0.775,0.785,0.795,0.805,0.8150000000000001,0.8250000000000001,0.835,0.845,0.855,0.865,0.875,0.885,0.895,0.905,0.915,0.925,0.935,0.9450000000000001,0.9550000000000001,0.965,0.975,0.985,0.995,1.0050000000000001,1.0150000000000001,1.025,1.035,1.045,1.055,1.065,1.075,1.085,1.095,1.105,1.115,1.125,1.135,1.145,1.155,1.165,1.175,1.185,1.195,1.205,1.215,1.225,1.235,1.245,1.2550000000000001,1.2650000000000001,1.2750000000000001,1.285,1.295,1.305,1.315,1.325,1.335,1.345,1.355,1.365,1.375,1.385,1.395,1.405,1.415,1.425,1.435,1.445,1.455,1.465,1.475,1.485,1.495,1.5050000000000001,1.5150000000000001,1.5250000000000001,1.5350000000000001,1.545,1.555,1.565,1.575,1.585,1.595,1.605,1.615,1.625,1.635,1.645,1.655,1.665,1.675,1.685,1.695,1.705,1.715,1.725,1.735,1.745,1.7550000000000001,1.7650000000000001,1.7750000000000001,1.7850000000000001,1.795,1.805,1.815,1.825,1.835,1.845,1.855,1.865,1.875,1.885,1.895,1.905,1.915,1.925,1.935,1.945,1.955,1.965,1.975,1.985,1.995,2.005,2.015,2.025,2.035,2.045,2.055,2.065,2.075,2.085,2.095,2.105,2.115,2.125,2.1350000000000002,2.145,2.1550000000000002,2.165,2.1750000000000003,2.185,2.195,2.205,2.215,2.225,2.235,2.245,2.255,2.265,2.275,2.285,2.295,2.305,2.315,2.325,2.335,2.345,2.355,2.365,2.375,2.3850000000000002,2.395,2.4050000000000002,2.415,2.4250000000000003,2.435,2.445,2.455,2.465,2.475,2.485,2.495,2.505,2.515,2.525,2.535,2.545,2.555,2.565,2.575,2.585,2.595,2.605,2.615,2.625,2.6350000000000002,2.645,2.6550000000000002,2.665,2.6750000000000003,2.685,2.695,2.705,2.715,2.725,2.735,2.745,2.755,2.765,2.775,2.785,2.795,2.805,2.815,2.825,2.835,2.845,2.855,2.865,2.875,2.8850000000000002,2.895,2.9050000000000002,2.915,2.9250000000000003,2.935,2.945,2.955,2.965,2.975,2.985,2.995],"y2":[0.0,0.0,1.514376315675166e-21,5.071603899045626e-7,0.002827079001198102,0.024893505524536903,0.12559316313006305,0.17246729118272924,0.1843010831781293,0.1783168917916916,0.22845150452083007,0.27253402032181206,0.17394661524887411,0.11188913969913508,0.15262213425616478,0.1447149139432314,0.22359486939324044,0.07933830920262502,0.09834600713524416,0.06849260754330207,0.07332729493919898,0.0941825675976806,0.1383015235740696,0.07091333335338579,0.0731302356405237,0.08500722306498346,0.13723572949857513,0.14472274111634778,0.1318431822505411,0.054794850446054214,0.07193187702183004,0.026530549157660975,0.048164790890825905,0.07449988206742787,0.04461354455197185,0.017705883052956957,0.046416204603488276,0.03530918767586605,0.021565291525629304,0.04456244375309572,0.04001158632143312,0.06279956681478745,0.023109792089121717,0.06247336164901925,0.04939577235256555,0.014751352868911355,0.0579472365896235,0.015157615422284079,0.01365018248964861,0.023280576945664287,0.011294089055812695,0.08154154072046718,0.01335460037301636,0.03496914415255904,0.03517851863441741,0.03821524906313445,0.016464584876869987,0.02445943558821273,0.01019471735763659,0.01586117590479451,0.02769881795080743,0.0277182617303164,0.014106447195024591,0.012879593491805003,0.018189897416132705,0.06631277429919204,0.013520574975454116,0.00747028521395372,0.02590334385044874,0.014536066105691607,0.09225757702342187,0.0188389868870417,0.01687678428491966,0.020327951236468522,0.011803485273598768,0.01170684809033166,0.018617395756234924,0.00621988235625549,0.00974949230288795,0.0023426040708529688,0.006233494176981516,0.02925239181039509,0.03466212882151192,0.005637677782353252,0.008510247709947091,0.0044978113763112035,0.021787678947298855,0.00647244809557407,0.005189798830564909,0.01429900697703259,0.004383316345364315,0.006904312816910478,0.0020715709735376533,0.009558687447757,0.05167659958610385,0.008804970028329334,0.007403553420569442,0.0004068901085021938,0.021450939098144155,0.0025872292046946075,0.011422720537937348,0.003664614570896967,0.001370292605244128,0.0017780574808562762,0.0629335674371834,0.02148100032206205,0.004078779474614623,0.007133413371003336,0.011399562795978705,0.012612047226062888,0.022282443502083603,0.007355820626543748,0.006684794004583184,0.01242965345232986,0.004239950909396336,0.03047924934658528,0.03216857405921917,0.011853041453482281,0.015545839588972508,0.03573274047971954,0.0010786830062740928,0.0012034236558784296,0.014916841920192818,0.01128165763872216,0.0040561150900707025,0.001817196007459568,0.0037378390085234863,0.0033663719282811554,0.0024472017965398215,0.01295346059121738,0.0028499080685470686,0.0005932729024779315,0.0014106146830854815,0.0004088582197915027,0.0004918637706964016,0.004138169675851308,0.005061660602635053,0.00020289779144713212,0.004975802333839789,0.002528080806298908,0.0039283303681142395,0.0003927529259699453,0.0011516556520491281,0.005252567371823009,0.00941597242956059,0.0008156905601534455,0.0012069018327700589,0.009526480714168072,0.00042007649692983113,0.00014209763710109147,0.006794042371202606,0.005256542807086669,0.006445052187897721,0.00663277598807343,0.009250263191072645,0.0017366053150953695,0.0005179916281926641,0.0013280801975858226,0.0015994545033521572,0.0023414058380935897,0.0007147984501706565,0.0046115284474111595,0.0012527820615845558,0.00020945796078011516,0.021526597861664692,0.00862128676803955,0.00027371858331348703,0.018942567796058466,0.00537765753140031,0.012702250541343052,0.00014261564303835785,0.0015194906006527542,0.0004595794058204299,0.0013166103633046006,0.01450333880781836,0.00024177350126378607,0.00031864789702727985,0.0017731586915575646,0.000042200063454513565,0.0009212617505261477,0.0011506439506000783,0.000016710274071353426,0.007464552065203991,0.0004124858810946445,0.0015396705140659959,0.004253518615356653,0.01012817378001906,0.002683265509974376,0.00019916724313333875,0.0016006569574561044,0.00673590196888855,0.000002041189833375946,0.00005243764175029354,0.0000034881083050308177,0.000310496934089967,0.0003442836601186194,0.0015264897091986235,0.000060617392882753646,0.0028665086346229413,0.000045987642698828705,0.0,0.00021293543609027992,0.00010926945200897517,0.0005527255970863711,0.0001580887538947475,6.0701144233777925e-9,0.00020080044824571938,1.0394821290276049e-7,0.000003827683967490027,0.000016184764515214993,0.00012422438833803505,0.0006845314689159081,0.00038521856596189746,0.00003476812453263226,0.000041762936487772764,0.00030335613895396245,0.00003736591976376063,0.003342624930722064,0.0019918909592522302,0.000026987484827055535,0.003337087282099184,1.7740562068592364e-9,0.0019632621495663995,8.48465392555435e-7,0.00018635176137763443,0.00014038511976620968,0.0006758333136418061,0.0006965848471594824,0.0045297459405682665,