{"CalculationResults":{"func":0.0032448253626603816,"dfunc":2.9019017092071815,"fcol":0.03893030430843569,"dfcol":4.521095429882701,"y0":[1000.0,1000.0,1000.0,1000.0,1000.0,1000.0,0.0,1000.0,1000.0,1000.0,1000.0],"x1":[0.05,0.07880293000746189,0.1241980355552187,0.1957433820584432,0.3085030407155073,0.4862188704918656,0.511,0.7663094323935531,1.20774857129934,1.903482522614279,3.0],"y1":[1.2975526612352911e-8,0.0000015875942933887636,0.00000893394928907137,0.000027896610631029182,0.0000659912386365901,0.00012760985110864717,0.0,0.0002585033846754223,0.0005081404345010117,0.0007847761458946527,0.0014613731781039558],"dy1":[3.346716127877817e-9,2.387119503235916e-7,0.0000010307499645881148,0.0000033960018309762595,0.000006820827093341162,0.000011776876265153454,100.0,0.000022587139915932555,0.00003111225945973743,0.000039578141088587854,0.00007311047773147857],"x2":[0.005,0.015,0.025,0.035,0.045,0.055,0.065,0.075,0.085,0.095,0.105,0.115,0.125,0.135,0.145,0.155,0.165,0.17500000000000002,0.185,0.195,0.20500000000000002,0.215,0.225,0.23500000000000001,0.245,0.255,0.265,0.275,0.28500000000000003,0.295,0.305,0.315,0.325,0.335,0.34500000000000003,0.355,0.365,0.375,0.385,0.395,0.405,0.41500000000000004,0.425,0.435,0.445,0.455,0.465,0.47500000000000003,0.485,0.495,0.505,0.515,0.525,0.535,0.545,0.555,0.5650000000000001,0.5750000000000001,0.585,0.595,0.605,0.615,0.625,0.635,0.645,0.655,0.665,0.675,0.685,0.6950000000000001,0.705,0.715,0.725,0.735,0.745,0.755,0.765,0.775,0.785,0.795,0.805,0.8150000000000001,0.8250000000000001,0.835,0.845,0.855,0.865,0.875,0.885,0.895,0.905,0.915,0.925,0.935,0.9450000000000001,0.9550000000000001,0.965,0.975,0.985,0.995,1.0050000000000001,1.0150000000000001,1.025,1.035,1.045,1.055,1.065,1.075,1.085,1.095,1.105,1.115,1.125,1.135,1.145,1.155,1.165,1.175,1.185,1.195,1.205,1.215,1.225,1.235,1.245,1.2550000000000001,1.2650000000000001,1.2750000000000001,1.285,1.295,1.305,1.315,1.325,1.335,1.345,1.355,1.365,1.375,1.385,1.395,1.405,1.415,1.425,1.435,1.445,1.455,1.465,1.475,1.485,1.495,1.5050000000000001,1.5150000000000001,1.5250000000000001,1.5350000000000001,1.545,1.555,1.565,1.575,1.585,1.595,1.605,1.615,1.625,1.635,1.645,1.655,1.665,1.675,1.685,1.695,1.705,1.715,1.725,1.735,1.745,1.7550000000000001,1.7650000000000001,1.7750000000000001,1.7850000000000001,1.795,1.805,1.815,1.825,1.835,1.845,1.855,1.865,1.875,1.885,1.895,1.905,1.915,1.925,1.935,1.945,1.955,1.965,1.975,1.985,1.995,2.005,2.015,2.025,2.035,2.045,2.055,2.065,2.075,2.085,2.095,2.105,2.115,2.125,2.1350000000000002,2.145,2.1550000000000002,2.165,2.1750000000000003,2.185,2.195,2.205,2.215,2.225,2.235,2.245,2.255,2.265,2.275,2.285,2.295,2.305,2.315,2.325,2.335,2.345,2.355,2.365,2.375,2.3850000000000002,2.395,2.4050000000000002,2.415,2.4250000000000003,2.435,2.445,2.455,2.465,2.475,2.485,2.495,2.505,2.515,2.525,2.535,2.545,2.555,2.565,2.575,2.585,2.595,2.605,2.615,2.625,2.6350000000000002,2.645,2.6550000000000002,2.665,2.6750000000000003,2.685,2.695,2.705,2.715,2.725,2.735,2.745,2.755,2.765,2.775,2.785,2.795,2.805,2.815,2.825,2.835,2.845,2.855,2.865,2.875,2.8850000000000002,2.895,2.9050000000000002,2.915,2.9250000000000003,2.935,2.945,2.955,2.965,2.975,2.985,2.995],"y2":[0.0,0.0,8.945305817966928e-29,0.00009583905595278585,0.005817060459497114,0.07404092648233761,0.1351752232201943,0.15405451205182447,0.17189982171889934,0.17474279616807686,0.2167017845772015,0.1303483096938092,0.19062355170857623,0.1467181349650371,0.0903924653877898,0.08248968101592696,0.07934275168342567,0.11347592716210927,0.0399367490573037,0.05298874529055764,0.050212861847914375,0.16683143276557327,0.047575930065532485,0.13662574909235714,0.029822070961935926,0.045590854188847965,0.06278107474300827,0.0668795816660399,0.06956627800519129,0.032445189000495596,0.02931126189726746,0.02539998273999554,0.02503890105964738,0.013511075354643716,0.05491778184115459,0.014206563080107188,0.028928246985523435,0.036739530920247926,0.0344320501577293,0.015563080439089721,0.014689250177232053,0.022496954252704655,0.015840018494361372,0.027058616107095777,0.008076740747121506,0.014774245213119298,0.009440924342048915,0.0321501244261341,0.010396448135185369,0.009102284688128615,0.008592120102257815,0.03078255604912464,0.02359780687647592,0.009154877467075353,0.004913461722249455,0.006243186380011137,0.004119138863193961,0.003397865252000457,0.004210526334228813,0.005381514932526751,0.013889107752977747,0.03069985231956802,0.00199404859671357,0.011023180612071816,0.005285156415966466,0.0016366708497678876,0.005452897663837551,0.0036366405381429,0.03705190930211332,0.008488542921222208,0.021514267146861433,0.011743205475134858,0.005530234564229794,0.035857705678656565,0.004116162207704507,0.015386525488799966,0.009501950773713847,0.0025514878780844427,0.010143424727245637,0.02295844426924331,0.0035056404813314113,0.014496406974553223,0.006729827393467509,0.0018160606669144568,0.002865307066719492,0.0018924711951023793,0.007606069879102991,0.007494475526296231,0.00022014724224408654,0.003032259701486954,0.012202710124725274,0.0032098929939217706,0.001802557142411551,0.010945263669263051,0.002206894486848084,0.005711522251156931,0.0007060799939578668,0.0018281556890535748,0.010739352039442563,0.004283561617514631,0.006573968691680935,0.011595530561157821,0.004194239349137348,0.0009948712741086204,0.006768830893747236,0.008236934629043204,0.002752140014847725,0.0020254213068968694,0.0003431073565582232,0.017158895340734392,0.0027599385923490144,0.0067611294057282395,0.014986341403170539,0.0027044618360366644,0.0016971889123094512,0.0004930674421449779,0.005745857708766279,0.0013760175411516018,0.009460291914119155,0.001926558679099289,0.007643295660458164,0.0009533483933437303,0.0002967247566309488,0.010331046584870036,0.0006369345022804157,0.0013753279964779683,0.0006372842506781697,0.017662783178572082,0.007991949684148703,0.010713271189127623,0.0018671297769141536,0.00044384504633216744,0.011609055168068608,0.0011604070584771131,0.0013723081045416766,0.003579179849809307,0.0005851932888497837,0.03486329266513567,0.00020197282675697286,0.0007828579130006126,0.0008363084566600304,0.00005680228192858001,0.001793244881665431,0.0005002591191730604,0.0011941034902387291,0.0010775678421245827,0.00023566670976076052,0.0005509428895758909,0.0001738279863976357,0.005040379610238972,0.002869469975080351,0.00002599921876333532,0.0021011939521931307,0.004228413958674095,0.0006169234115703996,0.000011521083416836149,0.0026108099309510562,0.0005199924675004517,0.00006859820304049194,0.0014568898156925216,0.0006748581140751896,0.0011969338786811728,0.0004936135205422101,0.00030664294566339377,0.0005686282511787845,0.0012698416194339415,0.00265443132609556,0.0008766788962282876,0.000067852700164834,0.0006581892843948576,0.0003091377126807336,0.021086018912544108,0.0064619111283595355,0.00038689352511954195,0.0012770774186140362,0.00006500460114488996,0.003655035561983075,0.0004687477073048591,0.0007603079108942565,0.000028636145304133673,0.0013180742463203836,0.0042185530433819915,0.0000031895926605795954,0.0009640831627674853,0.001611305776639796,0.00008163863517138621,0.0001761185073391826,0.0020663639879711206,0.00006554648310342036,0.00432522745969165,0.00023668276092249645,0.000006150365812059798,0.0010066915970121258,0.0018455129343079618,0.0003641360607192848,4.7103480879517545e-7,0.0002375283304743788,0.0007264321307011559,0.0000284803831129433,0.0020467420923989134,0.000056153222875399975,0.0013398781795518416,0.000010309467436122082,0.000038572335742122034,0.004948538930987205,0.000012451803989394305,0.000028594466116582355,2.596765653641756e-8,0.000014449904394503528,0.0000036954363022385147,0.0000218486366898702,0.010750349229137573,0.0026723820640231857,0.00000441135625631295,0.002234245301999454,2.864084961240609e-8,0.0000015233331167691128,0.0006645259453132229,0.000001580000032033958,0.0,0.00003518091853792533,0.00018257535839202987,0.0004932613563087913,0.008664215721066775,3.152027673983384e-8,0.0007107596003348006,