{"CalculationResults":{"calculation_time":136982.0176887067,"func":0.006715934353603785,"dfunc":2.98154011317287,"fcol":0.05818777273272712,"dfcol":4.8036025046804385,"y0":[1000.0,1000.0,1000.0,1000.0,1000.0,1000.0,0.0,1000.0,1000.0,1000.0,1000.0],"x1":[0.05,0.07880293000746189,0.1241980355552187,0.1957433820584432,0.3085030407155073,0.4862188704918656,0.511,0.7663094323935531,1.20774857129934,1.903482522614279,3.0],"y1":[5.924215867309672e-9,0.0000015634449304959158,0.000013592714276170265,0.00003835089701845336,0.00010268882989477708,0.00019442071165917722,0.0,0.0004825605245938856,0.0010261511825260861,0.001646169898187457,0.0032104302263014153],"dy1":[2.2846748356344362e-9,2.252593496336441e-7,0.000001566847376009719,0.000004615605678244078,0.000009553094457201978,0.000018242546352314084,100.0,0.000044663918758460494,0.00007324239737324566,0.00008694587193668128,0.00015309106291186084],"x2":[0.005,0.015,0.025,0.035,0.045,0.055,0.065,0.075,0.085,0.095,0.105,0.115,0.125,0.135,0.145,0.155,0.165,0.17500000000000002,0.185,0.195,0.20500000000000002,0.215,0.225,0.23500000000000001,0.245,0.255,0.265,0.275,0.28500000000000003,0.295,0.305,0.315,0.325,0.335,0.34500000000000003,0.355,0.365,0.375,0.385,0.395,0.405,0.41500000000000004,0.425,0.435,0.445,0.455,0.465,0.47500000000000003,0.485,0.495,0.505,0.515,0.525,0.535,0.545,0.555,0.5650000000000001,0.5750000000000001,0.585,0.595,0.605,0.615,0.625,0.635,0.645,0.655,0.665,0.675,0.685,0.6950000000000001,0.705,0.715,0.725,0.735,0.745,0.755,0.765,0.775,0.785,0.795,0.805,0.8150000000000001,0.8250000000000001,0.835,0.845,0.855,0.865,0.875,0.885,0.895,0.905,0.915,0.925,0.935,0.9450000000000001,0.9550000000000001,0.965,0.975,0.985,0.995,1.0050000000000001,1.0150000000000001,1.025,1.035,1.045,1.055,1.065,1.075,1.085,1.095,1.105,1.115,1.125,1.135,1.145,1.155,1.165,1.175,1.185,1.195,1.205,1.215,1.225,1.235,1.245,1.2550000000000001,1.2650000000000001,1.2750000000000001,1.285,1.295,1.305,1.315,1.325,1.335,1.345,1.355,1.365,1.375,1.385,1.395,1.405,1.415,1.425,1.435,1.445,1.455,1.465,1.475,1.485,1.495,1.5050000000000001,1.5150000000000001,1.5250000000000001,1.5350000000000001,1.545,1.555,1.565,1.575,1.585,1.595,1.605,1.615,1.625,1.635,1.645,1.655,1.665,1.675,1.685,1.695,1.705,1.715,1.725,1.735,1.745,1.7550000000000001,1.7650000000000001,1.7750000000000001,1.7850000000000001,1.795,1.805,1.815,1.825,1.835,1.845,1.855,1.865,1.875,1.885,1.895,1.905,1.915,1.925,1.935,1.945,1.955,1.965,1.975,1.985,1.995,2.005,2.015,2.025,2.035,2.045,2.055,2.065,2.075,2.085,2.095,2.105,2.115,2.125,2.1350000000000002,2.145,2.1550000000000002,2.165,2.1750000000000003,2.185,2.195,2.205,2.215,2.225,2.235,2.245,2.255,2.265,2.275,2.285,2.295,2.305,2.315,2.325,2.335,2.345,2.355,2.365,2.375,2.3850000000000002,2.395,2.4050000000000002,2.415,2.4250000000000003,2.435,2.445,2.455,2.465,2.475,2.485,2.495,2.505,2.515,2.525,2.535,2.545,2.555,2.565,2.575,2.585,2.595,2.605,2.615,2.625,2.6350000000000002,2.645,2.6550000000000002,2.665,2.6750000000000003,2.685,2.695,2.705,2.715,2.725,2.735,2.745,2.755,2.765,2.775,2.785,2.795,2.805,2.815,2.825,2.835,2.845,2.855,2.865,2.875,2.8850000000000002,2.895,2.9050000000000002,2.915,2.9250000000000003,2.935,2.945,2.955,2.965,2.975,2.985,2.995],"y2":[0.0,0.0,1.2717140628951615e-25,0.0000014655615382137433,0.0038862637853590404,0.015311477855942515,0.10145008812486943,0.15634605467936497,0.28762403219542093,0.171408554960299,0.22493189776655678,0.23465333492978263,0.18786664613208742,0.1529841661897755,0.1924078086708916,0.1560698174402458,0.15315084920969538,0.09124006387015551,0.15609919976498382,0.07007816682530052,0.09717910781042696,0.1825431153350296,0.1888586078513663,0.0931150420102389,0.059298317216541975,0.07842200451704334,0.05044141130400677,0.04649252336075371,0.04607787477658597,0.0922650790829123,0.06498782693741909,0.04562438750786203,0.03753006520651136,0.052174886619689,0.04298741114241428,0.08025220477482028,0.04953321441009403,0.03585828909916472,0.04802298307778985,0.09789220406433688,0.04987871105853221,0.09188940377476597,0.0666315814692659,0.03159180433646955,0.0714538530654557,0.058635037920853166,0.027229763992771154,0.05843820120165043,0.01566075983182976,0.027486154481049033,0.01266813591898968,0.025368109038474744,0.02866036948361251,0.02218308350117268,0.018948613688589,0.09669390860461122,0.014090752190104406,0.011091201463207809,0.05113185062694681,0.012186960496750885,0.008466078541849834,0.00988214893191103,0.024637322911475378,0.009228958629214697,0.03774333359357955,0.010168069826062349,0.006495021568668538,0.01563844102656252,0.01150585957767048,0.026679811196809282,0.02350975047238479,0.009241379741126682,0.011165947532807644,0.00807254829221256,0.043010503236487786,0.002743696417995872,0.014622366758255203,0.009939586325648422,0.006352960340642647,0.01422551476455994,0.0065422326084526436,0.009696150138143884,0.003483402200872633,0.007350980075549141,0.0015358600592689292,0.006898877903408774,0.0035633870123548232,0.01301052160393883,0.024039950243582846,0.0010699918659982577,0.020931135316530403,0.028375413549639746,0.006695257310482245,0.017900918893765258,0.004751749126930388,0.00759291041053222,0.015370798467741137,0.0038296651768026943,0.004501050671195131,0.011890263719524424,0.012927539373787836,0.016917447350528022,0.046114483440921325,0.006596647669610176,0.006252638016819672,0.012629516079696538,0.03436355752027474,0.004867607115921563,0.0007639333003298357,0.007250426823824095,0.0025154814338058697,0.01634916940029271,0.015317847720943722,0.010351581407846385,0.0026427774768647576,0.0015210893826792206,0.000879163446811552,0.007790863541439707,0.013369088998810251,0.009855051371603609,0.015313055019055735,0.0009226996012670965,0.0026692376334431643,0.0034655544186317144,0.001680252494170626,0.0019438323746555654,0.0014946268857108508,0.0001274464798556894,0.003558577056016344,0.0015203071664210018,0.0003622999027352928,0.024765644011542437,0.00836759764971398,0.0020809496482553963,0.002083703358234647,0.0007585333692931068,0.023140364730518885,0.009206356024609898,0.028718140526332953,0.0019512064461432582,0.0001947253048459277,0.001942725075416982,0.0003146316609692427,0.0014081312654094292,0.00043036373839499826,0.00031993596905619817,0.001274768089735281,0.0017222761356889974,0.0012808208434484348,0.004029782186656753,0.0007137667372994954,0.0006689229078355917,0.0033690956481880374,0.001315816472552421,0.0005054941416787325,0.0004696810156169297,0.0018663110583051054,0.0038459470235786266,0.005589685895785632,0.003315703078503787,0.0006037850304372703,0.00002986541515967052,0.001165995238461496,0.0010105068356024733,0.002724164437313094,0.0002681545623666781,0.003160215755182634,0.007079670843510569,0.0004948610995433912,0.0013271036176583913,0.0026738353027849354,0.006768699463936181,0.00017561517345724234,0.00025127043359922494,0.004769164546522112,0.0026491517267483804,0.0022572090604433327,0.0028955410033807928,0.0001463596517619125,0.00042927930398537406,0.005697458008920209,0.007654014130521636,0.0002050142516581136,0.0004951342962120255,0.00112259582474545,0.00005917548235702321,0.0002595956513121755,0.00015542067849653275,0.008870654611082386,0.004429519655463347,0.00013446603164273156,0.0016453337623694195,0.0019249789710464027,0.0034983072481533117,0.0005491872770033225,0.029802320284887655,0.000505781451984577,0.0008800772653903046,0.0002071007205383707,0.0000030806274184804637,5.983791604067491e-7,0.00044952867261021485,0.008977683008516743,0.002995683032209393,0.0023166310922089167,0.00005493225666308229,0.00009811472185672526,0.0013534791905564212,0.0003096792767189968,0.030084495235738456,0.0014852664082152685,0.010532862110770225,0.0001678455083518555,0.000006840891972072427,0.007963360024583236,2.364534202849526e-9,0.011608772476711274,0.012568505212845183,0.002680696299910553,0.0008218598370996908,0.0000020417039610364823,0.0093686245753741,0.007785652992472079,0.0008561664431499453,0.0022501083565464952,0.00435421190562303,0.0009748732002393947,