{"CalculationResults":{"func":0.6130555799321286,"dfunc":1.6530192004357507,"fcol":1.6381857080063869,"dfcol":1.7528130267734854,"y0":[1000.0,1000.0,1000.0,1000.0,1000.0,1000.0,0.0,1000.0,1000.0,1000.0,1000.0],"x1":[0.05,0.07880293000746189,0.1241980355552187,0.1957433820584432,0.3085030407155073,0.4862188704918656,0.511,0.7663094323935531,1.20774857129934,1.903482522614279,3.0],"y1":[0.0010556389367681778,0.018837402928737423,0.05438546439781633,0.06267168133055458,0.07614815761799443,0.07080088023816475,0.0,0.07471697327754905,0.07926305822725419,0.08353971314582702,0.0916366098314626],"dy1":[0.00010997375898575312,0.0013846597893239238,0.004020309603213613,0.003918220570439179,0.004399225149598846,0.003411886476535381,100.0,0.0029578941574557403,0.003068040076412209,0.0028501891953509875,0.002809898801677638],"x2":[0.005,0.015,0.025,0.035,0.045,0.055,0.065,0.075,0.085,0.095,0.105,0.115,0.125,0.135,0.145,0.155,0.165,0.17500000000000002,0.185,0.195,0.20500000000000002,0.215,0.225,0.23500000000000001,0.245,0.255,0.265,0.275,0.28500000000000003,0.295,0.305,0.315,0.325,0.335,0.34500000000000003,0.355,0.365,0.375,0.385,0.395,0.405,0.41500000000000004,0.425,0.435,0.445,0.455,0.465,0.47500000000000003,0.485,0.495,0.505,0.515,0.525,0.535,0.545,0.555,0.5650000000000001,0.5750000000000001,0.585,0.595,0.605,0.615,0.625,0.635,0.645,0.655,0.665,0.675,0.685,0.6950000000000001,0.705,0.715,0.725,0.735,0.745,0.755,0.765,0.775,0.785,0.795,0.805,0.8150000000000001,0.8250000000000001,0.835,0.845,0.855,0.865,0.875,0.885,0.895,0.905,0.915,0.925,0.935,0.9450000000000001,0.9550000000000001,0.965,0.975,0.985,0.995,1.0050000000000001,1.0150000000000001,1.025,1.035,1.045,1.055,1.065,1.075,1.085,1.095,1.105,1.115,1.125,1.135,1.145,1.155,1.165,1.175,1.185,1.195,1.205,1.215,1.225,1.235,1.245,1.2550000000000001,1.2650000000000001,1.2750000000000001,1.285,1.295,1.305,1.315,1.325,1.335,1.345,1.355,1.365,1.375,1.385,1.395,1.405,1.415,1.425,1.435,1.445,1.455,1.465,1.475,1.485,1.495,1.5050000000000001,1.5150000000000001,1.5250000000000001,1.5350000000000001,1.545,1.555,1.565,1.575,1.585,1.595,1.605,1.615,1.625,1.635,1.645,1.655,1.665,1.675,1.685,1.695,1.705,1.715,1.725,1.735,1.745,1.7550000000000001,1.7650000000000001,1.7750000000000001,1.7850000000000001,1.795,1.805,1.815,1.825,1.835,1.845,1.855,1.865,1.875,1.885,1.895,1.905,1.915,1.925,1.935,1.945,1.955,1.965,1.975,1.985,1.995,2.005,2.015,2.025,2.035,2.045,2.055,2.065,2.075,2.085,2.095,2.105,2.115,2.125,2.1350000000000002,2.145,2.1550000000000002,2.165,2.1750000000000003,2.185,2.195,2.205,2.215,2.225,2.235,2.245,2.255,2.265,2.275,2.285,2.295,2.305,2.315,2.325,2.335,2.345,2.355,2.365,2.375,2.3850000000000002,2.395,2.4050000000000002,2.415,2.4250000000000003,2.435,2.445,2.455,2.465,2.475,2.485,2.495,2.505,2.515,2.525,2.535,2.545,2.555,2.565,2.575,2.585,2.595,2.605,2.615,2.625,2.6350000000000002,2.645,2.6550000000000002,2.665,2.6750000000000003,2.685,2.695,2.705,2.715,2.725,2.735,2.745,2.755,2.765,2.775,2.785,2.795,2.805,2.815,2.825,2.835,2.845,2.855,2.865,2.875,2.8850000000000002,2.895,2.9050000000000002,2.915,2.9250000000000003,2.935,2.945,2.955,2.965,2.975,2.985,2.995],"y2":[0.0,7.627678370233027e-33,3.0290646581812296e-8,0.0018090662287334545,0.23032947495995493,1.1733800103042609,3.390935372430859,5.846380351174427,6.341365665661228,8.409669340421708,8.274919728643862,8.525937737967764,7.09221845491269,6.047769680479639,5.1887840198070005,5.911543258454,5.369061654713394,5.729042169613713,4.922628070819131,4.2661441469717385,3.078604908850315,4.035679147160606,2.6674642459456157,3.156229127618382,2.385190395500632,2.841375313967238,2.2485320056549014,2.156951114634636,3.0476050295354695,2.4134022477063324,2.4676257932521226,1.1197611590645786,1.7204113982929203,1.1728223113134995,1.047265129860255,1.1030537286152688,1.5903733782546645,1.3121271937577814,1.2385946979955813,1.5289515807476044,1.2690534330256111,0.8273292115935822,0.8972036311474159,0.7800223849477368,0.47790644819789724,0.8553250825538992,0.7587014835759502,1.1689682577353706,1.0839931373562914,0.32117903054201236,0.5367091100243988,1.0820671383505567,0.804452330558121,0.37187168448633506,0.3973443548201636,0.518470529494655,0.7488840556894983,0.3332639906302071,0.3216626701199705,0.30363657559253776,0.2667669504311383,0.26528631291871074,0.29095557329214017,0.4208135634172117,0.2983872417996155,0.45775980581144915,0.24491927533599245,0.5159306069113225,0.49422359762604195,0.38485315713141277,0.27775933734882896,0.295642637504071,0.27420178214736735,0.570507337137529,0.42205813959357014,0.6484257499747824,0.220649760796407,0.23902137177950045,0.1377415233183361,0.11876365626357395,0.11923754724758318,0.1351026935949491,0.17833238548255353,0.0753321364889874,0.3993036049766234,0.12331653542244217,0.2785034565286872,0.3924472335803201,0.31831914102424297,0.13201196873235385,0.20052224559162848,0.300295315677705,0.17407848297193554,0.1577660427829186,0.09521111167118365,0.1640947515438025,0.06056576088281697,0.184680568877109,0.13220102605212447,0.16934619840441584,0.5396119784048024,0.09756624473429029,0.15790398373737966,0.16031302092619618,0.0640558894707122,0.1117151879174723,0.22383215469185105,0.27008486059555953,0.12204517000817555,0.12741920432945236,0.21387936269646135,0.2116625461416236,0.0845557576456048,0.16190500618336168,0.06512780264651732,0.10453944452161026,0.048984911263241324,0.16950321264697074,0.08882208658912291,0.08781621041335584,0.04393197926388124,0.03819658026028333,0.02899368121885657,0.11109870034094713,0.1217455750853737,0.025068037042679854,0.0427371794803371,0.07186529838833607,0.05394024859157805,0.02980144771070172,0.07447402150674481,0.052363031245881445,0.018628396057753824,0.03331224628939597,0.04675719603780458,0.05488224783420052,0.09497997563161548,0.013882901716723125,0.08541265872208528,0.06325071336602245,0.10259801299807125,0.030658862167999446,0.042119807335141826,0.16052730226231388,0.14784299375690846,0.08526091720159597,0.03465755633222618,0.022173871773183525,1.205855002702714,0.07688623486734014,0.07348297946835254,0.04142940465552125,0.07945682130517742,0.038184918603764134,0.016488067814160866,0.032109661447755664,0.03504735466528926,0.060368588360020924,0.052729886317463524,0.036199143030453886,0.056963060592940165,0.03221193346448925,0.001441085039772685,0.023489249693388302,0.05675625210730306,0.04164204235379379,0.07762711892843084,0.015531165132374108,0.08079000108379546,0.09704576097513845,0.02428564144522643,0.04506407220128641,0.07746361442057542,0.07468803264757773,0.06543759958982776,0.016803106078902768,0.025835498594680758,0.01727222656901052,0.012808142098990293,0.13214045412668485,0.0387406297735097,0.015318422630893377,0.029868689296044335,0.030208920256078638,0.011023892082323362,0.02310476705731779,0.10256922858411902,0.010056457358884174,0.17968326003911503,0.02456263019033071,0.023567291309378024,0.003468625378209962,0.005109714102326697,0.027619686048450623,0.009410720420655522,0.016940742247014057,0.0020923633262633565,0.012300441528125042,0.039531169217623605,0.0,0.0015792870072304371,0.06756356164543667,0.0043598201407271135,0.0,0.08461978350984234,0.004076291096490857,0.01167719620352589,0.005520964337051597,0.01642172230643115,0.009863355703570364,0.004264396945376589,0.00457328724026611,0.0075932076947432744,0.001345091204134597,0.022155188473185962,0.007994531190010687,0.015867493082023176,0.06652955150703979,0.0034330775266728287,0.0,0.004078695630498271,0.004300667883353015,0.0058928445991582755,0.1037411995170989,0.017318052134629718,0.00017087986541297677,0.0,0.012111152652416034,0.010572135008750237,0.006745926899285977,0.01147634135869334,0.001979383333139681,0.0029699014090183154,0.0006406945195279255,0.008534690131994212,0.04595295380842697,0.0050899992439408185,0.021152984701630538,0.019220553543693498,0.04831175804658694,0.08806670241726079,0.06496010181133834,0.05992249303296808,0.0029923879044424094,0.0009692852821832345,0.014461905760161126,0.001234798443002554,0.0,