{"CalculationResults":{"calculation_time":8484.604525488798,"func":0.6228191952763001,"dfunc":1.6711345156811435,"fcol":1.6737788057975977,"dfcol":1.786875142511299,"y0":[1000.0,1000.0,1000.0,1000.0,1000.0,1000.0,0.0,1000.0,1000.0,1000.0,1000.0],"x1":[0.05,0.07880293000746189,0.1241980355552187,0.1957433820584432,0.3085030407155073,0.4862188704918656,0.511,0.7663094323935531,1.20774857129934,1.903482522614279,3.0],"y1":[0.0008990537909220869,0.0200584009664646,0.047937273487423944,0.06960935932767541,0.07354183619759365,0.07483124601879344,0.0,0.07779140319734323,0.07729223992723698,0.0837175422863979,0.09714084007644891],"dy1":[0.000102923699862989,0.001778643043432534,0.002833946675906685,0.004075555219625662,0.004429310224268417,0.003453965385535983,100.0,0.0033756246680147757,0.00362470469477621,0.002958142734939739,0.0033836475959955676],"x2":[0.005,0.015,0.025,0.035,0.045,0.055,0.065,0.075,0.085,0.095,0.105,0.115,0.125,0.135,0.145,0.155,0.165,0.17500000000000002,0.185,0.195,0.20500000000000002,0.215,0.225,0.23500000000000001,0.245,0.255,0.265,0.275,0.28500000000000003,0.295,0.305,0.315,0.325,0.335,0.34500000000000003,0.355,0.365,0.375,0.385,0.395,0.405,0.41500000000000004,0.425,0.435,0.445,0.455,0.465,0.47500000000000003,0.485,0.495,0.505,0.515,0.525,0.535,0.545,0.555,0.5650000000000001,0.5750000000000001,0.585,0.595,0.605,0.615,0.625,0.635,0.645,0.655,0.665,0.675,0.685,0.6950000000000001,0.705,0.715,0.725,0.735,0.745,0.755,0.765,0.775,0.785,0.795,0.805,0.8150000000000001,0.8250000000000001,0.835,0.845,0.855,0.865,0.875,0.885,0.895,0.905,0.915,0.925,0.935,0.9450000000000001,0.9550000000000001,0.965,0.975,0.985,0.995,1.0050000000000001,1.0150000000000001,1.025,1.035,1.045,1.055,1.065,1.075,1.085,1.095,1.105,1.115,1.125,1.135,1.145,1.155,1.165,1.175,1.185,1.195,1.205,1.215,1.225,1.235,1.245,1.2550000000000001,1.2650000000000001,1.2750000000000001,1.285,1.295,1.305,1.315,1.325,1.335,1.345,1.355,1.365,1.375,1.385,1.395,1.405,1.415,1.425,1.435,1.445,1.455,1.465,1.475,1.485,1.495,1.5050000000000001,1.5150000000000001,1.5250000000000001,1.5350000000000001,1.545,1.555,1.565,1.575,1.585,1.595,1.605,1.615,1.625,1.635,1.645,1.655,1.665,1.675,1.685,1.695,1.705,1.715,1.725,1.735,1.745,1.7550000000000001,1.7650000000000001,1.7750000000000001,1.7850000000000001,1.795,1.805,1.815,1.825,1.835,1.845,1.855,1.865,1.875,1.885,1.895,1.905,1.915,1.925,1.935,1.945,1.955,1.965,1.975,1.985,1.995,2.005,2.015,2.025,2.035,2.045,2.055,2.065,2.075,2.085,2.095,2.105,2.115,2.125,2.1350000000000002,2.145,2.1550000000000002,2.165,2.1750000000000003,2.185,2.195,2.205,2.215,2.225,2.235,2.245,2.255,2.265,2.275,2.285,2.295,2.305,2.315,2.325,2.335,2.345,2.355,2.365,2.375,2.3850000000000002,2.395,2.4050000000000002,2.415,2.4250000000000003,2.435,2.445,2.455,2.465,2.475,2.485,2.495,2.505,2.515,2.525,2.535,2.545,2.555,2.565,2.575,2.585,2.595,2.605,2.615,2.625,2.6350000000000002,2.645,2.6550000000000002,2.665,2.6750000000000003,2.685,2.695,2.705,2.715,2.725,2.735,2.745,2.755,2.765,2.775,2.785,2.795,2.805,2.815,2.825,2.835,2.845,2.855,2.865,2.875,2.8850000000000002,2.895,2.9050000000000002,2.915,2.9250000000000003,2.935,2.945,2.955,2.965,2.975,2.985,2.995],"y2":[0.0,5.193582951535549e-35,4.4627597434196674e-8,0.00230059245725345,0.21467927882253285,1.141728088433918,3.391588544232622,6.0420043421523,7.169903687996786,8.091770144615761,7.305213171396858,9.663226744579603,6.992404808352964,6.298062018944988,6.013214393575888,6.350813344688808,5.5800957066213455,5.151094346886314,5.904598067085487,4.280133211217292,3.9069963092520914,2.8366327638661675,3.0458344596255533,3.2075444461157887,3.2070511406543623,2.9254546420356826,2.472504091363962,2.4150662432168053,2.4258232798747295,1.932703888380489,2.1423446222879243,1.325635294190741,1.2757437666039306,1.1012878708325984,1.254483796239775,1.1754441923144694,1.114700044308467,1.1894432405008217,1.5173068116072086,1.1113798823011236,1.0710778416378666,0.9102515977833776,1.3799400086342675,0.9083827692814356,0.853550901867745,0.6211899205318016,1.4180993706453846,0.8934852284267998,0.46885948619307727,0.8691170104196283,0.5692375764199349,1.0060141915279739,0.5425866890317709,0.5789961072902284,0.47523414269392666,0.5804593724483809,0.3518352641762306,0.447244526508307,0.5541804528166709,0.5307616348584936,0.9474246954922688,0.279855559787413,0.47638409627523254,0.3120441765545635,0.45889922677188916,0.32382635120167486,0.62466300033424,0.4082919419486074,0.24774044896753622,0.3465754960430683,0.4149628258461888,0.24959188040955388,0.2780791424889386,0.2659875208034139,0.414457403809784,0.14997358695741098,0.5580901775913003,0.15489070326090526,0.1532211924049336,0.18396137742405896,0.2148129358128904,0.1098382116500384,0.1523947114399279,0.17352952395914106,0.15689707685589788,0.15751660936116135,0.19145908274167645,0.29774767287180903,0.17989749587748657,0.13797285403918153,0.06795520899899836,0.2431438759534897,0.25545080220351696,0.1687597677155246,0.24579947520274253,0.18965678532018598,0.1335228667305036,0.2692020527727617,0.09890232296643682,0.14750979497988875,0.23279802701895924,0.12635946961985706,0.2701295457195394,0.17880557082025486,0.09351719567560043,0.1107811610508707,0.31329489361197554,0.15423349770027484,0.2621503957616799,0.2335948914313974,0.07684903086756624,0.1452603169517106,0.10729462687028216,0.15581774142258834,0.11558368711244543,0.3637705714671763,0.19829187076771784,0.12067820345847315,0.03231260867435385,0.03748025538280241,0.07406090723676297,0.028637965019054537,0.07299597365388073,0.019070520328584032,0.03796686952343652,0.053506279617121476,0.023873813867019013,0.05652996895921086,0.040730150948317216,0.1195939959049554,0.10237710151903738,0.1554363229537625,0.06849764750438334,0.035287411118704835,0.031483648842859285,0.019886911184859177,0.13205070964527665,0.009380971375508234,0.031493689671307404,0.14278644824272146,0.07169845526270649,0.06418146671221105,0.04971642728172804,0.03451070152998653,0.03203798775500351,0.022062944507895234,0.005905154382535083,0.02140043550893363,0.023310620726837657,0.20420599037367054,0.021366276674583344,0.0268454990290459,0.034973907888691286,0.02891161378460827,0.181792711408083,0.02714032462644001,0.03768588404978433,0.03717372124485456,0.026554709088994856,0.01107873281963491,0.10859659314648987,0.025056029526441127,0.02832289638264504,0.03326071774780782,0.029620560275403073,0.028428684632216036,0.07784195206065643,0.035394727320720826,0.0944067481474229,0.03747596965929906,0.028036985545029564,0.03921804874400284,0.0916997695233572,0.18427121934386806,0.006723175875187359,0.0024515365770769017,0.05379918343933056,0.004069050853073117,0.011900315323698977,0.00266309507844943,0.15200593259931677,0.10800810177233561,0.004113773044799072,0.019478859361908137,0.03791474643013313,0.08176701260539801,0.1223616080037683,0.1104621268601761,0.07136523101557272,0.01919238040672087,0.023841769410893894,0.01390430107628792,0.0024069292495630013,0.004416538070598329,0.010157962455687154,0.00007855892317159264,0.0,0.02625973714810591,0.021543644647630505,0.07637643649719505,0.10812060955501253,0.6132410490307548,0.009264550921819839,0.008055031029840204,0.0018852863555671108,0.0041516755533318956,0.0051801850352855465,0.0,0.016515391630993997,0.00010487512398243802,0.05533398285473425,0.00733534288931388,0.007115207983366843,0.15990074941651128,0.016540060089762863,0.0038340959795551163,0.0,0.004615848860666047,0.018021592848142004,0.0008855279258271308,0.0007891432224272235,0.001154338589639348,0.006643417591038997,0.0008792528230112268,0.03735206832250982,0.008481067946260142,0.011055938746684701,0.0005004489952879854,0.02866382601358387,0.0,0.0002918606093387654,0.011073597971464129,0.004307653879242545,0.028470775108530643,0.006859453345640212,0.007662498075147997,0.0003613670900630883,0.034755304608766836,0.014302361631264415,0.00313039179127294,0.04934322376510165,0.006541575946737594,0.0025200849079105706,0.00003570332641779788,0.021292127764540866,0.014228786742138991,