{"CalculationResults":{"func":0.003245034407205827,"dfunc":2.901805918438652,"fcol":0.03894016582734769,"dfcol":4.520789236942225,"y0":[1000.0,1000.0,1000.0,1000.0,1000.0,1000.0,0.0,1000.0,1000.0,1000.0,1000.0],"x1":[0.05,0.07880293000746189,0.1241980355552187,0.1957433820584432,0.3085030407155073,0.4862188704918656,0.511,0.7663094323935531,1.20774857129934,1.903482522614279,3.0],"y1":[1.2977014030796775e-8,0.0000015879042104954917,0.000008935246800934858,0.000027900631421960467,0.00006599847129844833,0.0001276207612700766,0.0,0.0002585287842010778,0.0005081756802451105,0.0007848311663204493,0.0014614427844232424],"dy1":[3.3468954291900266e-9,2.387337147332329e-7,0.0000010308396904353785,0.0000033962108405574617,0.00000682113203126856,0.000011777306038676014,100.0,0.00002258801971239209,0.00003111335665262403,0.00003957988856461239,0.00007311228282263768],"x2":[0.005,0.015,0.025,0.035,0.045,0.055,0.065,0.075,0.085,0.095,0.105,0.115,0.125,0.135,0.145,0.155,0.165,0.17500000000000002,0.185,0.195,0.20500000000000002,0.215,0.225,0.23500000000000001,0.245,0.255,0.265,0.275,0.28500000000000003,0.295,0.305,0.315,0.325,0.335,0.34500000000000003,0.355,0.365,0.375,0.385,0.395,0.405,0.41500000000000004,0.425,0.435,0.445,0.455,0.465,0.47500000000000003,0.485,0.495,0.505,0.515,0.525,0.535,0.545,0.555,0.5650000000000001,0.5750000000000001,0.585,0.595,0.605,0.615,0.625,0.635,0.645,0.655,0.665,0.675,0.685,0.6950000000000001,0.705,0.715,0.725,0.735,0.745,0.755,0.765,0.775,0.785,0.795,0.805,0.8150000000000001,0.8250000000000001,0.835,0.845,0.855,0.865,0.875,0.885,0.895,0.905,0.915,0.925,0.935,0.9450000000000001,0.9550000000000001,0.965,0.975,0.985,0.995,1.0050000000000001,1.0150000000000001,1.025,1.035,1.045,1.055,1.065,1.075,1.085,1.095,1.105,1.115,1.125,1.135,1.145,1.155,1.165,1.175,1.185,1.195,1.205,1.215,1.225,1.235,1.245,1.2550000000000001,1.2650000000000001,1.2750000000000001,1.285,1.295,1.305,1.315,1.325,1.335,1.345,1.355,1.365,1.375,1.385,1.395,1.405,1.415,1.425,1.435,1.445,1.455,1.465,1.475,1.485,1.495,1.5050000000000001,1.5150000000000001,1.5250000000000001,1.5350000000000001,1.545,1.555,1.565,1.575,1.585,1.595,1.605,1.615,1.625,1.635,1.645,1.655,1.665,1.675,1.685,1.695,1.705,1.715,1.725,1.735,1.745,1.7550000000000001,1.7650000000000001,1.7750000000000001,1.7850000000000001,1.795,1.805,1.815,1.825,1.835,1.845,1.855,1.865,1.875,1.885,1.895,1.905,1.915,1.925,1.935,1.945,1.955,1.965,1.975,1.985,1.995,2.005,2.015,2.025,2.035,2.045,2.055,2.065,2.075,2.085,2.095,2.105,2.115,2.125,2.1350000000000002,2.145,2.1550000000000002,2.165,2.1750000000000003,2.185,2.195,2.205,2.215,2.225,2.235,2.245,2.255,2.265,2.275,2.285,2.295,2.305,2.315,2.325,2.335,2.345,2.355,2.365,2.375,2.3850000000000002,2.395,2.4050000000000002,2.415,2.4250000000000003,2.435,2.445,2.455,2.465,2.475,2.485,2.495,2.505,2.515,2.525,2.535,2.545,2.555,2.565,2.575,2.585,2.595,2.605,2.615,2.625,2.6350000000000002,2.645,2.6550000000000002,2.665,2.6750000000000003,2.685,2.695,2.705,2.715,2.725,2.735,2.745,2.755,2.765,2.775,2.785,2.795,2.805,2.815,2.825,2.835,2.845,2.855,2.865,2.875,2.8850000000000002,2.895,2.9050000000000002,2.915,2.9250000000000003,2.935,2.945,2.955,2.965,2.975,2.985,2.995],"y2":[0.0,0.0,8.952897987558395e-29,0.00009594480506462566,0.005821142559527082,0.0740753176955885,0.13522460388863083,0.1541056257995452,0.17199154439655562,0.1748266052222356,0.21676356251826195,0.13039506517434749,0.19067101508033873,0.1467638330142177,0.09041633802621156,0.08251346488725428,0.07936841978844707,0.11350055909959576,0.03995075265646645,0.053002218658921865,0.05022685461415154,0.16687880504090133,0.04758643573901018,0.1366446859093779,0.02982892773732368,0.045599170562519845,0.06279746950644859,0.0669039105799846,0.06957466840800618,0.0324498924917959,0.029318401467307076,0.025405686896838222,0.02504413784427883,0.01351425939417592,0.05492446972868438,0.014207998880300488,0.028932904172172265,0.03674737234592613,0.034440927149389344,0.015568697621570458,0.01469402806990084,0.022503392750664247,0.015844333287445028,0.027064249356679546,0.008079075653772538,0.014778236921036667,0.009443239852740917,0.03215805416998595,0.01039876716413302,0.009103214901989376,0.008593311466121073,0.030784549717472253,0.023601815741374425,0.009155812045380522,0.004914410891025252,0.00624445846532047,0.004120305969058262,0.0033983682132384865,0.004211098817367555,0.005382207255707917,0.013890823628420645,0.03070388333211587,0.0019944119998663913,0.01102388376633839,0.005285616669195537,0.0016369033657690855,0.005453426657915532,0.0036371444922630373,0.03705346523767171,0.00849056659126175,0.02152004176655583,0.011745009289873059,0.005531025501503355,0.03585904590633502,0.004116604801609908,0.01538745329252341,0.009503024083504657,0.0025521760193605945,0.010143703942014217,0.02296255653776079,0.0035064488522534064,0.014497652516161322,0.006731115179097997,0.001816293656124225,0.0028657388282965473,0.0018925808159067246,0.007606634366943391,0.007495107529473495,0.00022015470323674032,0.003032733638322208,0.012203080141664126,0.0032101506757921307,0.0018027842121489872,0.010945459393738425,0.002207101524220991,0.0057120938573331165,0.0007062097871626572,0.001828225193164145,0.010740552070757622,0.004283695359139033,0.006574111068439804,0.011595793807731942,0.004194692299221742,0.0009949953721445635,0.006770820915254659,0.008238532838228356,0.0027522061238302712,0.002025881593698997,0.00034316535959070334,0.01715941627954414,0.0027601347459495574,0.006762819183088527,0.014986614430562673,0.002704671240714899,0.001697346925475332,0.0004931047695344664,0.0057469342814353815,0.0013760542881278786,0.009460527070573758,0.0019265903846654609,0.007643649836892013,0.0009535192862871383,0.0002967574089329494,0.010332816673585732,0.0006370696890843964,0.0013753844716957583,0.0006372937564480138,0.017666790101898453,0.007993668954307157,0.010713523713267111,0.0018671599885654827,0.0004438889072342012,0.011609238022920949,0.00116057830311701,0.0013723392481047706,0.0035796030911446103,0.000585202909479177,0.034865336922876224,0.00020199338457446516,0.0007828761090784212,0.0008363288044281951,0.00005680305798448385,0.001793278740088529,0.0005002943916565074,0.001194121140313495,0.0010778803739372742,0.00023571907706676596,0.0005510116078079755,0.00017383399082416553,0.005041566287861003,0.0028695065369486058,0.000025999720622597415,0.0021015475048964216,0.0042285856596122225,0.0006169859214060407,0.00001152125012859413,0.002610849344344142,0.0005200641485693905,0.00006859907682961859,0.0014569336165401196,0.0006750372348742341,0.0011969506559681008,0.0004936200150119183,0.00030665031567034577,0.0005686382874263137,0.001269858921723389,0.0026544689367779773,0.0008769044500015854,0.00006786747094407415,0.0006582394766597444,0.00030915628263328314,0.021088849518376654,0.00646217112790742,0.00038692419082983536,0.0012770957708169728,0.00006500805194260014,0.0036552506549498032,0.00046876306312282183,0.0007603730109536624,0.00002863659273821632,0.0013184094737963186,0.004218619627863665,0.0000031902711146268863,0.0009640975323111927,0.0016114329083234114,0.0000816491855014285,0.00017612957045174847,0.002066390166454104,0.00006556083304223814,0.00432531882688698,0.00023668974696138865,0.000006150462660386284,0.001006714413299727,0.0018457403510013248,0.0003641402715606828,4.7104039884596847e-7,0.000237574419722886,0.0007264470327072912,0.000028485943339631937,0.002047115916217379,0.000056157992410047984,0.001339895299117018,0.00001030958356124059,0.000038575828688757706,0.004948599079130839,0.000012453819518447735,0.000028594772981431468,2.596793896942894e-8,0.00001445238506510592,0.000003695979961738435,0.000021848875190317978,0.01075286707707866,0.002672426455523148,0.0000044114101596614285,0.0022342767173970475,2.864117889090425e-8,0.0000015234544066016758,0.0006645356140863575,0.0000015800929387973059,0.0,0.00003518131956839647,0.00018260240366706307,0.0004932667091129982,0.008666148901696912,3.152213135564788e-8,0.000710768672082297,