{"CalculationResults":{"calculation_time":139011.55777641476,"func":0.006679775912989618,"dfunc":2.9320417078709036,"fcol":0.05728780369528415,"dfcol":4.770498501727284,"y0":[1000.0,1000.0,1000.0,1000.0,1000.0,1000.0,0.0,1000.0,1000.0,1000.0,1000.0],"x1":[0.05,0.07880293000746189,0.1241980355552187,0.1957433820584432,0.3085030407155073,0.4862188704918656,0.511,0.7663094323935531,1.20774857129934,1.903482522614279,3.0],"y1":[5.589130453398134e-9,0.000001600949757089839,0.000015346039328611922,0.00004230382211982044,0.00010270150042682055,0.00022413489483425625,0.0,0.0004885839445437137,0.000963683903625698,0.0015627350521278548,0.003278680217095299],"dy1":[2.3458344543521766e-9,2.5432345729871915e-7,0.0000018763233486863077,0.000004972481891461711,0.000010149271337566689,0.000022120889267605203,100.0,0.00004340313037995386,0.00006210083425722053,0.00008434491333760278,0.00015357625573456438],"x2":[0.005,0.015,0.025,0.035,0.045,0.055,0.065,0.075,0.085,0.095,0.105,0.115,0.125,0.135,0.145,0.155,0.165,0.17500000000000002,0.185,0.195,0.20500000000000002,0.215,0.225,0.23500000000000001,0.245,0.255,0.265,0.275,0.28500000000000003,0.295,0.305,0.315,0.325,0.335,0.34500000000000003,0.355,0.365,0.375,0.385,0.395,0.405,0.41500000000000004,0.425,0.435,0.445,0.455,0.465,0.47500000000000003,0.485,0.495,0.505,0.515,0.525,0.535,0.545,0.555,0.5650000000000001,0.5750000000000001,0.585,0.595,0.605,0.615,0.625,0.635,0.645,0.655,0.665,0.675,0.685,0.6950000000000001,0.705,0.715,0.725,0.735,0.745,0.755,0.765,0.775,0.785,0.795,0.805,0.8150000000000001,0.8250000000000001,0.835,0.845,0.855,0.865,0.875,0.885,0.895,0.905,0.915,0.925,0.935,0.9450000000000001,0.9550000000000001,0.965,0.975,0.985,0.995,1.0050000000000001,1.0150000000000001,1.025,1.035,1.045,1.055,1.065,1.075,1.085,1.095,1.105,1.115,1.125,1.135,1.145,1.155,1.165,1.175,1.185,1.195,1.205,1.215,1.225,1.235,1.245,1.2550000000000001,1.2650000000000001,1.2750000000000001,1.285,1.295,1.305,1.315,1.325,1.335,1.345,1.355,1.365,1.375,1.385,1.395,1.405,1.415,1.425,1.435,1.445,1.455,1.465,1.475,1.485,1.495,1.5050000000000001,1.5150000000000001,1.5250000000000001,1.5350000000000001,1.545,1.555,1.565,1.575,1.585,1.595,1.605,1.615,1.625,1.635,1.645,1.655,1.665,1.675,1.685,1.695,1.705,1.715,1.725,1.735,1.745,1.7550000000000001,1.7650000000000001,1.7750000000000001,1.7850000000000001,1.795,1.805,1.815,1.825,1.835,1.845,1.855,1.865,1.875,1.885,1.895,1.905,1.915,1.925,1.935,1.945,1.955,1.965,1.975,1.985,1.995,2.005,2.015,2.025,2.035,2.045,2.055,2.065,2.075,2.085,2.095,2.105,2.115,2.125,2.1350000000000002,2.145,2.1550000000000002,2.165,2.1750000000000003,2.185,2.195,2.205,2.215,2.225,2.235,2.245,2.255,2.265,2.275,2.285,2.295,2.305,2.315,2.325,2.335,2.345,2.355,2.365,2.375,2.3850000000000002,2.395,2.4050000000000002,2.415,2.4250000000000003,2.435,2.445,2.455,2.465,2.475,2.485,2.495,2.505,2.515,2.525,2.535,2.545,2.555,2.565,2.575,2.585,2.595,2.605,2.615,2.625,2.6350000000000002,2.645,2.6550000000000002,2.665,2.6750000000000003,2.685,2.695,2.705,2.715,2.725,2.735,2.745,2.755,2.765,2.775,2.785,2.795,2.805,2.815,2.825,2.835,2.845,2.855,2.865,2.875,2.8850000000000002,2.895,2.9050000000000002,2.915,2.9250000000000003,2.935,2.945,2.955,2.965,2.975,2.985,2.995],"y2":[0.0,0.0,1.2730373911539724e-25,0.0000014657936628160139,0.00277689769504116,0.011930157893431489,0.10943311952315701,0.12297606669501357,0.3035573265819081,0.1885630923914119,0.17810642042564775,0.18548949032722448,0.16960463233439557,0.15275794620214356,0.1769389367928341,0.159778242505874,0.1525081067946538,0.10255628732268524,0.10916665632995726,0.07076440613993087,0.10472173647363156,0.1737405143896822,0.24355979737808392,0.11704655518316932,0.06210142814966935,0.0739775234388937,0.048410584099540944,0.05053433209222808,0.02897157241491257,0.0972741893318618,0.08482876233744018,0.05572140408318292,0.029804015410133774,0.055683156952986895,0.030495812261835044,0.08585871903844128,0.05428285855115911,0.02707515010115475,0.05202768331348863,0.14292212314998,0.03033576991262474,0.03437966200985091,0.05384786741669684,0.024460750596819146,0.060538797120574486,0.049908718232692766,0.02805057018438403,0.05644570515003915,0.012406599855472298,0.022092888374311528,0.018653804804596167,0.03208120666332202,0.019461682967294384,0.02112868617703843,0.032195875940548,0.024613714381320262,0.016796613425736847,0.010937294730055669,0.01474481735723142,0.012321017408027123,0.006675243301451002,0.02993760547757256,0.024051503574402007,0.004972154027358582,0.037968189900411765,0.014656037822704535,0.00760777905843946,0.03087122782897985,0.028403956585912393,0.024888219615231022,0.028509486979507156,0.007477354002488759,0.009542264284757922,0.008108186787592215,0.0345981470182437,0.014119580644764793,0.00250803093183206,0.009531029124740515,0.008200569537134876,0.011080590370443606,0.006981289517486569,0.011787609066385558,0.0018157266590685711,0.014208793222775355,0.004383887252670503,0.0166184429001021,0.002922176386172092,0.012896311801664832,0.0201077674362337,0.00982444096055454,0.004004270629383301,0.022675114911971647,0.006285091488790853,0.018092043684503272,0.0021869389101076735,0.004378372361792,0.016585905636625178,0.0025475444876285466,0.002821797166698967,0.011877601874832297,0.00825622780331448,0.01656971566689295,0.04682641812086147,0.007860730138689999,0.0018123155412919153,0.004660231142794875,0.07104095649478669,0.004674815222343735,0.0017300844780874579,0.01103117952207025,0.002694306324844983,0.0506109559483112,0.00483831826447402,0.005826737444435599,0.002131352816243367,0.002366180058831439,0.0008528495678251167,0.017858514814021405,0.011065702804766138,0.005306305071198631,0.014754269977080849,0.0009925218090298135,0.0027427501192493,0.004521566450738636,0.0023973029814646192,0.0021166668515678003,0.028634496008856685,0.00013747144736711027,0.0003212456887751174,0.0014782744494547524,0.00043434706778858385,0.0025217713616781656,0.009534540963727007,0.0020611133825653985,0.0023179524592344012,0.0033299020628546495,0.023283118028307702,0.009207810953566644,0.0010808459863657501,0.0017924677985320407,0.0001953696167714065,0.0019616660526275633,0.0001741232664323552,0.004912773645333638,0.001610826253261081,0.0002702562653313839,0.016005254603542896,0.0006398166631606567,0.04161274981362295,0.000626664660261562,0.000041618168791287005,0.0008019136542192364,0.0032839593223828417,0.00012556693404413538,0.0008478492718210275,0.0005169064287949034,0.002243879616955642,0.003863708853464259,0.0005867128913176245,0.0033028356831764924,0.0017000661079833682,0.000042566737562042906,0.0010596374834896528,0.000878102011731718,0.007853652052812216,0.00020495628226027487,0.0006322563121766232,0.008238872825631408,0.0020914240441772263,0.00171315865743208,0.0036952564625670164,0.006475482199317096,0.00021768665557373492,0.0012231644129981716,0.000047012937463081253,0.012107911724105032,0.0022568746544366883,0.0028178332053509308,0.00008589012055473822,0.004619677325884904,0.005893591930448368,0.0011992001375903585,0.012352981025070318,0.0012606564556003495,0.0011201732022804558,0.00010096202149667408,0.0009285209118942775,0.0011555592525636128,0.005808822306283668,0.0003599469129606539,0.00013427204868361034,0.002654087222785616,0.00180143033816191,0.003498347982138165,0.0005487278943746604,0.029869033203577283,0.00045766702148883895,0.00011819265773926537,0.00020716229344042763,0.00004017708112450222,1.7027184903106214e-7,0.0030785490640149703,0.0000325149427002641,0.0032730777354706055,0.00009367001054086786,0.00005496173322757059,0.0024892872626958384,0.002328195406606461,0.00031015491928480245,0.030084292497195745,0.001484971501714727,0.010533312453334269,0.0000032204527173574494,0.0009524421658007303,0.007871031871249736,2.3645974047339785e-9,0.011446274316617608,0.01260400474115414,0.0026694972662100157,0.0008219435280871666,0.000002035807806976264,0.007603664848301675,0.01129816656323835,0.0008562433561949918,0.00007201509325317364,0.0043546695719512436,0.0010399614535451522,