{"CalculationResults":{"calculation_time":262538.9597133976,"func":0.003031353342552674,"dfunc":3.1162987764405736,"fcol":0.03584818797993334,"dfcol":4.460559991038576,"y0":[1000.0,1000.0,1000.0,1000.0,1000.0,1000.0,0.0,1000.0,1000.0,1000.0,1000.0],"x1":[0.05,0.07880293000746189,0.1241980355552187,0.1957433820584432,0.3085030407155073,0.4862188704918656,0.511,0.7663094323935531,1.20774857129934,1.903482522614279,3.0],"y1":[6.718042745304306e-9,0.000001449236995624897,0.000009086364496714167,0.00002853229968096811,0.00006025062631774257,0.00010442780219661901,0.0,0.0002329375425623713,0.0004499001733392952,0.0006736615517898331,0.0014711010271307604],"dy1":[1.716249177420194e-9,2.212625846684207e-7,0.0000010167803885263784,0.000003482904197238467,0.000006083376240563536,0.000009322345276841313,100.0,0.0000204985018615149,0.00003148452592910244,0.00003888149901666638,0.00007485561267817321],"x2":[0.005,0.015,0.025,0.035,0.045,0.055,0.065,0.075,0.085,0.095,0.105,0.115,0.125,0.135,0.145,0.155,0.165,0.17500000000000002,0.185,0.195,0.20500000000000002,0.215,0.225,0.23500000000000001,0.245,0.255,0.265,0.275,0.28500000000000003,0.295,0.305,0.315,0.325,0.335,0.34500000000000003,0.355,0.365,0.375,0.385,0.395,0.405,0.41500000000000004,0.425,0.435,0.445,0.455,0.465,0.47500000000000003,0.485,0.495,0.505,0.515,0.525,0.535,0.545,0.555,0.5650000000000001,0.5750000000000001,0.585,0.595,0.605,0.615,0.625,0.635,0.645,0.655,0.665,0.675,0.685,0.6950000000000001,0.705,0.715,0.725,0.735,0.745,0.755,0.765,0.775,0.785,0.795,0.805,0.8150000000000001,0.8250000000000001,0.835,0.845,0.855,0.865,0.875,0.885,0.895,0.905,0.915,0.925,0.935,0.9450000000000001,0.9550000000000001,0.965,0.975,0.985,0.995,1.0050000000000001,1.0150000000000001,1.025,1.035,1.045,1.055,1.065,1.075,1.085,1.095,1.105,1.115,1.125,1.135,1.145,1.155,1.165,1.175,1.185,1.195,1.205,1.215,1.225,1.235,1.245,1.2550000000000001,1.2650000000000001,1.2750000000000001,1.285,1.295,1.305,1.315,1.325,1.335,1.345,1.355,1.365,1.375,1.385,1.395,1.405,1.415,1.425,1.435,1.445,1.455,1.465,1.475,1.485,1.495,1.5050000000000001,1.5150000000000001,1.5250000000000001,1.5350000000000001,1.545,1.555,1.565,1.575,1.585,1.595,1.605,1.615,1.625,1.635,1.645,1.655,1.665,1.675,1.685,1.695,1.705,1.715,1.725,1.735,1.745,1.7550000000000001,1.7650000000000001,1.7750000000000001,1.7850000000000001,1.795,1.805,1.815,1.825,1.835,1.845,1.855,1.865,1.875,1.885,1.895,1.905,1.915,1.925,1.935,1.945,1.955,1.965,1.975,1.985,1.995,2.005,2.015,2.025,2.035,2.045,2.055,2.065,2.075,2.085,2.095,2.105,2.115,2.125,2.1350000000000002,2.145,2.1550000000000002,2.165,2.1750000000000003,2.185,2.195,2.205,2.215,2.225,2.235,2.245,2.255,2.265,2.275,2.285,2.295,2.305,2.315,2.325,2.335,2.345,2.355,2.365,2.375,2.3850000000000002,2.395,2.4050000000000002,2.415,2.4250000000000003,2.435,2.445,2.455,2.465,2.475,2.485,2.495,2.505,2.515,2.525,2.535,2.545,2.555,2.565,2.575,2.585,2.595,2.605,2.615,2.625,2.6350000000000002,2.645,2.6550000000000002,2.665,2.6750000000000003,2.685,2.695,2.705,2.715,2.725,2.735,2.745,2.755,2.765,2.775,2.785,2.795,2.805,2.815,2.825,2.835,2.845,2.855,2.865,2.875,2.8850000000000002,2.895,2.9050000000000002,2.915,2.9250000000000003,2.935,2.945,2.955,2.965,2.975,2.985,2.995],"y2":[0.0,0.0,7.257109282167533e-22,0.0001695179187576291,0.01420531532372566,0.030402268206928918,0.11735831489946973,0.13688862424510537,0.16568612164396496,0.15758877066355967,0.1395089203843302,0.1251960460446382,0.15312111083912158,0.10381321913808711,0.12866643311625758,0.06853196815691476,0.11533579001025521,0.08999768740323698,0.07713323557939111,0.041236801034389085,0.06596495033471361,0.08754557698511484,0.1465148556209066,0.06192186226106472,0.032767536296873484,0.049987025400207774,0.026667005922829317,0.03238233104622806,0.03250705727063874,0.04800610623532896,0.03655034788613257,0.02938928192077895,0.019237103605016095,0.02943478373901034,0.05683443548590198,0.031468870470465565,0.028868029323660754,0.020071839877590293,0.025204283572091334,0.08187953561473402,0.02099926202676804,0.03468617177730182,0.011515841685578091,0.04071839134150902,0.017248844343276597,0.012347804033765368,0.02727005542898803,0.02738293378093445,0.008930114398614552,0.004507407090117598,0.010176117658300891,0.012605958750855073,0.005747348716842784,0.008726137796499724,0.017150673754599142,0.013021708032795162,0.005766169979415062,0.006360620584472343,0.014588164769176347,0.005887651711395088,0.002718374486716222,0.012798843100572015,0.0018547826006384042,0.040315866983639266,0.004870384631788557,0.007116588055849012,0.010568496352318955,0.01060227655046219,0.01587137274355187,0.0023088120589145377,0.008560312237420117,0.004930104353117894,0.0024171241837507933,0.007682482461520286,0.0038364948515012235,0.006717828626330891,0.01756405053279528,0.003416610858304604,0.0011856722296758652,0.0019201190457461257,0.011023339061179685,0.0008349182264578719,0.007239926504427025,0.006738763571450973,0.0016069953253982177,0.0038534455069482083,0.006678090941314016,0.01129685756935658,0.0054861961217606645,0.0017395920516228296,0.0011371756436478636,0.00499879853992269,0.011277853636032639,0.0030733018977816867,0.0012533244684019788,0.006566049166215714,0.0076286237242010144,0.002301219798256994,0.0014343977375883932,0.008358537903916526,0.0019551371998503685,0.0046755240170715875,0.024007735497651658,0.009466978550812407,0.001893596412289384,0.0012097362289562794,0.008432813393690444,0.020370152551918604,0.0007935584181958294,0.0045645457982840705,0.024511097738306054,0.008124457844142818,0.001267753154054448,0.002082290120298481,0.0027186858062760613,0.0005023894002771769,0.00014161316257592095,0.0036631840647211745,0.007251814434769551,0.006190359658719575,0.005182797806950911,0.0012905572800678247,0.001237141493631774,0.00240603266314347,0.0013225622802450325,0.014945898762236256,0.00010548492578704084,0.000030952445830939086,0.00029437269701785174,0.000945700216683032,0.0007770104702660174,0.004340136592724362,0.0003388749240677543,0.0005974638105766797,0.0034107344401515874,0.0040757201065986445,0.012038784863606947,0.00009872846980971649,0.0004465896262330222,0.003929001551498255,0.00016256645277060034,0.0011933007529622344,0.0003815785807165429,0.00005134944874168248,0.0010190177799724045,0.0038364442917489232,0.006192082435098364,0.0268879418078819,0.00032636739747797343,0.000725558415448809,0.00005330282613844684,0.0008598273108932292,0.000043848474835494645,0.00002643322729955053,0.0004827924950830928,0.0003957097545111349,0.00023535732032692233,0.001990559046969779,0.0001549232454277965,0.001111562307063613,0.0015421879592264225,0.0004529998642562012,0.002301647021901709,0.0015976833954981352,0.0016702301742254917,0.00005466187420700832,0.000184214241834072,0.003393518751933701,0.0009413171637610958,0.00005623141109018883,2.3344111265893968e-8,0.0035106340497818274,0.00010488604638667732,0.00003209493926827695,0.0002098213345655086,0.0023150148406437918,0.013272604283849276,0.00007340510065916897,0.00011259690081600866,0.00014513717614171627,0.004075587686650868,0.0015090484270143352,0.003389486175047936,0.0011385950979563653,0.00009971794015460934,0.002853288006654314,0.0005584024458008251,0.0005252680398932574,0.002888622380255096,0.011941718634459577,0.000158202468786616,0.001084311062713215,0.0006228570473267444,0.000567089668713472,0.0009694047231071583,0.0001430847985801746,0.00031379228382653456,0.00012466878070238952,0.0010240354465910835,0.0010640258420010582,0.00451122993824342,0.011932542573199053,0.0000022650528211734855,0.000028447565855132194,1.5095751709931712e-7,0.0016724665480722216,0.00005466337017343536,0.00017607232279227058,0.007069478280472163,0.0029732623594765474,0.00038373831026789027,5.978877586473932e-7,0.001082933097746809,0.00016715542314899717,0.005958493456248844,2.76185043850843e-7,0.0026445634430521028,3.68370823291449e-8,0.000019771646199667016,0.00041929835861273697,0.000005907750190944967,0.00001503722274620351,0.007335996207420746,0.00042669672586568,