{"CalculationResults":{"calculation_time":4456.986141071975,"func":1.2117101721391743,"dfunc":1.5573484713187145,"fcol":2.622884318324395,"dfcol":1.8215246577252524,"y0":[1000.0,1000.0,1000.0,1000.0,1000.0,1000.0,0.0,1000.0,1000.0,1000.0,1000.0],"x1":[0.05,0.07880293000746189,0.1241980355552187,0.1957433820584432,0.3085030407155073,0.4862188704918656,0.511,0.7663094323935531,1.20774857129934,1.903482522614279,3.0],"y1":[0.0004779697577537515,0.022365160447698672,0.06896193577517729,0.10499342909689102,0.12901787529502143,0.14482298640998056,0.0,0.16670780867122909,0.1760168471361937,0.1829278655871255,0.2154182939621034],"dy1":[0.00008791971497817567,0.00213108752315104,0.004202598765507799,0.006073900154406318,0.007671830867553914,0.006420806769291705,100.0,0.006675153110402641,0.007540334456935804,0.005462131818561584,0.006952174257160603],"x2":[0.005,0.015,0.025,0.035,0.045,0.055,0.065,0.075,0.085,0.095,0.105,0.115,0.125,0.135,0.145,0.155,0.165,0.17500000000000002,0.185,0.195,0.20500000000000002,0.215,0.225,0.23500000000000001,0.245,0.255,0.265,0.275,0.28500000000000003,0.295,0.305,0.315,0.325,0.335,0.34500000000000003,0.355,0.365,0.375,0.385,0.395,0.405,0.41500000000000004,0.425,0.435,0.445,0.455,0.465,0.47500000000000003,0.485,0.495,0.505,0.515,0.525,0.535,0.545,0.555,0.5650000000000001,0.5750000000000001,0.585,0.595,0.605,0.615,0.625,0.635,0.645,0.655,0.665,0.675,0.685,0.6950000000000001,0.705,0.715,0.725,0.735,0.745,0.755,0.765,0.775,0.785,0.795,0.805,0.8150000000000001,0.8250000000000001,0.835,0.845,0.855,0.865,0.875,0.885,0.895,0.905,0.915,0.925,0.935,0.9450000000000001,0.9550000000000001,0.965,0.975,0.985,0.995,1.0050000000000001,1.0150000000000001,1.025,1.035,1.045,1.055,1.065,1.075,1.085,1.095,1.105,1.115,1.125,1.135,1.145,1.155,1.165,1.175,1.185,1.195,1.205,1.215,1.225,1.235,1.245,1.2550000000000001,1.2650000000000001,1.2750000000000001,1.285,1.295,1.305,1.315,1.325,1.335,1.345,1.355,1.365,1.375,1.385,1.395,1.405,1.415,1.425,1.435,1.445,1.455,1.465,1.475,1.485,1.495,1.5050000000000001,1.5150000000000001,1.5250000000000001,1.5350000000000001,1.545,1.555,1.565,1.575,1.585,1.595,1.605,1.615,1.625,1.635,1.645,1.655,1.665,1.675,1.685,1.695,1.705,1.715,1.725,1.735,1.745,1.7550000000000001,1.7650000000000001,1.7750000000000001,1.7850000000000001,1.795,1.805,1.815,1.825,1.835,1.845,1.855,1.865,1.875,1.885,1.895,1.905,1.915,1.925,1.935,1.945,1.955,1.965,1.975,1.985,1.995,2.005,2.015,2.025,2.035,2.045,2.055,2.065,2.075,2.085,2.095,2.105,2.115,2.125,2.1350000000000002,2.145,2.1550000000000002,2.165,2.1750000000000003,2.185,2.195,2.205,2.215,2.225,2.235,2.245,2.255,2.265,2.275,2.285,2.295,2.305,2.315,2.325,2.335,2.345,2.355,2.365,2.375,2.3850000000000002,2.395,2.4050000000000002,2.415,2.4250000000000003,2.435,2.445,2.455,2.465,2.475,2.485,2.495,2.505,2.515,2.525,2.535,2.545,2.555,2.565,2.575,2.585,2.595,2.605,2.615,2.625,2.6350000000000002,2.645,2.6550000000000002,2.665,2.6750000000000003,2.685,2.695,2.705,2.715,2.725,2.735,2.745,2.755,2.765,2.775,2.785,2.795,2.805,2.815,2.825,2.835,2.845,2.855,2.865,2.875,2.8850000000000002,2.895,2.9050000000000002,2.915,2.9250000000000003,2.935,2.945,2.955,2.965,2.975,2.985,2.995],"y2":[0.0,8.068256628845437e-61,3.5509197267644766e-10,0.0003551788939191244,0.08082110129951287,0.7327153984644513,2.870860125366659,6.115328724562056,9.019312883358925,11.197480034044817,9.851725233950201,13.675968006597385,10.01394453008497,8.519317460675188,8.843267288689432,8.727073026785547,8.14470481836162,7.421700988138148,8.721126819518423,6.615497364971105,5.01772505226612,5.171438761985881,4.710960229426765,5.577794193657608,5.150338153928366,4.397208142186185,4.3266257037395315,3.7622450661056517,4.292320772541896,3.276432609386346,3.4171632060375225,2.0305531931829712,2.0819636859119726,2.149478832231872,1.945772322294497,2.425133497612204,2.014001658715662,1.9790927917594023,2.2253256867837536,1.9775080447158695,2.528195482602278,2.3966505820512913,3.1988492779554427,1.5558474257173134,1.3283292045208175,1.309230201232814,2.2128886745156424,1.3098963905720675,1.190094787123689,1.090200702280857,1.153678117122855,2.1424259170764155,1.0489307655398756,1.0753246671606662,1.0273777962307733,1.0032185102485005,0.7088515532464247,0.9478060792569201,0.9755895259331144,1.137724864206962,1.171522912186517,1.3271586293823567,0.9706493752930934,0.7473742905765306,0.6622066844488446,0.9110781968774107,1.3292114442950818,0.5499723251627762,1.100559922241813,0.9751355323217419,0.45152133591073795,0.49609223752876885,0.5176140003018852,0.6214460696118328,1.220232511536746,1.0274048587884037,0.4474949769169987,0.34334108984396206,0.4660979983845099,0.5403094993403726,0.37264531655807487,0.49704951954486093,0.4324211395532733,0.3024872187669796,0.4179603127620457,0.3126062207824156,0.09489727650499623,0.4888229522330912,0.39923348271128783,0.41250696041726875,0.16430781312345238,0.3552794902142643,0.47713037689762816,0.5119756623315688,0.330974004280421,0.32151652795302627,0.32441957724394377,0.23238953299543308,0.28152140623807487,0.4321265169165768,0.172589572970237,0.21084117443637196,0.4890034701383945,0.14554357637787746,0.8500447644540292,0.8387243103787578,0.13452098753827385,0.5630636866612585,0.5549519217847326,0.24770692572211495,0.24223353715910098,0.2253199446408639,0.6752146235793809,0.3665640762138165,0.1404047517611175,0.6750690362010949,0.09065168703341644,0.10842420440896243,0.27518201939454434,0.12262340735801858,0.31994605533096915,0.06472412122069408,0.06928273923677217,0.2766100730084959,0.1626048921386644,0.16555245197425084,0.13345719257721197,0.0378964872755037,0.14104895171659265,0.0880549572742874,0.30232401423009847,0.06482781979937075,0.06652436577731456,0.40684938152411837,0.04802337295978172,0.5326852638602987,0.18093154259785243,0.10398056675435413,0.17320701725204807,0.08211701480996204,0.26131501076382285,0.10643943850745059,0.03316405482042826,0.053677860617833806,0.15587425127080218,0.006453568810081714,0.039185079596265916,0.08136059147532151,0.06358782543220974,0.13767169963430065,0.0784719012251606,0.036576781028221754,0.06770947299597277,0.048556482635931375,0.05463877535457062,0.43277255622453326,0.0689773183939804,0.014475687619509302,0.037613600205900766,0.2033172755769881,0.2946791353027177,0.09539597994081993,0.061295994093962115,0.3984163134039112,0.18129584987871247,0.13577273630600664,0.02091387019687174,0.014136161701138846,0.10122375670048475,0.5603757973356617,0.11535847977200404,0.04164400487575341,0.03035481610406516,0.041155856185760634,0.10178960116983492,0.021844183388806775,0.0921352498362757,0.014550045704127854,0.0007431073948117512,0.0044103148240244045,0.04511848784467347,0.23761766798128828,0.024152105146248097,0.36775504725688624,0.0996961807964005,0.20517234309086924,0.7190631512921917,0.000422441841729292,0.019222527896982596,0.01628922895710353,0.028835963259207006,0.21556455212366263,0.0024719527515687386,0.14816565486593247,0.008238150697851726,0.018299672809981658,0.04027700291058648,0.13317610518637274,0.0376042988889037,0.16004978880789955,0.021510935967667996,0.0009808927851682218,0.024949701896792468,0.2928063687372844,0.012560870308233614,0.0,0.00010014156693209566,0.02656709690922396,0.028932896383652193,0.005594533983096277,0.030378788083668253,0.00009823072822139348,0.0248837065634376,0.05800248695456033,0.0,0.038059471433144504,0.0008170061709097319,0.009787396227295748,0.008053178739232912,0.002840065663353396,0.00473365334857741,0.03823530649839996,0.004526737944122013,0.0007744538844935602,0.015022977710291825,0.0001478870620553825,0.0,0.011714724737801569,0.020776334925944332,0.0,0.004808197575185746,0.0,0.13322687281879686,0.002737014152302279,0.013286983436116923,0.0078006889112458115,0.024342680163737397,0.006899820387834596,0.04765907951294984,0.0,0.1572685208585102,0.08390537563224172,0.002028141221737344,0.04237697707246375,0.0,0.0016950650093735258,0.006337867956334165,0.0073793915647188645,0.0012998064814272073,0.0,0.027605820583370855,