{"CalculationResults":{"func":0.003069635243301517,"dfunc":2.8619895929123627,"fcol":0.03958634268610538,"dfcol":4.971384196832983,"y0":[1000.0,1000.0,1000.0,1000.0,1000.0,1000.0,0.0,1000.0,1000.0,1000.0,1000.0],"x1":[0.05,0.07880293000746189,0.1241980355552187,0.1957433820584432,0.3085030407155073,0.4862188704918656,0.511,0.7663094323935531,1.20774857129934,1.903482522614279,3.0],"y1":[8.795637595227906e-9,0.0000012041947000284405,0.000008110917144620348,0.00002956592483514238,0.00006042251897705681,0.00011671957815194423,0.0,0.0002588517871150823,0.0004601131538557628,0.0008026973245823204,0.0013319410483019643],"dy1":[2.11155357279474e-9,1.694468943835086e-7,9.625053133999654e-7,0.000004215092892389794,0.000006944728687081301,0.000010478685088721677,100.0,0.00002101862771499192,0.000029999580796837983,0.000044990392621335984,0.00006269817443185877],"x2":[0.005,0.015,0.025,0.035,0.045,0.055,0.065,0.075,0.085,0.095,0.105,0.115,0.125,0.135,0.145,0.155,0.165,0.17500000000000002,0.185,0.195,0.20500000000000002,0.215,0.225,0.23500000000000001,0.245,0.255,0.265,0.275,0.28500000000000003,0.295,0.305,0.315,0.325,0.335,0.34500000000000003,0.355,0.365,0.375,0.385,0.395,0.405,0.41500000000000004,0.425,0.435,0.445,0.455,0.465,0.47500000000000003,0.485,0.495,0.505,0.515,0.525,0.535,0.545,0.555,0.5650000000000001,0.5750000000000001,0.585,0.595,0.605,0.615,0.625,0.635,0.645,0.655,0.665,0.675,0.685,0.6950000000000001,0.705,0.715,0.725,0.735,0.745,0.755,0.765,0.775,0.785,0.795,0.805,0.8150000000000001,0.8250000000000001,0.835,0.845,0.855,0.865,0.875,0.885,0.895,0.905,0.915,0.925,0.935,0.9450000000000001,0.9550000000000001,0.965,0.975,0.985,0.995,1.0050000000000001,1.0150000000000001,1.025,1.035,1.045,1.055,1.065,1.075,1.085,1.095,1.105,1.115,1.125,1.135,1.145,1.155,1.165,1.175,1.185,1.195,1.205,1.215,1.225,1.235,1.245,1.2550000000000001,1.2650000000000001,1.2750000000000001,1.285,1.295,1.305,1.315,1.325,1.335,1.345,1.355,1.365,1.375,1.385,1.395,1.405,1.415,1.425,1.435,1.445,1.455,1.465,1.475,1.485,1.495,1.5050000000000001,1.5150000000000001,1.5250000000000001,1.5350000000000001,1.545,1.555,1.565,1.575,1.585,1.595,1.605,1.615,1.625,1.635,1.645,1.655,1.665,1.675,1.685,1.695,1.705,1.715,1.725,1.735,1.745,1.7550000000000001,1.7650000000000001,1.7750000000000001,1.7850000000000001,1.795,1.805,1.815,1.825,1.835,1.845,1.855,1.865,1.875,1.885,1.895,1.905,1.915,1.925,1.935,1.945,1.955,1.965,1.975,1.985,1.995,2.005,2.015,2.025,2.035,2.045,2.055,2.065,2.075,2.085,2.095,2.105,2.115,2.125,2.1350000000000002,2.145,2.1550000000000002,2.165,2.1750000000000003,2.185,2.195,2.205,2.215,2.225,2.235,2.245,2.255,2.265,2.275,2.285,2.295,2.305,2.315,2.325,2.335,2.345,2.355,2.365,2.375,2.3850000000000002,2.395,2.4050000000000002,2.415,2.4250000000000003,2.435,2.445,2.455,2.465,2.475,2.485,2.495,2.505,2.515,2.525,2.535,2.545,2.555,2.565,2.575,2.585,2.595,2.605,2.615,2.625,2.6350000000000002,2.645,2.6550000000000002,2.665,2.6750000000000003,2.685,2.695,2.705,2.715,2.725,2.735,2.745,2.755,2.765,2.775,2.785,2.795,2.805,2.815,2.825,2.835,2.845,2.855,2.865,2.875,2.8850000000000002,2.895,2.9050000000000002,2.915,2.9250000000000003,2.935,2.945,2.955,2.965,2.975,2.985,2.995],"y2":[0.0,0.0,1.2065610607071587e-29,0.005200473564444891,0.019267249812336053,0.06663902410467938,0.0602486837663908,0.22541839678066236,0.16158372005426444,0.18085847904770777,0.18758955229024432,0.11347652427859717,0.10994819926114316,0.09356317599081124,0.09585888619364442,0.0798482604288068,0.10273891909552638,0.10861849958031579,0.08407892980760641,0.08700368063124776,0.05214419928130819,0.04920755205359213,0.03557177380976679,0.045010781550430264,0.07020613462711585,0.10071217871631685,0.044587892449039865,0.029535345703841386,0.05396570140836902,0.021291745602586423,0.023178589911838767,0.02427226678445628,0.061807348129310914,0.03806927397449282,0.053187091103094164,0.02049787182572121,0.028910563489332724,0.027009876388438863,0.06786773416729225,0.010194340669595315,0.017584655425500997,0.015335476871487714,0.05313292131775854,0.027003369770763543,0.020755119303857067,0.03881407285377585,0.00674020847632273,0.01116598268801014,0.03595722988386961,0.012976951597995185,0.006856071834048103,0.019797372867309957,0.02158786595874098,0.010514640270229256,0.005281646608273055,0.015383754531830728,0.015277751654176486,0.014084321382700594,0.013223083888440727,0.003720509792486467,0.0032819503541224367,0.016752164741577855,0.006386757467932134,0.015889143278966074,0.03497854644845784,0.008479140503571382,0.029950567514945632,0.010224153554580877,0.01013453669104259,0.006681709690113,0.012564777053526988,0.00299702305084192,0.011069245953442863,0.0077684835246084405,0.002064651924085358,0.0022937680114117312,0.02948470742137048,0.002536052860281203,0.009772205670144515,0.001207342790227502,0.03251343882975338,0.000538968284026026,0.003756108391759956,0.01398257744369102,0.02971723816090002,0.008962705589898255,0.02970687497096794,0.016714492271900645,0.007073367418422529,0.003367289191731171,0.003833146046496632,0.02996901303077911,0.008348179238922268,0.007733047080914871,0.014511728171781365,0.0011721310833947291,0.01590797063364504,0.004626254398950568,0.0017491250000831236,0.04010941762674265,0.0012887512368865291,0.008156448097775644,0.0010335609897685846,0.005672683351386499,0.005665208409661022,0.0012220993529216473,0.003629532099733934,0.008320963780846818,0.0012192168459829523,0.004702396489173198,0.003728675486646895,0.0012675494580364488,0.0061696015157902415,0.0020746974470625414,0.0055394442877705,0.0006995373983882298,0.04266518857075199,0.0003672205361487011,0.0018925771422593281,0.0012334418817858167,0.0012902576291047793,0.0009013189140185322,0.00254207112482046,0.0005438680908684592,0.00037924087001075315,0.006163665438603806,0.0002733516173553781,0.0007328894295208963,0.011039133503968242,0.0003549141743122027,0.0027200403502691817,0.07863046612099868,0.011460571486849537,0.006129701364795474,0.00011092610507356502,0.00029529227427848453,0.000020678560274800605,0.0023273685878118316,0.0006404711298776371,0.0009267385441328441,0.0002916417483315823,0.0008273646034372865,0.005234775658850399,0.0007811446540886508,0.00046537292843546564,0.008263214238675334,0.001474105619421919,0.00026092098759540844,0.0003464071726038745,0.0024858307263306806,0.001563751404894538,0.002507297009226401,0.0009065057733680004,0.006245600230965184,0.000914068372867176,0.0011815221019438231,0.0007804900638407042,0.0010906997211992905,0.000020419839978372735,0.000912099877251149,0.0011256795567875495,0.0003980306553491439,0.00005751914471094446,0.0009078410984531718,0.00020525450521580673,0.000027790780953449664,0.0009205022396896359,0.00046002908006019397,0.000009101264234328148,0.0000017255256778988287,0.00023001395557164397,0.0044379532565754064,0.0034617312967685637,0.02525151976416557,0.004049068680696374,0.0006028429710873183,0.005915537600707467,0.0011633969741678192,0.0041694249024397875,0.000009321889253130707,0.0011924412220632942,0.00003378589351281534,0.0032259674130940726,0.00001423108104220957,0.0005073102386790712,0.00039713154126891045,0.00030591247488467036,0.000281652226876768,0.0024415190145273685,0.0011947020051878466,0.00039886207065886753,0.00013291905706829384,0.00013820611670216623,0.00042365594378545354,0.000028367594571928314,0.000057910832587798014,0.000006241351409953713,0.00021217836439702296,0.00009658287558428007,0.005477280871138117,0.00010624412674474918,0.000519225443118589,9.756573045727364e-8,0.00001726778071043778,0.0000014256564155881997,0.0028979185011219,0.000011139897305169315,0.000015740428008348065,0.0037509582236747658,0.000025462098339298172,0.00019366735505708084,0.00011526321156850413,0.000007155166057981772,7.561584626988171e-8,0.000011791146698458634,0.00027312078657015896,0.0008992692295699764,0.000013365360408902231,0.0004591255216858749,0.0,0.00014979794827679765,0.00005441225514305854,0.000004694518368772236,0.0003283231513195624,0.00329691566984551,0.0004915230746509828,