{"CalculationResults":{"func":0.0032446886097451237,"dfunc":2.901932608255462,"fcol":0.03892692343644891,"dfcol":4.521138798492865,"y0":[1000.0,1000.0,1000.0,1000.0,1000.0,1000.0,0.0,1000.0,1000.0,1000.0,1000.0],"x1":[0.05,0.07880293000746189,0.1241980355552187,0.1957433820584432,0.3085030407155073,0.4862188704918656,0.511,0.7663094323935531,1.20774857129934,1.903482522614279,3.0],"y1":[1.2973570566944972e-8,0.0000015874316109415732,0.000008932841698077112,0.000027893985311103594,0.0000659849993601492,0.0001276002784483768,0.0,0.000258491493967592,0.0005081128318018298,0.0007847446457344954,0.0014613271282419911],"dy1":[3.3460102481155905e-9,2.386914800332255e-7,0.0000010306273590019096,0.0000033958381688636417,0.000006820197290126779,0.000011776006611343326,100.0,0.0000225865018825585,0.00003111074261932904,0.00003957662179885179,0.00007310866764135505],"x2":[0.005,0.015,0.025,0.035,0.045,0.055,0.065,0.075,0.085,0.095,0.105,0.115,0.125,0.135,0.145,0.155,0.165,0.17500000000000002,0.185,0.195,0.20500000000000002,0.215,0.225,0.23500000000000001,0.245,0.255,0.265,0.275,0.28500000000000003,0.295,0.305,0.315,0.325,0.335,0.34500000000000003,0.355,0.365,0.375,0.385,0.395,0.405,0.41500000000000004,0.425,0.435,0.445,0.455,0.465,0.47500000000000003,0.485,0.495,0.505,0.515,0.525,0.535,0.545,0.555,0.5650000000000001,0.5750000000000001,0.585,0.595,0.605,0.615,0.625,0.635,0.645,0.655,0.665,0.675,0.685,0.6950000000000001,0.705,0.715,0.725,0.735,0.745,0.755,0.765,0.775,0.785,0.795,0.805,0.8150000000000001,0.8250000000000001,0.835,0.845,0.855,0.865,0.875,0.885,0.895,0.905,0.915,0.925,0.935,0.9450000000000001,0.9550000000000001,0.965,0.975,0.985,0.995,1.0050000000000001,1.0150000000000001,1.025,1.035,1.045,1.055,1.065,1.075,1.085,1.095,1.105,1.115,1.125,1.135,1.145,1.155,1.165,1.175,1.185,1.195,1.205,1.215,1.225,1.235,1.245,1.2550000000000001,1.2650000000000001,1.2750000000000001,1.285,1.295,1.305,1.315,1.325,1.335,1.345,1.355,1.365,1.375,1.385,1.395,1.405,1.415,1.425,1.435,1.445,1.455,1.465,1.475,1.485,1.495,1.5050000000000001,1.5150000000000001,1.5250000000000001,1.5350000000000001,1.545,1.555,1.565,1.575,1.585,1.595,1.605,1.615,1.625,1.635,1.645,1.655,1.665,1.675,1.685,1.695,1.705,1.715,1.725,1.735,1.745,1.7550000000000001,1.7650000000000001,1.7750000000000001,1.7850000000000001,1.795,1.805,1.815,1.825,1.835,1.845,1.855,1.865,1.875,1.885,1.895,1.905,1.915,1.925,1.935,1.945,1.955,1.965,1.975,1.985,1.995,2.005,2.015,2.025,2.035,2.045,2.055,2.065,2.075,2.085,2.095,2.105,2.115,2.125,2.1350000000000002,2.145,2.1550000000000002,2.165,2.1750000000000003,2.185,2.195,2.205,2.215,2.225,2.235,2.245,2.255,2.265,2.275,2.285,2.295,2.305,2.315,2.325,2.335,2.345,2.355,2.365,2.375,2.3850000000000002,2.395,2.4050000000000002,2.415,2.4250000000000003,2.435,2.445,2.455,2.465,2.475,2.485,2.495,2.505,2.515,2.525,2.535,2.545,2.555,2.565,2.575,2.585,2.595,2.605,2.615,2.625,2.6350000000000002,2.645,2.6550000000000002,2.665,2.6750000000000003,2.685,2.695,2.705,2.715,2.725,2.735,2.745,2.755,2.765,2.775,2.785,2.795,2.805,2.815,2.825,2.835,2.845,2.855,2.865,2.875,2.8850000000000002,2.895,2.9050000000000002,2.915,2.9250000000000003,2.935,2.945,2.955,2.965,2.975,2.985,2.995],"y2":[0.0,0.0,8.946096189465838e-29,0.00009583885770842436,0.0058166814918047816,0.07402679937632566,0.1351567330319917,0.1540336624748058,0.17188919893888605,0.17473389465377606,0.21666542534600122,0.1303389020494753,0.19059279536876364,0.1467034521031747,0.09038241492098045,0.0824804180387654,0.07933816577018471,0.11346767546211567,0.03993318689040143,0.05298187180301676,0.05020823833782036,0.16681090040578858,0.04757509627686746,0.1366218800913841,0.029819968542188546,0.04558532388300437,0.0627791575073907,0.06687664491544096,0.06956195694236716,0.03244327834263911,0.029308489949111567,0.025397655630625432,0.02503680819469909,0.013510051867651956,0.05490883539245973,0.014204704486914736,0.028927817733358868,0.036738531949619284,0.034428618070700315,0.015562613529397407,0.014688318886253684,0.022496473234114613,0.015839526679460248,0.027056975264890336,0.008076377178751346,0.01477319252005553,0.009439753227012388,0.03214856071232356,0.010396059717885698,0.009101251085226452,0.008591718744193434,0.030780860200780753,0.023596483400749373,0.009154079981469537,0.004913313115855357,0.006243121646042599,0.004118968942945629,0.0033976169507143814,0.004210236056893933,0.005380843370710568,0.01388710004078375,0.030696721414380276,0.001993942558581593,0.011021787799125448,0.005284875718777931,0.0016365222009712265,0.0054524434287795374,0.0036364555004071253,0.037050767890949715,0.008488108069504523,0.02151348913240859,0.011742646823994054,0.005530080086741545,0.03585773665199081,0.004115814411698586,0.015386119507257202,0.009500845595133835,0.0025513648854673743,0.010143075983007049,0.0229578962113528,0.00350551016266783,0.014494734661715154,0.006729442036167276,0.0018158650698467795,0.002865104952639379,0.0018922783884962717,0.007605557198403266,0.007494182290512167,0.00022013300053158293,0.0030320788166351502,0.012200952671367084,0.003209522718217811,0.0018024903076543958,0.010943681960607746,0.00220671050755888,0.00571045945520832,0.0007060576128724578,0.0018279380212902444,0.010738940311814034,0.0042835902930141575,0.006572848235997151,0.01159363416939906,0.004194021487370913,0.0009948416078604826,0.006768729095926398,0.00823673919932328,0.002751672850909628,0.002025407391617692,0.00034310295140691177,0.017156938897863985,0.002759651865934223,0.0067612136284838364,0.014984551356733494,0.002704299569241681,0.0016970918000722536,0.000493035306990467,0.005745877061596083,0.0013760120873811837,0.009460230589619527,0.0019265480278246967,0.00764236780279552,0.0009533242012030774,0.00029671158427615183,0.010330991874400107,0.0006369438069240895,0.0013751866353232385,0.0006372873128272264,0.017662995614923988,0.007991779852810703,0.010711531686453364,0.0018669840805797793,0.0004438520267236173,0.011607904974514352,0.0011603392709016768,0.0013721894730903423,0.003578970224457649,0.0005851279195090386,0.03485952698769755,0.00020197261960856123,0.0007828137308337978,0.000836308684446455,0.0000568017309317836,0.0017931521602360674,0.0005002024884758401,0.0011940446609527149,0.001077567687407962,0.0002356661002247863,0.0005508996237511928,0.00017381783841594642,0.0050404649605527065,0.00286938160687255,0.000025996892002364164,0.0021011983903599894,0.004228359456256074,0.0006168747419782564,0.000011520743415690327,0.002610665862763639,0.0005199645027650511,0.00006859818278089149,0.001456750187746234,0.0006748575789467945,0.0011969104102024972,0.000493576317293995,0.0003066330539966184,0.0005686309493499477,0.0012698327784193251,0.002654261876352941,0.0008766889228854261,0.00006785243220798511,0.0006581796104581348,0.00030910967800282203,0.021085641058593427,0.006461496231818129,0.00038685069845788604,0.0012770897942410092,0.0000649990026680407,0.003655066758839125,0.0004687537508580002,0.0007602156392055181,0.000028636206511515884,0.001318072195332495,0.004218602731010336,0.0000031895597359193303,0.0009639638883197853,0.0016112763378486068,0.00008163658115649951,0.00017610302345745735,0.0020663246260546075,0.00006554706696882887,0.004325289589804453,0.00023668687608585903,0.0000061503314702976984,0.0010065492367777925,0.0018454403887734239,0.000364135991674514,4.710401364882252e-7,0.0002375306138086226,0.0007263509751875496,0.000028480139629131626,0.002046774979672328,0.0000561497602843553,0.0013397818436823334,0.000010309583548477471,0.000038571645429258346,0.0049485424264899755,0.00001245174419995339,0.000028591708093206802,2.5966865492056828e-8,0.00001445002126147534,0.0000036953378335110645,0.000021847711925693195,0.010750349322662571,0.0026719863702554746,0.000004411292357811941,0.0022339710023322034,2.8639347251453467e-8,0.0000015232335463034631,0.0006644970805689376,0.000001580013303068222,0.0,0.0000351791852322981,0.00018257002909466332,0.0004932132642770943,0.008664218434439945,3.151830871260552e-8,0.000710677971801668,