{"CalculationResults":{"func":1.2100200563451429,"dfunc":1.4719107341136124,"fcol":2.5467969415432496,"dfcol":1.72064454066951,"y0":[1000.0,1000.0,1000.0,1000.0,1000.0,1000.0,0.0,1000.0,1000.0,1000.0,1000.0],"x1":[0.05,0.07880293000746189,0.1241980355552187,0.1957433820584432,0.3085030407155073,0.4862188704918656,0.511,0.7663094323935531,1.20774857129934,1.903482522614279,3.0],"y1":[0.0003832925861753625,0.021713948331845572,0.07316113970382036,0.10171923849391273,0.13144400457634678,0.14208188727435464,0.0,0.1573140295819342,0.17412025804871123,0.19639275656651817,0.2116895011815236],"dy1":[0.00006768074569346176,0.0021043560291293126,0.004061481015224624,0.004929815701486316,0.006975800375407442,0.006851450688218587,100.0,0.006443303634658683,0.006215599678338894,0.006168788720565477,0.006394041351941789],"x2":[0.005,0.015,0.025,0.035,0.045,0.055,0.065,0.075,0.085,0.095,0.105,0.115,0.125,0.135,0.145,0.155,0.165,0.17500000000000002,0.185,0.195,0.20500000000000002,0.215,0.225,0.23500000000000001,0.245,0.255,0.265,0.275,0.28500000000000003,0.295,0.305,0.315,0.325,0.335,0.34500000000000003,0.355,0.365,0.375,0.385,0.395,0.405,0.41500000000000004,0.425,0.435,0.445,0.455,0.465,0.47500000000000003,0.485,0.495,0.505,0.515,0.525,0.535,0.545,0.555,0.5650000000000001,0.5750000000000001,0.585,0.595,0.605,0.615,0.625,0.635,0.645,0.655,0.665,0.675,0.685,0.6950000000000001,0.705,0.715,0.725,0.735,0.745,0.755,0.765,0.775,0.785,0.795,0.805,0.8150000000000001,0.8250000000000001,0.835,0.845,0.855,0.865,0.875,0.885,0.895,0.905,0.915,0.925,0.935,0.9450000000000001,0.9550000000000001,0.965,0.975,0.985,0.995,1.0050000000000001,1.0150000000000001,1.025,1.035,1.045,1.055,1.065,1.075,1.085,1.095,1.105,1.115,1.125,1.135,1.145,1.155,1.165,1.175,1.185,1.195,1.205,1.215,1.225,1.235,1.245,1.2550000000000001,1.2650000000000001,1.2750000000000001,1.285,1.295,1.305,1.315,1.325,1.335,1.345,1.355,1.365,1.375,1.385,1.395,1.405,1.415,1.425,1.435,1.445,1.455,1.465,1.475,1.485,1.495,1.5050000000000001,1.5150000000000001,1.5250000000000001,1.5350000000000001,1.545,1.555,1.565,1.575,1.585,1.595,1.605,1.615,1.625,1.635,1.645,1.655,1.665,1.675,1.685,1.695,1.705,1.715,1.725,1.735,1.745,1.7550000000000001,1.7650000000000001,1.7750000000000001,1.7850000000000001,1.795,1.805,1.815,1.825,1.835,1.845,1.855,1.865,1.875,1.885,1.895,1.905,1.915,1.925,1.935,1.945,1.955,1.965,1.975,1.985,1.995,2.005,2.015,2.025,2.035,2.045,2.055,2.065,2.075,2.085,2.095,2.105,2.115,2.125,2.1350000000000002,2.145,2.1550000000000002,2.165,2.1750000000000003,2.185,2.195,2.205,2.215,2.225,2.235,2.245,2.255,2.265,2.275,2.285,2.295,2.305,2.315,2.325,2.335,2.345,2.355,2.365,2.375,2.3850000000000002,2.395,2.4050000000000002,2.415,2.4250000000000003,2.435,2.445,2.455,2.465,2.475,2.485,2.495,2.505,2.515,2.525,2.535,2.545,2.555,2.565,2.575,2.585,2.595,2.605,2.615,2.625,2.6350000000000002,2.645,2.6550000000000002,2.665,2.6750000000000003,2.685,2.695,2.705,2.715,2.725,2.735,2.745,2.755,2.765,2.775,2.785,2.795,2.805,2.815,2.825,2.835,2.845,2.855,2.865,2.875,2.8850000000000002,2.895,2.9050000000000002,2.915,2.9250000000000003,2.935,2.945,2.955,2.965,2.975,2.985,2.995],"y2":[0.0,1.6057774262655513e-60,6.800291614347321e-10,0.0002556064645687048,0.09831497124962897,0.6942199974136571,2.8364581378982394,5.83393004262955,9.883571978750872,9.497366017622676,10.120148320260364,13.58964275221443,11.294914985442773,7.917626518585185,9.139447390461186,10.868036710256918,6.9577136715370695,7.0599764344272264,8.517634702082429,5.642882806121712,4.751490174087301,5.5268443970041625,4.777110955054239,5.937899028748496,4.587072667896844,5.421890542092572,3.9719026113179243,3.4334813679114218,3.208582638133857,2.914035106590736,2.579945663916241,1.9701272188158985,2.0727621930549343,1.947680781370667,2.0553852496810663,2.661881588236394,1.5971647959438688,2.131806640234724,2.4678531206949454,1.533713297694306,1.1080925538984894,1.89544042937202,3.775965469086549,1.2238388129012443,1.333017328288042,1.6169013475214087,1.651344346349434,1.577147732926364,1.3141086596254068,0.8621172883928594,1.5031767873273858,1.859417197663341,0.7952343582535539,0.7664788863318228,1.3293078875446294,0.5512498219516377,0.8120076634490545,0.8523700219482089,0.9246032381460252,0.7399355430545573,1.0754580047710753,1.8534286868012864,1.0967828722892552,1.0729382869077777,0.7230148452864383,0.8733615895349276,1.0262678305379573,0.6671209973950762,1.3906955665846013,0.6474622467602219,0.48588047410179724,0.5436689696160293,0.3530566011754428,0.4986879925918052,1.856350195566373,0.588692132821795,0.2246920676928283,0.2593605882624873,0.25189420660649364,0.8570978840460786,0.5771843129745681,0.2725608255878489,0.3395598797585581,0.3674092922112683,0.32318959602590447,0.17291650801839203,0.08475849193159499,0.303220252210063,0.5800939673689125,0.44083078869425446,0.18307028294022576,0.11006150742012719,0.2673558352247898,0.6591609580821706,0.4971719118593708,0.33166672495079186,0.39824073340419924,0.2634625195782481,0.33743704476021874,0.23908248632871582,0.2376679731033357,0.28839337056708736,0.1832364062079751,0.1963220556896204,0.7384458151796393,1.3899806873921303,0.12110788677996623,0.07482569028876442,0.860008157222406,0.10320642198579859,0.14784370023074056,0.24010426817822178,0.2824913142015921,0.34885931872890574,0.1482915254173313,0.9909264189984367,0.1402193828015923,0.05954138019411985,0.426072836424313,0.060164718989673995,0.5915655437593014,0.04559870016587758,0.0331660840961301,0.30173696507900005,0.027534585767799373,0.2349439230451817,0.12041921316295365,0.07031009758344195,0.0675667563009996,0.13578568911050112,0.02818381096609469,0.06695388898761882,0.12327574189710817,0.40987806849414266,0.09047785082085497,0.9090149997155368,0.08802078351786592,0.010346153288922218,0.0384604604008909,0.1461105145755726,0.36640914785913004,0.028139781590938134,0.01636974887582252,0.03827596661394968,0.028846044225597795,0.007614242198088997,0.05274184379463826,0.13183834308416656,0.04212636915401868,0.021888313815033814,0.15396014849925704,0.048319075736888484,0.10166994695480734,0.05924319366323011,0.0067143434189868316,0.11589420475307843,0.10290610165661836,0.004396838949251199,0.06505338592186728,0.0073483587273762245,0.56322712541485,0.025822692107206523,0.10606474997815096,0.3132442997947553,0.3466178433779046,0.012126891801058172,0.0006720115454938033,0.01855862778548477,0.06974453900583517,0.01924980888021497,0.009593187523057002,0.03961798847333814,0.053425796518359527,0.0660753819011943,0.027467533862970645,0.026964836250759943,0.08900948051601042,0.015372782886089453,0.0014861435459076263,0.005865752423975707,0.07329716785960004,0.4171057312375865,0.02299784873670356,0.04555795306816963,0.17411684860608706,0.14237468131232242,0.24100937570400255,0.0,0.011729930162675796,0.024616776078956265,0.04870192520981718,0.42096249834498944,0.004943658950615153,0.29619779565929294,0.009516038752620646,0.017933239387223264,0.07539453610986303,0.2663461850258184,0.008110494871089082,0.3200929218533941,0.03122671946593971,0.0019616634838969366,0.04066716950839655,0.0,0.0,0.0,0.0,0.010362465843866533,0.05038706060718655,0.011187420168641264,0.04761501704926647,0.00019641507113626143,0.0428933208606807,0.04141202892888923,0.0,0.06713317841872801,0.001633927959852193,0.016310147361455255,0.01610385573695556,0.005679505003555374,0.009466344176445412,0.0,0.0,0.0015486927216514458,0.008809784182607978,0.0002957589855755205,0.0,0.010615806030003368,0.0,0.0,0.009384047552182914,0.0,0.17078546714138734,0.0054734198747011424,0.0013324535947643469,0.0,0.0,0.0,0.05654872737869378,0.0,0.31452924525010495,0.041984150309392024,0.0035383908527190397,0.00027011885932671484,0.0,0.0,0.012674266758507843,0.002148975613122368,0.002599495659855574,0.0,0.03270983613142582,0.0003108319261691108,0.02067170454131871,0.03763514079174194,0.0028084279668859524,0.0,0.013838162223070435,0.0,0.010163549758898473,0.0,0.0,0.44828409927335056,0.0,0.39431938241544495,0.0,0.007414474768888846,