{"CalculationResults":{"func":0.0030311455376804994,"dfunc":3.116422991220014,"fcol":0.03583840887896527,"dfcol":4.460911486294227,"y0":[1000.0,1000.0,1000.0,1000.0,1000.0,1000.0,0.0,1000.0,1000.0,1000.0,1000.0],"x1":[0.05,0.07880293000746189,0.1241980355552187,0.1957433820584432,0.3085030407155073,0.4862188704918656,0.511,0.7663094323935531,1.20774857129934,1.903482522614279,3.0],"y1":[6.717174630112831e-9,0.0000014490067699731925,0.000009084821741262338,0.000028528433560378204,0.00006024256554716871,0.00010441641811974134,0.0,0.00023291629158243631,0.00044986253840516364,0.0006736124262769286,0.0014710263185028168],"dy1":[1.7161434929188957e-9,2.2124567716940157e-7,0.0000010166957680884843,0.000003482719826157032,0.0000060830201088979105,0.000009321894414188213,100.0,0.000020497860297006563,0.000031483363123644784,0.00003888014841529805,0.00007485385341279938],"x2":[0.005,0.015,0.025,0.035,0.045,0.055,0.065,0.075,0.085,0.095,0.105,0.115,0.125,0.135,0.145,0.155,0.165,0.17500000000000002,0.185,0.195,0.20500000000000002,0.215,0.225,0.23500000000000001,0.245,0.255,0.265,0.275,0.28500000000000003,0.295,0.305,0.315,0.325,0.335,0.34500000000000003,0.355,0.365,0.375,0.385,0.395,0.405,0.41500000000000004,0.425,0.435,0.445,0.455,0.465,0.47500000000000003,0.485,0.495,0.505,0.515,0.525,0.535,0.545,0.555,0.5650000000000001,0.5750000000000001,0.585,0.595,0.605,0.615,0.625,0.635,0.645,0.655,0.665,0.675,0.685,0.6950000000000001,0.705,0.715,0.725,0.735,0.745,0.755,0.765,0.775,0.785,0.795,0.805,0.8150000000000001,0.8250000000000001,0.835,0.845,0.855,0.865,0.875,0.885,0.895,0.905,0.915,0.925,0.935,0.9450000000000001,0.9550000000000001,0.965,0.975,0.985,0.995,1.0050000000000001,1.0150000000000001,1.025,1.035,1.045,1.055,1.065,1.075,1.085,1.095,1.105,1.115,1.125,1.135,1.145,1.155,1.165,1.175,1.185,1.195,1.205,1.215,1.225,1.235,1.245,1.2550000000000001,1.2650000000000001,1.2750000000000001,1.285,1.295,1.305,1.315,1.325,1.335,1.345,1.355,1.365,1.375,1.385,1.395,1.405,1.415,1.425,1.435,1.445,1.455,1.465,1.475,1.485,1.495,1.5050000000000001,1.5150000000000001,1.5250000000000001,1.5350000000000001,1.545,1.555,1.565,1.575,1.585,1.595,1.605,1.615,1.625,1.635,1.645,1.655,1.665,1.675,1.685,1.695,1.705,1.715,1.725,1.735,1.745,1.7550000000000001,1.7650000000000001,1.7750000000000001,1.7850000000000001,1.795,1.805,1.815,1.825,1.835,1.845,1.855,1.865,1.875,1.885,1.895,1.905,1.915,1.925,1.935,1.945,1.955,1.965,1.975,1.985,1.995,2.005,2.015,2.025,2.035,2.045,2.055,2.065,2.075,2.085,2.095,2.105,2.115,2.125,2.1350000000000002,2.145,2.1550000000000002,2.165,2.1750000000000003,2.185,2.195,2.205,2.215,2.225,2.235,2.245,2.255,2.265,2.275,2.285,2.295,2.305,2.315,2.325,2.335,2.345,2.355,2.365,2.375,2.3850000000000002,2.395,2.4050000000000002,2.415,2.4250000000000003,2.435,2.445,2.455,2.465,2.475,2.485,2.495,2.505,2.515,2.525,2.535,2.545,2.555,2.565,2.575,2.585,2.595,2.605,2.615,2.625,2.6350000000000002,2.645,2.6550000000000002,2.665,2.6750000000000003,2.685,2.695,2.705,2.715,2.725,2.735,2.745,2.755,2.765,2.775,2.785,2.795,2.805,2.815,2.825,2.835,2.845,2.855,2.865,2.875,2.8850000000000002,2.895,2.9050000000000002,2.915,2.9250000000000003,2.935,2.945,2.955,2.965,2.975,2.985,2.995],"y2":[0.0,0.0,7.2459154365745225e-22,0.0001694475748801165,0.014193236638733338,0.03038865577725925,0.11730855182455839,0.13681929367180046,0.16561078084115133,0.15754356058656657,0.13947187973994737,0.12515518333646664,0.15305285203144248,0.1037781018941427,0.128628174503583,0.06850161496435808,0.11528962334195261,0.08997486033367307,0.07710896435547106,0.041223893007091214,0.06594188467723755,0.08752644720537711,0.14649188669509636,0.06190506245219649,0.0327579596951748,0.04996843778274257,0.026662167820849784,0.03237101757921969,0.032501821175479034,0.04799635404158696,0.036543530028989586,0.02938025168106368,0.0192319793624789,0.029425426570060205,0.05681394460583313,0.03145932921678386,0.02886407316258043,0.02006825439729021,0.025195431915355254,0.0818732988585877,0.02099741599008932,0.034681048617235505,0.011513686330874465,0.0407136254847058,0.017248042437579887,0.012344948549445187,0.027266320988604133,0.027375189049494583,0.00892817208195591,0.004506438871959225,0.010175495109569808,0.012601940114878668,0.005746691946900534,0.008724820386396012,0.01714437190013556,0.013019535390465593,0.005765647077116951,0.006360077637355897,0.014586532255478263,0.005885892694874686,0.002717755566262455,0.012798432397820936,0.0018546130900471492,0.040301467888307775,0.004869929464802103,0.007115985495931902,0.010566174222606998,0.010601633845316543,0.01586885806269261,0.0023083921308311257,0.00855998230984627,0.004929679846537816,0.0024168564812257587,0.007681748490113231,0.003836119332293691,0.006717622263025551,0.017558881161342268,0.0034164668538045964,0.0011855357053341805,0.0019196885985917015,0.011022991044086081,0.000834827624507882,0.007239632727349335,0.006737519838239237,0.0016068561691611467,0.003853043728872405,0.006676413319056284,0.011296552190797051,0.005484417360208207,0.001739397113301807,0.0011370542919525023,0.004998469015825667,0.01127540526181433,0.0030730609484479034,0.0012531012306735698,0.006565904224322898,0.007628409217649689,0.002301099759310125,0.0014339634114091952,0.008358306644135156,0.001954521760727302,0.004674469357569012,0.02400628365298489,0.009466739356091313,0.001893419153240438,0.0012095443733309398,0.008430764135086113,0.02036511622474388,0.0007934348244910481,0.004563527476411164,0.024508096140524096,0.008122472614954742,0.0012673521690261102,0.002081842047781299,0.0027185264615800122,0.0005023614715113648,0.0001416098468386161,0.0036628933858116153,0.007249696820341702,0.0061897529309843675,0.005182455089743381,0.0012903288394993926,0.0012371180349893592,0.0024056363944830834,0.001322189957110522,0.014945622521684111,0.00010548167976128039,0.00003095171954012841,0.00029433427183186175,0.0009456700390008202,0.0007769835519380712,0.004339986279679094,0.00033883789793669606,0.0005974237889381946,0.0034103940605242225,0.004074566334731368,0.012038618974806617,0.00009871564619598036,0.0004465749221557022,0.003928855956929986,0.00016252111917044865,0.001193169209523311,0.00038156807682139207,0.00005134184721672209,0.001018996537345068,0.003835877162676849,0.006190809283919339,0.026887588858674788,0.00032636205433585457,0.0007254851233722719,0.00005329297513514292,0.0008598047840006487,0.000043846739767765864,0.00002642991893549478,0.00048271764932702533,0.0003956911078197215,0.00023535324275905344,0.00199053017125816,0.00015490572885095915,0.0011115430651559273,0.0015418697245487545,0.0004529855037274129,0.0023016178977729473,0.001597656681621678,0.0016699260991225912,0.0000546532308417587,0.00018417655267952027,0.003393021193353717,0.0009412858529245986,0.00005621968625648438,2.3343611723830723e-8,0.003510328677031082,0.00010488359858112413,0.00003209450423894259,0.00020978742328776054,0.0023149789479699643,0.013270387467226318,0.00007339288384342627,0.00011259451786874507,0.00014513524575561232,0.0040754327256926105,0.001508924976208202,0.0033893423880000497,0.0011385275321892888,0.00009969863435402591,0.0028532462361341893,0.0005583546569319375,0.0005251489173860216,0.0028884470989738956,0.011941532309811716,0.000158199887106708,0.0010840708719522213,0.0006228477669744362,0.0005669802979850886,0.0009693914839836353,0.00014307285382689965,0.0003137280966181261,0.00012464209831095996,0.0010240058268360676,0.001063968712150893,0.004511158523097507,0.011932183929321948,0.0000022647774547632653,0.000028441604031745853,1.5095586340617106e-7,0.0016723772083462667,0.00005465561316822392,0.00017604562160903998,0.0070693985483666535,0.002973225363652647,0.0003836517211917552,5.977241174525334e-7,0.0010828077711904594,0.00016715343709007091,0.005958428121184827,2.761687651072353e-7,0.002644496903830378,3.6836657234257815e-8,0.000019771434359982096,0.0004192760233099347,0.000005907682485606489,0.000015034474438912948,0.0073355739900293464,0.00042669123991494076,0.004057926592281732,