{"CalculationResults":{"func":1.1958587749201974,"dfunc":1.5391649844331092,"fcol":2.5921717458966036,"dfcol":1.7492348450023585,"y0":[1000.0,1000.0,1000.0,1000.0,1000.0,1000.0,0.0,1000.0,1000.0,1000.0,1000.0],"x1":[0.05,0.07880293000746189,0.1241980355552187,0.1957433820584432,0.3085030407155073,0.4862188704918656,0.511,0.7663094323935531,1.20774857129934,1.903482522614279,3.0],"y1":[0.00033895525426220807,0.020896678712637798,0.07494365337822238,0.11209255182281613,0.11482917397582981,0.13759613445576138,0.0,0.17647998361390763,0.17305349776441015,0.1814916543707211,0.2041364915716286],"dy1":[0.000041367792314314024,0.0016452428724687805,0.005253634862469641,0.00693576987126522,0.006211717084910653,0.00699910376957821,100.0,0.007349808390825981,0.00599383800474398,0.005545005811230615,0.005943919002965523],"x2":[0.005,0.015,0.025,0.035,0.045,0.055,0.065,0.075,0.085,0.095,0.105,0.115,0.125,0.135,0.145,0.155,0.165,0.17500000000000002,0.185,0.195,0.20500000000000002,0.215,0.225,0.23500000000000001,0.245,0.255,0.265,0.275,0.28500000000000003,0.295,0.305,0.315,0.325,0.335,0.34500000000000003,0.355,0.365,0.375,0.385,0.395,0.405,0.41500000000000004,0.425,0.435,0.445,0.455,0.465,0.47500000000000003,0.485,0.495,0.505,0.515,0.525,0.535,0.545,0.555,0.5650000000000001,0.5750000000000001,0.585,0.595,0.605,0.615,0.625,0.635,0.645,0.655,0.665,0.675,0.685,0.6950000000000001,0.705,0.715,0.725,0.735,0.745,0.755,0.765,0.775,0.785,0.795,0.805,0.8150000000000001,0.8250000000000001,0.835,0.845,0.855,0.865,0.875,0.885,0.895,0.905,0.915,0.925,0.935,0.9450000000000001,0.9550000000000001,0.965,0.975,0.985,0.995,1.0050000000000001,1.0150000000000001,1.025,1.035,1.045,1.055,1.065,1.075,1.085,1.095,1.105,1.115,1.125,1.135,1.145,1.155,1.165,1.175,1.185,1.195,1.205,1.215,1.225,1.235,1.245,1.2550000000000001,1.2650000000000001,1.2750000000000001,1.285,1.295,1.305,1.315,1.325,1.335,1.345,1.355,1.365,1.375,1.385,1.395,1.405,1.415,1.425,1.435,1.445,1.455,1.465,1.475,1.485,1.495,1.5050000000000001,1.5150000000000001,1.5250000000000001,1.5350000000000001,1.545,1.555,1.565,1.575,1.585,1.595,1.605,1.615,1.625,1.635,1.645,1.655,1.665,1.675,1.685,1.695,1.705,1.715,1.725,1.735,1.745,1.7550000000000001,1.7650000000000001,1.7750000000000001,1.7850000000000001,1.795,1.805,1.815,1.825,1.835,1.845,1.855,1.865,1.875,1.885,1.895,1.905,1.915,1.925,1.935,1.945,1.955,1.965,1.975,1.985,1.995,2.005,2.015,2.025,2.035,2.045,2.055,2.065,2.075,2.085,2.095,2.105,2.115,2.125,2.1350000000000002,2.145,2.1550000000000002,2.165,2.1750000000000003,2.185,2.195,2.205,2.215,2.225,2.235,2.245,2.255,2.265,2.275,2.285,2.295,2.305,2.315,2.325,2.335,2.345,2.355,2.365,2.375,2.3850000000000002,2.395,2.4050000000000002,2.415,2.4250000000000003,2.435,2.445,2.455,2.465,2.475,2.485,2.495,2.505,2.515,2.525,2.535,2.545,2.555,2.565,2.575,2.585,2.595,2.605,2.615,2.625,2.6350000000000002,2.645,2.6550000000000002,2.665,2.6750000000000003,2.685,2.695,2.705,2.715,2.725,2.735,2.745,2.755,2.765,2.775,2.785,2.795,2.805,2.815,2.825,2.835,2.845,2.855,2.865,2.875,2.8850000000000002,2.895,2.9050000000000002,2.915,2.9250000000000003,2.935,2.945,2.955,2.965,2.975,2.985,2.995],"y2":[0.0,2.6938077865723937e-32,3.849150014911683e-10,0.00028773130534029287,0.0715391361116117,0.6585003049638577,3.251012707046649,6.445804019597149,8.398190124542932,10.247059496832097,10.883727926275789,11.473814718496719,10.805568951862165,8.87556444499203,9.303971759328721,9.15027329180116,9.714538134708613,8.124648355384323,8.163901572183628,7.010629309040254,3.745986113167825,4.485935401542705,4.518798289929656,4.158009385192088,4.1474068174482905,3.8233674380018865,4.434591591170999,4.933249495856803,4.09035879476416,3.418800104695886,4.052103433671453,2.6336175924172016,2.130048378246246,3.188107825270183,1.7685577342933936,2.46204781734403,2.160401854439132,2.4487757417907083,1.7572638394530862,2.237436371555635,1.934384277950567,1.5492751252317984,1.3615283857025071,1.9020737662396017,1.4710993725465238,1.676161885125812,1.6344812260842323,1.6759542738196593,2.0087152865332705,1.0924643334419293,1.860188613404924,1.591766336479835,1.0297514690980083,1.5059275294440773,0.974754543356991,0.7674294576677685,0.716608218257666,0.47502541669315945,0.6712431692998506,0.6274848439611526,0.877888556497938,0.6416191579920966,0.4880742349285288,0.9450925775506578,0.68746983211186,0.6084319241315641,0.8210063259629294,0.5101412178919716,0.8476925529608026,0.865399224769525,0.9066375074784654,0.7493339923704772,1.0794477695043807,0.8722903718118518,2.387591719591529,1.1096028318686364,0.39580859005927477,0.743438226949718,0.5005425353792669,0.5030521944241901,0.2751941298403718,0.15121277364348215,0.47601467847559725,0.3155038126472838,0.6856486144693708,0.27642392958720863,0.3887589704286827,0.23901181814281666,0.428797325691992,0.25289078566660084,0.20028787938437714,0.2526868924870141,0.3423169958713806,0.16293906994393992,0.6509645671161913,0.1727253453221252,0.6838107713748391,0.22932862378962252,0.1686527555081811,0.33320360192372284,0.27009078525644165,0.2588717241785076,0.2047167405199306,0.0715980532509154,0.15338313139730708,0.14904995899875167,0.0954693390438994,0.3877093155659407,0.1812686944727465,0.27189222281502945,0.4629592185222471,0.39185268944109886,0.1372575091772706,0.36903358405658143,0.33452803615510734,0.4033354026289088,0.6554628298585266,1.1646514125962524,0.187576780906058,0.4073469658411428,0.7279100077279875,0.2528365035520149,0.021814406910986506,0.19918220604570258,0.35327199569444273,0.11561962446727189,0.011083574021255885,0.06159271157219411,0.05642708733948849,0.15665389822560744,0.1466808762267912,0.041169268178429114,0.03631808352719175,0.11937344298976284,0.22222112096587943,0.15681857959367576,0.11839553925447197,0.034672075406077446,0.27754901659016423,0.4972635701560687,0.034154953614684146,0.10311797196054692,0.05326733830481007,0.036489593845456185,0.1069586427498255,0.22972528802138903,0.13602207408614797,0.09072493358688989,0.03317512019736963,0.2658072784860378,0.005605496712584982,0.009688619723078686,0.10069234714208983,0.048105778808276774,0.09123985330097852,0.11990191035388303,0.3643442445926238,0.23229583291222694,0.40492594170823376,0.15290607219274743,0.06371715006697119,0.18407803048364996,0.029707553809471827,0.13304292066957452,0.5221166220199945,0.10790523292823533,0.2651672135921684,0.3645902706833094,0.040091313888880015,0.16268811276677567,0.11931110679474802,0.23384716192453436,0.06571164598977434,0.2778901096925339,0.00954037488659223,0.06083303551427986,0.012996070807629143,0.054448157682150354,0.03611458455846136,0.22385241942692632,0.006186551666599359,0.17755815441833622,0.07770397835086923,0.053885332766052535,0.07394940233943925,0.10284810605719423,0.04469868989119767,0.18523278688474282,0.07828307022270704,0.008393673581779669,0.2046149277373582,0.0004605302367441156,0.015107901264354646,0.12528669500827477,0.14233518323567326,0.0026418299236409216,0.004809245783581137,0.0029349631450677487,0.017834144451022067,0.003439588027693038,0.0060684884436574315,0.1059866656638456,0.1064310104218019,0.02620489349519274,0.0,0.0,0.007791689285401829,0.0034316740200913357,0.022732190739259972,0.006299570621238005,0.008193635656026136,0.10264430205561881,0.00879213704822421,0.042641172618322475,0.049182940679435655,0.14239024072639744,0.016183226200698973,0.0015169647132953056,0.0016615852535923484,0.0642021242687115,0.00431474911734998,0.011714382002018875,0.0152143633350141,0.06280977117649177,0.0006659022985060929,0.0043336101796272964,0.09144561542629244,0.01607730423332324,0.020035665335569733,0.07567420982524975,0.0,0.02541291658545037,0.022406512609460857,0.009268922556008162,0.005851588079022509,0.023591323983867443,0.08812604743967808,0.03242646447634626,0.015704466410591977,0.0,0.007525171244147463,0.20388678577005895,0.0403658658455283,0.0,0.0520588498243115,0.006505513840790877,0.006445109403198691,0.001650116557546362,0.008971919641032377,0.0016063489849925717,0.03235320451051752,