{"CalculationResults":{"calculation_time":255893.64570420168,"func":0.0030507692284868666,"dfunc":3.170893573688022,"fcol":0.037948305782776096,"dfcol":4.717526917321827,"y0":[1000.0,1000.0,1000.0,1000.0,1000.0,1000.0,0.0,1000.0,1000.0,1000.0,1000.0],"x1":[0.05,0.07880293000746189,0.1241980355552187,0.1957433820584432,0.3085030407155073,0.4862188704918656,0.511,0.7663094323935531,1.20774857129934,1.903482522614279,3.0],"y1":[8.157629045119197e-9,0.0000013530461649066937,0.000008734343600024057,0.000026417597670406037,0.00006112148700682702,0.00008951911277688334,0.0,0.00022042200849113665,0.00047639793838788534,0.0007157622544124452,0.001451033282347307],"dy1":[1.8252639290893501e-9,1.9079065651451764e-7,8.980146708635554e-7,0.0000033098215788379233,0.0000062846734939064875,0.000007134895310511,100.0,0.000019267702049530513,0.000034855328291544954,0.00004168518942460653,0.00007530242047554101],"x2":[0.005,0.015,0.025,0.035,0.045,0.055,0.065,0.075,0.085,0.095,0.105,0.115,0.125,0.135,0.145,0.155,0.165,0.17500000000000002,0.185,0.195,0.20500000000000002,0.215,0.225,0.23500000000000001,0.245,0.255,0.265,0.275,0.28500000000000003,0.295,0.305,0.315,0.325,0.335,0.34500000000000003,0.355,0.365,0.375,0.385,0.395,0.405,0.41500000000000004,0.425,0.435,0.445,0.455,0.465,0.47500000000000003,0.485,0.495,0.505,0.515,0.525,0.535,0.545,0.555,0.5650000000000001,0.5750000000000001,0.585,0.595,0.605,0.615,0.625,0.635,0.645,0.655,0.665,0.675,0.685,0.6950000000000001,0.705,0.715,0.725,0.735,0.745,0.755,0.765,0.775,0.785,0.795,0.805,0.8150000000000001,0.8250000000000001,0.835,0.845,0.855,0.865,0.875,0.885,0.895,0.905,0.915,0.925,0.935,0.9450000000000001,0.9550000000000001,0.965,0.975,0.985,0.995,1.0050000000000001,1.0150000000000001,1.025,1.035,1.045,1.055,1.065,1.075,1.085,1.095,1.105,1.115,1.125,1.135,1.145,1.155,1.165,1.175,1.185,1.195,1.205,1.215,1.225,1.235,1.245,1.2550000000000001,1.2650000000000001,1.2750000000000001,1.285,1.295,1.305,1.315,1.325,1.335,1.345,1.355,1.365,1.375,1.385,1.395,1.405,1.415,1.425,1.435,1.445,1.455,1.465,1.475,1.485,1.495,1.5050000000000001,1.5150000000000001,1.5250000000000001,1.5350000000000001,1.545,1.555,1.565,1.575,1.585,1.595,1.605,1.615,1.625,1.635,1.645,1.655,1.665,1.675,1.685,1.695,1.705,1.715,1.725,1.735,1.745,1.7550000000000001,1.7650000000000001,1.7750000000000001,1.7850000000000001,1.795,1.805,1.815,1.825,1.835,1.845,1.855,1.865,1.875,1.885,1.895,1.905,1.915,1.925,1.935,1.945,1.955,1.965,1.975,1.985,1.995,2.005,2.015,2.025,2.035,2.045,2.055,2.065,2.075,2.085,2.095,2.105,2.115,2.125,2.1350000000000002,2.145,2.1550000000000002,2.165,2.1750000000000003,2.185,2.195,2.205,2.215,2.225,2.235,2.245,2.255,2.265,2.275,2.285,2.295,2.305,2.315,2.325,2.335,2.345,2.355,2.365,2.375,2.3850000000000002,2.395,2.4050000000000002,2.415,2.4250000000000003,2.435,2.445,2.455,2.465,2.475,2.485,2.495,2.505,2.515,2.525,2.535,2.545,2.555,2.565,2.575,2.585,2.595,2.605,2.615,2.625,2.6350000000000002,2.645,2.6550000000000002,2.665,2.6750000000000003,2.685,2.695,2.705,2.715,2.725,2.735,2.745,2.755,2.765,2.775,2.785,2.795,2.805,2.815,2.825,2.835,2.845,2.855,2.865,2.875,2.8850000000000002,2.895,2.9050000000000002,2.915,2.9250000000000003,2.935,2.945,2.955,2.965,2.975,2.985,2.995],"y2":[0.0,0.0,7.245915436608931e-22,0.0001694156711957862,0.022283051215482335,0.039596501616476064,0.1074918824734622,0.1730458597504268,0.1489902120264574,0.15328017280159728,0.17530738333223436,0.15315914199743336,0.16107050410333473,0.09974749572294944,0.15089523444868244,0.063982229554291,0.11574623069622321,0.08499159863634456,0.14245832595564356,0.04245997767546333,0.0576973344882135,0.09439745285410664,0.11319329652459041,0.055747418070001276,0.024120938176783777,0.05862652965469999,0.025610510717615668,0.031808556562061975,0.04294281913569107,0.040082249060009074,0.03525985141376955,0.025296742953302573,0.02447675877502236,0.029450007783327688,0.06840478191973526,0.044680771766113826,0.023831316068150445,0.021446099428380813,0.03057649461707347,0.05422125188958567,0.05574545031604035,0.035553477933291125,0.03101120494080916,0.04263779452167048,0.014145553524633037,0.01094005114121582,0.0545899652412516,0.026587192817171243,0.009331741521567159,0.015610377656737,0.0067642760968263885,0.009185542126600893,0.01025324427236147,0.008345185636782233,0.01031350859269993,0.013305805970246167,0.008171754677807973,0.007817897616699362,0.024704341346313344,0.007612888732574522,0.006517576330486718,0.011911761969399042,0.004000973082563479,0.04059287756203883,0.005731983723990218,0.009181300670464743,0.0064715978351411515,0.0026353985341749024,0.007137545407173121,0.003823069331878758,0.012056309870582616,0.005012020669711453,0.0033556719759437782,0.011273879289677925,0.004658414017323299,0.0010084443517232636,0.014902187850270723,0.0031432367002904894,0.0014820053831378264,0.034434072948162565,0.010711788080904372,0.0004330136019333992,0.006548768794050153,0.001650834243493594,0.0016179272337380356,0.0035402911204868402,0.0023097293784436783,0.008827814789838594,0.016614052349302542,0.0015860368456662574,0.0012765829228512905,0.006472003462385998,0.012415952277911837,0.0027546208786382717,0.0018732064542504464,0.00812858767403791,0.0070696754366949815,0.00293477292548828,0.0022620651840698247,0.018651439674807882,0.004037914350763808,0.0018228648533724526,0.02742834948468673,0.009458719930357436,0.003051442945637149,0.0006865373503426003,0.007831003943567803,0.0013886475388292102,0.0007570343827110283,0.004136993718132192,0.011774835919150538,0.007867156443461393,0.010111722762916595,0.0010353600236310994,0.0068470870461365034,0.0149796651566012,0.000929331459868269,0.004533436933133055,0.0011327013092881436,0.008876901441370337,0.0052029340404527325,0.0006936593298815551,0.0012978862065007378,0.0012984766545412682,0.0012993988168269086,0.00002953705150707957,0.0004061516130488438,0.00007790117055073144,0.00017110583398038403,0.013600184766508932,0.005998178145628146,0.004004500323469157,0.000368441540188752,0.0005247938740262708,0.0014307774026387117,0.004115806714758765,0.012040004621037678,0.000360676928699883,0.00046144264047958387,0.003693436549795878,0.0001347696067163464,0.01589557589085877,0.0003926433846852123,0.0006038952379756054,0.00008246383902477109,0.00001173057889074848,0.000868030791736358,0.0008830741626374899,0.00048519963193992055,0.0007595467666784626,0.00035907510291219606,0.00031498210162927433,0.00023764202722616188,0.0002917861392348702,0.0014045185616216903,0.0010035534428070106,0.0005365040183013762,0.0019972462940747245,0.00016559481398635437,0.0011212497949165778,0.0015556842967663707,0.00042683223741542275,0.004122621960342618,0.0005743192709951356,0.0015991900412593953,0.00004883925143380838,0.000155371128053679,0.000474014707068341,0.0005372822863947033,0.00017226436264931806,2.3316369715332678e-8,0.0035235531135381767,0.00013659249509136355,0.0000245160579076609,0.000025349936963424074,0.0024520562374112545,0.0008883611080845832,0.00013199660349151954,0.00006547787487872113,0.00035432261326289176,0.002068602633005431,0.000996496107971972,0.0001504989711493924,0.0012644468666129702,0.00013637094863935196,0.006332100204516129,0.000042457667465887435,0.000009057223451228573,0.0025878113111440287,0.013291545592106047,0.0019855093224141122,0.0010843844249670245,0.0006877371053138195,0.0005565054394771865,0.0009819304888229108,0.00046197180768541924,0.00030368688243971386,0.00012817638813222208,0.0010240052965887962,0.00010388019217970444,0.004425504231820025,0.013816737812914665,0.00005490405450905912,0.000028440609130810864,5.543938190936176e-7,0.0016461448044171095,0.0000652710514649535,0.00017604336469774718,0.007068986356717354,0.0029845039660145404,0.0007719776265058389,0.00007991038903422448,0.0007560754951645185,0.0001672165624049655,0.005959956210749436,2.437809717479625e-7,0.002728119860303678,2.974760853574863e-7,9.977495707132714e-7,0.00042564595116836856,0.0011666929454713583,0.000015277336074958583,0.005851241448607679,0.0003920533971959214,