{"CalculationResults":{"func":0.0030078906664411705,"dfunc":2.9577033792731924,"fcol":0.0338662843364833,"dfcol":4.631617929476444,"y0":[1000.0,1000.0,1000.0,1000.0,1000.0,1000.0,0.0,1000.0,1000.0,1000.0,1000.0],"x1":[0.05,0.07880293000746189,0.1241980355552187,0.1957433820584432,0.3085030407155073,0.4862188704918656,0.511,0.7663094323935531,1.20774857129934,1.903482522614279,3.0],"y1":[6.935306039668123e-9,0.00000198372314809509,0.000011459887423455155,0.000021361099826525854,0.00004929118682839084,0.00011391986239170814,0.0,0.00020454914500976797,0.0004181904813483091,0.0008205985857741424,0.0013665297593847359],"dy1":[1.5034288266744533e-9,2.684454875108305e-7,0.00000165513786497511,0.00000214954594122534,0.000003838685318527869,0.000012356395852417848,100.0,0.000018654652316107595,0.000025029236753409724,0.000047255958054612525,0.00006544181555276532],"x2":[0.005,0.015,0.025,0.035,0.045,0.055,0.065,0.075,0.085,0.095,0.105,0.115,0.125,0.135,0.145,0.155,0.165,0.17500000000000002,0.185,0.195,0.20500000000000002,0.215,0.225,0.23500000000000001,0.245,0.255,0.265,0.275,0.28500000000000003,0.295,0.305,0.315,0.325,0.335,0.34500000000000003,0.355,0.365,0.375,0.385,0.395,0.405,0.41500000000000004,0.425,0.435,0.445,0.455,0.465,0.47500000000000003,0.485,0.495,0.505,0.515,0.525,0.535,0.545,0.555,0.5650000000000001,0.5750000000000001,0.585,0.595,0.605,0.615,0.625,0.635,0.645,0.655,0.665,0.675,0.685,0.6950000000000001,0.705,0.715,0.725,0.735,0.745,0.755,0.765,0.775,0.785,0.795,0.805,0.8150000000000001,0.8250000000000001,0.835,0.845,0.855,0.865,0.875,0.885,0.895,0.905,0.915,0.925,0.935,0.9450000000000001,0.9550000000000001,0.965,0.975,0.985,0.995,1.0050000000000001,1.0150000000000001,1.025,1.035,1.045,1.055,1.065,1.075,1.085,1.095,1.105,1.115,1.125,1.135,1.145,1.155,1.165,1.175,1.185,1.195,1.205,1.215,1.225,1.235,1.245,1.2550000000000001,1.2650000000000001,1.2750000000000001,1.285,1.295,1.305,1.315,1.325,1.335,1.345,1.355,1.365,1.375,1.385,1.395,1.405,1.415,1.425,1.435,1.445,1.455,1.465,1.475,1.485,1.495,1.5050000000000001,1.5150000000000001,1.5250000000000001,1.5350000000000001,1.545,1.555,1.565,1.575,1.585,1.595,1.605,1.615,1.625,1.635,1.645,1.655,1.665,1.675,1.685,1.695,1.705,1.715,1.725,1.735,1.745,1.7550000000000001,1.7650000000000001,1.7750000000000001,1.7850000000000001,1.795,1.805,1.815,1.825,1.835,1.845,1.855,1.865,1.875,1.885,1.895,1.905,1.915,1.925,1.935,1.945,1.955,1.965,1.975,1.985,1.995,2.005,2.015,2.025,2.035,2.045,2.055,2.065,2.075,2.085,2.095,2.105,2.115,2.125,2.1350000000000002,2.145,2.1550000000000002,2.165,2.1750000000000003,2.185,2.195,2.205,2.215,2.225,2.235,2.245,2.255,2.265,2.275,2.285,2.295,2.305,2.315,2.325,2.335,2.345,2.355,2.365,2.375,2.3850000000000002,2.395,2.4050000000000002,2.415,2.4250000000000003,2.435,2.445,2.455,2.465,2.475,2.485,2.495,2.505,2.515,2.525,2.535,2.545,2.555,2.565,2.575,2.585,2.595,2.605,2.615,2.625,2.6350000000000002,2.645,2.6550000000000002,2.665,2.6750000000000003,2.685,2.695,2.705,2.715,2.725,2.735,2.745,2.755,2.765,2.775,2.785,2.795,2.805,2.815,2.825,2.835,2.845,2.855,2.865,2.875,2.8850000000000002,2.895,2.9050000000000002,2.915,2.9250000000000003,2.935,2.945,2.955,2.965,2.975,2.985,2.995],"y2":[0.0,0.0,1.6905239016415346e-26,0.000013488197380062673,0.013143716246265197,0.09472927605276946,0.11584292941908675,0.15028342303955533,0.16675783075019673,0.13039456740617716,0.1390670939469797,0.19006958194880283,0.0887751125304421,0.12346381413184558,0.14521041267296117,0.0713913188417903,0.05281081807165903,0.13037208308745382,0.05313980388203912,0.05394812525562773,0.036673414467333895,0.07320022230628741,0.06446190525171894,0.0656845828076692,0.025949221905798826,0.04331452953488055,0.0281760672051092,0.021596457926402496,0.02824754498995351,0.024496046590638906,0.03269701808099789,0.056311253918735635,0.0404349392577403,0.020453428681016583,0.01535678863240507,0.017087372559543998,0.04971137072549054,0.01779246891424926,0.020229970317814414,0.009489852540329701,0.0166626548679761,0.028925892165885474,0.008613503283333098,0.010962717357667743,0.051143204936325425,0.031056834602727505,0.01771498616595065,0.00915275433443508,0.008200213473783875,0.02287990463383517,0.0097905837143575,0.019336866159511093,0.010250787760015203,0.006150652356051033,0.01466898879161016,0.0029504131485023127,0.014651197413336531,0.024706944921308524,0.003571903309491034,0.0120532679462588,0.008852935186349564,0.014945530389880187,0.004291841325207948,0.0026813230907195046,0.024459146157721268,0.02328601640739565,0.006032560272911072,0.02429589396809488,0.005749799039651683,0.0012000859515123136,0.004865039633730694,0.006707785687412799,0.0017458759779439138,0.022131949349003217,0.008861294186764405,0.0032893906745813193,0.0050578566200284395,0.009591124200524902,0.0034272616322221813,0.0027097658752532738,0.0024158405480928288,0.0010015127079112435,0.020629883403045623,0.0019580436524130954,0.0039096718322307045,0.0024539499461304964,0.0033156928758265236,0.010592418906961186,0.0024816416070740227,0.003449859351886638,0.017568221074611257,0.013916767670211591,0.004338455006350436,0.0012941974830582503,0.0006882478628129533,0.008715971953644137,0.004800622508785046,0.007956806379085968,0.015487646503055336,0.010398429174018115,0.0024999517650529136,0.007576176133090021,0.0012757307150531214,0.0011107423254554402,0.0027873957446166455,0.010766555553305152,0.007512657393454752,0.0005069527991239302,0.006143717537467077,0.0009982804160192488,0.00022634123256260193,0.0009649235142753683,0.026038684655078043,0.0034157946046975574,0.017861823650929035,0.010205435606580658,0.0003143204125192328,0.00014455645316451492,0.0013021727026852497,0.004672418490335557,0.0005034302953976092,0.020984598199043615,0.0006726875623602438,0.002860132311673625,0.0009436248984460358,0.0003646720853743191,0.014141522735555946,0.0007179472846166753,0.00038052196909332304,0.0045051890147690095,0.0021581069067402154,0.0006334627411742359,0.0017158834303071945,0.0003361136390129495,0.001795194465286574,0.001249522173732581,0.001133399324689287,0.0000614059578303323,0.0014770101588840205,0.0017408553010762147,0.0004528221698508998,0.008851031413807647,0.00043185676118286825,0.0004457891743533292,0.0042252223104384395,0.0011277836128774374,0.002539117871431076,0.000267130421636496,0.0012935603042958873,0.003919295398115348,0.0002435141762874452,0.0006995693891495064,0.0006110409941538144,0.0001422097051300834,0.0010961150992817791,0.00012518596873585774,0.0015265329488598797,0.0010697304768229662,0.00015658637307847695,0.0008767617525138743,0.00017776703685161096,0.0003260764228026032,0.000003935744249823974,0.008172057001823147,0.0002568031959007098,0.0037450758552240284,0.0016026237379622099,0.0007969914043278393,0.0004645564213188977,0.0010909664770658435,0.00003928242723390115,0.0013948158283998734,0.009549048339669578,0.003180059117945985,0.002840128058767634,0.0005157910163986505,0.002707872869832388,0.0000387966736507628,0.005024537852541549,0.0007945416115572279,0.0004534579055961437,0.0027323332063858585,0.001248394295471411,0.0028716522435205667,0.0024229066061244703,0.00025521490419934075,0.00003223612764013526,0.0070320715705500135,0.003991825984788734,0.00014973545318992874,1.722000353055865e-7,0.0001735894765754407,0.0000074912860892737335,0.00006672835368626749,1.402689862346037e-7,4.079853928581746e-7,0.000010730277364181128,0.000015693349934116027,0.000003738045931759118,0.0007207850054503325,0.000011358666152890605,0.0068586419078298195,0.00016258589605502166,0.000021880604014595363,0.0012266422177293875,0.00020483299692599603,0.0000034787260862562997,0.00005321682352890576,5.482211431781547e-7,0.00006617629157975403,0.00007631101490285339,4.014348194815006e-8,0.000054135189038300044,0.00015133867393822954,0.00003958923712220298,0.000019176527354007885,3.3040200978588133e-7,0.0003940813592933568,0.0007076225595948594,2.3239471177898904e-8,8.259617304149599e-10,0.0000044096712414571315,0.00000401215964015159,0.0000027145207839892143,