{"CalculationResults":{"func":0.007093527638736358,"dfunc":2.856810786963138,"fcol":0.06523478237886939,"dfcol":5.173908842739043,"y0":[1000.0,1000.0,1000.0,1000.0,1000.0,1000.0,0.0,1000.0,1000.0,1000.0,1000.0],"x1":[0.05,0.07880293000746189,0.1241980355552187,0.1957433820584432,0.3085030407155073,0.4862188704918656,0.511,0.7663094323935531,1.20774857129934,1.903482522614279,3.0],"y1":[5.10531218768733e-9,0.000001802011401067259,0.000012334417498426782,0.00004333110070743563,0.0001207546017648061,0.0002351925275742916,0.0,0.000540108813312375,0.0011033089575106184,0.0017866541415843759,0.0032500359620707743],"dy1":[1.3309450204866262e-9,2.941374640967248e-7,0.0000012349588677818078,0.00000504234307201994,0.00001251013391507462,0.00002256822504376832,100.0,0.00004386426740454478,0.00006492212262384665,0.00009175944515725694,0.00015631583803997755],"x2":[0.005,0.015,0.025,0.035,0.045,0.055,0.065,0.075,0.085,0.095,0.105,0.115,0.125,0.135,0.145,0.155,0.165,0.17500000000000002,0.185,0.195,0.20500000000000002,0.215,0.225,0.23500000000000001,0.245,0.255,0.265,0.275,0.28500000000000003,0.295,0.305,0.315,0.325,0.335,0.34500000000000003,0.355,0.365,0.375,0.385,0.395,0.405,0.41500000000000004,0.425,0.435,0.445,0.455,0.465,0.47500000000000003,0.485,0.495,0.505,0.515,0.525,0.535,0.545,0.555,0.5650000000000001,0.5750000000000001,0.585,0.595,0.605,0.615,0.625,0.635,0.645,0.655,0.665,0.675,0.685,0.6950000000000001,0.705,0.715,0.725,0.735,0.745,0.755,0.765,0.775,0.785,0.795,0.805,0.8150000000000001,0.8250000000000001,0.835,0.845,0.855,0.865,0.875,0.885,0.895,0.905,0.915,0.925,0.935,0.9450000000000001,0.9550000000000001,0.965,0.975,0.985,0.995,1.0050000000000001,1.0150000000000001,1.025,1.035,1.045,1.055,1.065,1.075,1.085,1.095,1.105,1.115,1.125,1.135,1.145,1.155,1.165,1.175,1.185,1.195,1.205,1.215,1.225,1.235,1.245,1.2550000000000001,1.2650000000000001,1.2750000000000001,1.285,1.295,1.305,1.315,1.325,1.335,1.345,1.355,1.365,1.375,1.385,1.395,1.405,1.415,1.425,1.435,1.445,1.455,1.465,1.475,1.485,1.495,1.5050000000000001,1.5150000000000001,1.5250000000000001,1.5350000000000001,1.545,1.555,1.565,1.575,1.585,1.595,1.605,1.615,1.625,1.635,1.645,1.655,1.665,1.675,1.685,1.695,1.705,1.715,1.725,1.735,1.745,1.7550000000000001,1.7650000000000001,1.7750000000000001,1.7850000000000001,1.795,1.805,1.815,1.825,1.835,1.845,1.855,1.865,1.875,1.885,1.895,1.905,1.915,1.925,1.935,1.945,1.955,1.965,1.975,1.985,1.995,2.005,2.015,2.025,2.035,2.045,2.055,2.065,2.075,2.085,2.095,2.105,2.115,2.125,2.1350000000000002,2.145,2.1550000000000002,2.165,2.1750000000000003,2.185,2.195,2.205,2.215,2.225,2.235,2.245,2.255,2.265,2.275,2.285,2.295,2.305,2.315,2.325,2.335,2.345,2.355,2.365,2.375,2.3850000000000002,2.395,2.4050000000000002,2.415,2.4250000000000003,2.435,2.445,2.455,2.465,2.475,2.485,2.495,2.505,2.515,2.525,2.535,2.545,2.555,2.565,2.575,2.585,2.595,2.605,2.615,2.625,2.6350000000000002,2.645,2.6550000000000002,2.665,2.6750000000000003,2.685,2.695,2.705,2.715,2.725,2.735,2.745,2.755,2.765,2.775,2.785,2.795,2.805,2.815,2.825,2.835,2.845,2.855,2.865,2.875,2.8850000000000002,2.895,2.9050000000000002,2.915,2.9250000000000003,2.935,2.945,2.955,2.965,2.975,2.985,2.995],"y2":[0.0,0.0,6.143385516524235e-31,0.000005766243370394868,0.0015120735267026917,0.03898315189118855,0.10494150331663642,0.1687524672009968,0.16821917965351219,0.22214020006881768,0.3154905526015999,0.16927768690443828,0.2609168821579023,0.32839583635806113,0.1333462030514507,0.1767022917412783,0.12225981859534563,0.17544422454162087,0.05954354360847091,0.08239554872898269,0.1836106436024965,0.2164159445287412,0.12620301078089682,0.1958794257671552,0.05422286243662289,0.06208673091630455,0.08940100851693183,0.09436731733963266,0.14135223526162355,0.07801795211008,0.030536100957534066,0.032600522565291,0.0568545399336256,0.07318419303046599,0.12432747682423945,0.016347570532668484,0.055325693251967255,0.04516638500090536,0.0788528844951285,0.01908695760136046,0.03745829850340493,0.04523676742245449,0.031183779061768644,0.028587573537910936,0.03352748532146921,0.023565163263576744,0.022601250689431897,0.06139165252286305,0.012798038571646863,0.013315191147231233,0.02820566265795622,0.07377393977853935,0.024419303696256615,0.00957000092042711,0.01580914538593629,0.0058915714433848045,0.008287309739764501,0.007930084707499025,0.023116145267610765,0.00853771871530993,0.012949371127618096,0.017945949243266358,0.03514554404016326,0.012111851888042383,0.017515395846734644,0.0024206167825159526,0.008635958370893437,0.019527246488247076,0.020414897354723557,0.08725267349053933,0.009617745266687454,0.026900962315466594,0.09489197283978704,0.012623872487297901,0.0037151376387551016,0.03400799741851582,0.01360766376743141,0.0018489912936937327,0.05962035275863204,0.014648631668108503,0.031010177113848198,0.01997258135338088,0.014985042351498997,0.00741765538441028,0.011123533474983557,0.014214320418062887,0.011110113342641052,0.008477532943152353,0.0022512910868321624,0.007391578005850661,0.00468440212056347,0.02770345029447359,0.004558150367688763,0.0013960864224132744,0.030788434543597636,0.014365249604578424,0.04601743013532277,0.003522215971399338,0.016148698149699745,0.015553385332032705,0.005018949420642487,0.010690089411501487,0.008263322709666076,0.004204870457428492,0.002950845249448273,0.014087708460553995,0.011934244784874638,0.012203963368785447,0.0033996696511558637,0.06012383753564936,0.01856527650086542,0.01574876855153176,0.012854787774263507,0.005379267226280665,0.0033148163999143594,0.005750215383889775,0.000797394233652903,0.0003308588390540939,0.019741640097487606,0.00896019175063087,0.0044337133551950285,0.0010159724625737998,0.0038297563272128464,0.007794389750164511,0.01652555196416263,0.003646130964416428,0.00006397520994266259,0.040704481486399186,0.001673222473784258,0.018389021801943666,0.0015453663585467117,0.02013691501107885,0.005785748893650994,0.013481786856396139,0.02150287835902983,0.006486971600688776,0.0007094505815166533,0.00031321308909137996,0.000006010232887981008,0.0015465989898280597,0.0014032052852769661,0.0010042925295569757,0.006596871810449581,0.0003533537327624394,0.0058262998663983654,0.0006776114845630231,0.0009537081188979363,0.007010898092449923,0.0008750953953751022,0.020663009689626435,0.0037893392886078677,0.008388725173600965,0.0008182261675679068,0.0003349910318362098,0.001968649066822266,0.0008649079281393499,0.010184981825537353,0.001580228409260318,0.0002866106372852392,0.0042663978246400966,0.0012930537865519273,0.006795566108268047,0.0026574467376964343,0.0021981874299386657,0.05863500012282182,0.00037745144056353005,0.0029971692237887658,0.003313067113338952,0.00016190963919744244,0.0055945202441217284,0.040392612857686735,0.0031442318412064863,0.0015964986838335562,0.0030954276006793214,0.00013599619165538188,0.000058465763797817274,0.018790027069938785,0.0009485783633000624,0.00040019938664816797,0.002653033223064712,0.000010455957485949455,0.00004018216941258738,0.004266334933867412,0.00017135191984029668,0.0009648753892234336,0.004405566210649877,0.0002627874302204336,0.000013737114451778263,0.0000034882366486433028,0.011355231209732322,0.0062268325040055455,0.0013246224284546298,0.00004143434194303491,0.0001873590048812291,0.00004958463132442396,0.005756028706591387,0.00001987370758738335,2.4702577361701387e-7,0.00369874489447291,0.00008948648938696707,0.0027943943120303616,0.0000027640388379993903,0.009975743556582737,0.0011315606775000816,0.002728066801524699,0.000011601766114867315,0.00001046017254398436,0.000024334813772081582,0.000020754327920296892,2.141251797950712e-7,0.000021495810072925833,0.000005189625159641028,0.00725621230702287,0.02759020500619907,7.90687610679299e-7,0.0005171599108479506,0.00010029471438301665,0.0009489424930017174,0.000010652479915262987,0.00009457700505635318,0.00016069438756972226,0.016192929651970524,0.00006986317489990766,0.00012543878974708296,1.1761837738515651e-8,0.00005880031005016617,0.0008684354084792822,0.005050803281733194,