{"CalculationResults":{"func":0.6227226991769238,"dfunc":1.6712535658651457,"fcol":1.6734100434313928,"dfcol":1.787093780235816,"y0":[1000.0,1000.0,1000.0,1000.0,1000.0,1000.0,0.0,1000.0,1000.0,1000.0,1000.0],"x1":[0.05,0.07880293000746189,0.1241980355552187,0.1957433820584432,0.3085030407155073,0.4862188704918656,0.511,0.7663094323935531,1.20774857129934,1.903482522614279,3.0],"y1":[0.0008988851829664483,0.020053669831494175,0.04792410968056798,0.0695932108178653,0.07352632547768483,0.07481807809402972,0.0,0.07778007374234608,0.0772838682715179,0.08371003697901547,0.09713444109943588],"dy1":[0.00010291476628881598,0.001778499724447796,0.002833505046745944,0.00407512857288102,0.004428915201788739,0.0034536003751735617,100.0,0.003375359926276494,0.0036245471250419326,0.002958007403062993,0.003383547625602157],"x2":[0.005,0.015,0.025,0.035,0.045,0.055,0.065,0.075,0.085,0.095,0.105,0.115,0.125,0.135,0.145,0.155,0.165,0.17500000000000002,0.185,0.195,0.20500000000000002,0.215,0.225,0.23500000000000001,0.245,0.255,0.265,0.275,0.28500000000000003,0.295,0.305,0.315,0.325,0.335,0.34500000000000003,0.355,0.365,0.375,0.385,0.395,0.405,0.41500000000000004,0.425,0.435,0.445,0.455,0.465,0.47500000000000003,0.485,0.495,0.505,0.515,0.525,0.535,0.545,0.555,0.5650000000000001,0.5750000000000001,0.585,0.595,0.605,0.615,0.625,0.635,0.645,0.655,0.665,0.675,0.685,0.6950000000000001,0.705,0.715,0.725,0.735,0.745,0.755,0.765,0.775,0.785,0.795,0.805,0.8150000000000001,0.8250000000000001,0.835,0.845,0.855,0.865,0.875,0.885,0.895,0.905,0.915,0.925,0.935,0.9450000000000001,0.9550000000000001,0.965,0.975,0.985,0.995,1.0050000000000001,1.0150000000000001,1.025,1.035,1.045,1.055,1.065,1.075,1.085,1.095,1.105,1.115,1.125,1.135,1.145,1.155,1.165,1.175,1.185,1.195,1.205,1.215,1.225,1.235,1.245,1.2550000000000001,1.2650000000000001,1.2750000000000001,1.285,1.295,1.305,1.315,1.325,1.335,1.345,1.355,1.365,1.375,1.385,1.395,1.405,1.415,1.425,1.435,1.445,1.455,1.465,1.475,1.485,1.495,1.5050000000000001,1.5150000000000001,1.5250000000000001,1.5350000000000001,1.545,1.555,1.565,1.575,1.585,1.595,1.605,1.615,1.625,1.635,1.645,1.655,1.665,1.675,1.685,1.695,1.705,1.715,1.725,1.735,1.745,1.7550000000000001,1.7650000000000001,1.7750000000000001,1.7850000000000001,1.795,1.805,1.815,1.825,1.835,1.845,1.855,1.865,1.875,1.885,1.895,1.905,1.915,1.925,1.935,1.945,1.955,1.965,1.975,1.985,1.995,2.005,2.015,2.025,2.035,2.045,2.055,2.065,2.075,2.085,2.095,2.105,2.115,2.125,2.1350000000000002,2.145,2.1550000000000002,2.165,2.1750000000000003,2.185,2.195,2.205,2.215,2.225,2.235,2.245,2.255,2.265,2.275,2.285,2.295,2.305,2.315,2.325,2.335,2.345,2.355,2.365,2.375,2.3850000000000002,2.395,2.4050000000000002,2.415,2.4250000000000003,2.435,2.445,2.455,2.465,2.475,2.485,2.495,2.505,2.515,2.525,2.535,2.545,2.555,2.565,2.575,2.585,2.595,2.605,2.615,2.625,2.6350000000000002,2.645,2.6550000000000002,2.665,2.6750000000000003,2.685,2.695,2.705,2.715,2.725,2.735,2.745,2.755,2.765,2.775,2.785,2.795,2.805,2.815,2.825,2.835,2.845,2.855,2.865,2.875,2.8850000000000002,2.895,2.9050000000000002,2.915,2.9250000000000003,2.935,2.945,2.955,2.965,2.975,2.985,2.995],"y2":[0.0,5.169386465715478e-35,4.46223920740598e-8,0.0023001491959392132,0.21464288295514114,1.1414550283015839,3.3906723245902066,6.040468551539374,7.168061467513099,8.089627749591367,7.3031686527419515,9.660873902567143,6.990280816950704,6.296589253187301,6.011303428623815,6.349192481624382,5.5787572608893585,5.150021888911942,5.903137118486268,4.278861794194321,3.9061416993570353,2.8359053288668763,3.04510041728914,3.2069686085473235,3.20624765573644,2.9248699841933496,2.4718920941048554,2.4146305337948606,2.425359910042043,1.9321542150989357,2.1418870806521424,1.3253904417313225,1.2755173364905537,1.1010247437815206,1.2542607918181714,1.1751926301004887,1.1145480842960258,1.1892181959706143,1.5170021959439686,1.1111879234376707,1.0709201697950577,0.9100978794551109,1.3796548658534755,0.9082670246490006,0.8534225121283662,0.6210391372818957,1.417948753258841,0.8933867811281709,0.4687672709242905,0.8690130885395109,0.5691394273495519,1.005820723326771,0.5424805655786289,0.5788980923873566,0.47516286636487215,0.5803596054507814,0.35178940232411354,0.4471804990306232,0.5541094617756732,0.5306761613005613,0.9473440367272448,0.27980978826221614,0.4763296962580218,0.3120130744080422,0.4588587353877494,0.32375856244517215,0.6246247493805775,0.4082549165488625,0.24770062508838606,0.34654067362121466,0.41488915095357076,0.24955409057402933,0.2780245473322986,0.26595423690288106,0.41441746257761114,0.14994643236619376,0.5579883592103989,0.1548681234257713,0.1531970131356581,0.1839304708579626,0.21478521179633164,0.10980796249606427,0.15237108564739757,0.1734880579664596,0.1568796130177605,0.1574981958204433,0.19144642176278395,0.297720121694383,0.17985850806400774,0.13794935672145622,0.06794478711657148,0.24312695005930182,0.2554159486008004,0.16873317575033905,0.24576234294348004,0.18962147165544907,0.13351337041241815,0.26918889433919374,0.098895474205195,0.14749847384973927,0.23275278592992818,0.1263331559496612,0.2700999345131139,0.17879094453448535,0.09350681093737645,0.1107720172499309,0.31327570419203393,0.15420110917338015,0.2621341194330024,0.23355971944270112,0.07684260697501184,0.14524902016170027,0.1072723808107953,0.1558036021134682,0.11556514864537391,0.3637619586352341,0.19827647598972337,0.12066163124072612,0.03231087763633712,0.03747812674352111,0.0740494204972179,0.028634687954358383,0.07299011280905948,0.01906692248334097,0.037966118399318495,0.05350048308268101,0.023870681855148092,0.05652895036394057,0.04072455779138239,0.11958963869890218,0.10237382359885348,0.15543297071301923,0.06849102709774356,0.03528121233456516,0.03147773261826187,0.019884690417743597,0.13204475428437892,0.009379652083022834,0.031489991156967316,0.14278252611512193,0.07169432339472959,0.06417276272900087,0.04971188995149002,0.03450643699830157,0.03203616058249265,0.022060444304008747,0.005904146666126079,0.021399015598862384,0.023310171817992675,0.2041918582564302,0.02136494266832383,0.026844202495491583,0.034971362745706426,0.02890923981446145,0.18177814097353934,0.02713478358477097,0.03768244492552655,0.03716985618737401,0.02655262796090302,0.011075937107357603,0.10858395827898726,0.025053616596027423,0.02831897444319067,0.033260156642710065,0.029614927505274224,0.028428004624854758,0.07784058803108984,0.03539062021623981,0.09438484747200404,0.0374719166362189,0.028033494972703344,0.03921677171093664,0.09169212235975574,0.18426761308296666,0.006722219887130462,0.0024515037866800903,0.053794437138560976,0.004068640793537668,0.011899604526382699,0.0026628713751310033,0.15199939708338156,0.1079880171591279,0.00411282078112961,0.019478099186074238,0.0379134932930381,0.08176600864409767,0.1223559366396958,0.1104603959864589,0.07135567267988704,0.019192123271338228,0.023841171895065284,0.013904119949482012,0.0024069026274079483,0.004416475065225437,0.010157506115017225,0.00007855753397739262,0.0,0.02625645810454592,0.021543409379642692,0.07636150267320131,0.10809885493016877,0.6132339348900905,0.009262733521751313,0.008053266862750673,0.0018851161402419951,0.00415134075521882,0.0051801177460954586,0.0,0.016515148063910537,0.00010486148043515779,0.05533292862881945,0.007335123127390655,0.007115123034339407,0.159898725482028,0.016536623678630687,0.0038332917324317593,0.0,0.004614987308604374,0.018021384221663758,0.0008855188076980679,0.0007890979382093607,0.0011543262643057897,0.006643344410766339,0.0008790249749265716,0.037349084751786055,0.008479725737603725,0.011055800507850287,0.0005004435869908474,0.028663518855595056,0.0,0.00029185760778874557,0.01107213818484323,0.004307607055868345,0.028470366707689095,0.006858884805869268,0.007661215207566626,0.00036136303710006864,0.03475063621123404,0.01430050626695127,0.003130001350250861,0.04934267531302888,0.006541503779927788,0.0025195172413285385,0.00003569729066636889,0.021291893295707916,0.014225800583018554,0.009775596935100904,