{"CalculationResults":{"func":0.00689313047241881,"dfunc":3.0061414971340863,"fcol":0.05809978590628548,"dfcol":4.509991949056809,"y0":[1000.0,1000.0,1000.0,1000.0,1000.0,1000.0,0.0,1000.0,1000.0,1000.0,1000.0],"x1":[0.05,0.07880293000746189,0.1241980355552187,0.1957433820584432,0.3085030407155073,0.4862188704918656,0.511,0.7663094323935531,1.20774857129934,1.903482522614279,3.0],"y1":[5.083145109954961e-9,0.0000015308366666965836,0.000012808587437855565,0.000039641552241215006,0.00009626770939133095,0.00022343917360889253,0.0,0.0005139236889238473,0.0010786108167768873,0.0017577225505735008,0.0031691804736534734],"dy1":[1.4791899024468614e-9,2.6556427067355984e-7,0.0000014601908497600646,0.000003924315489601184,0.00000954506651486348,0.000018364925920096596,100.0,0.00003975521406340904,0.00007294390701927636,0.00010013482822636335,0.00015572019135181106],"x2":[0.005,0.015,0.025,0.035,0.045,0.055,0.065,0.075,0.085,0.095,0.105,0.115,0.125,0.135,0.145,0.155,0.165,0.17500000000000002,0.185,0.195,0.20500000000000002,0.215,0.225,0.23500000000000001,0.245,0.255,0.265,0.275,0.28500000000000003,0.295,0.305,0.315,0.325,0.335,0.34500000000000003,0.355,0.365,0.375,0.385,0.395,0.405,0.41500000000000004,0.425,0.435,0.445,0.455,0.465,0.47500000000000003,0.485,0.495,0.505,0.515,0.525,0.535,0.545,0.555,0.5650000000000001,0.5750000000000001,0.585,0.595,0.605,0.615,0.625,0.635,0.645,0.655,0.665,0.675,0.685,0.6950000000000001,0.705,0.715,0.725,0.735,0.745,0.755,0.765,0.775,0.785,0.795,0.805,0.8150000000000001,0.8250000000000001,0.835,0.845,0.855,0.865,0.875,0.885,0.895,0.905,0.915,0.925,0.935,0.9450000000000001,0.9550000000000001,0.965,0.975,0.985,0.995,1.0050000000000001,1.0150000000000001,1.025,1.035,1.045,1.055,1.065,1.075,1.085,1.095,1.105,1.115,1.125,1.135,1.145,1.155,1.165,1.175,1.185,1.195,1.205,1.215,1.225,1.235,1.245,1.2550000000000001,1.2650000000000001,1.2750000000000001,1.285,1.295,1.305,1.315,1.325,1.335,1.345,1.355,1.365,1.375,1.385,1.395,1.405,1.415,1.425,1.435,1.445,1.455,1.465,1.475,1.485,1.495,1.5050000000000001,1.5150000000000001,1.5250000000000001,1.5350000000000001,1.545,1.555,1.565,1.575,1.585,1.595,1.605,1.615,1.625,1.635,1.645,1.655,1.665,1.675,1.685,1.695,1.705,1.715,1.725,1.735,1.745,1.7550000000000001,1.7650000000000001,1.7750000000000001,1.7850000000000001,1.795,1.805,1.815,1.825,1.835,1.845,1.855,1.865,1.875,1.885,1.895,1.905,1.915,1.925,1.935,1.945,1.955,1.965,1.975,1.985,1.995,2.005,2.015,2.025,2.035,2.045,2.055,2.065,2.075,2.085,2.095,2.105,2.115,2.125,2.1350000000000002,2.145,2.1550000000000002,2.165,2.1750000000000003,2.185,2.195,2.205,2.215,2.225,2.235,2.245,2.255,2.265,2.275,2.285,2.295,2.305,2.315,2.325,2.335,2.345,2.355,2.365,2.375,2.3850000000000002,2.395,2.4050000000000002,2.415,2.4250000000000003,2.435,2.445,2.455,2.465,2.475,2.485,2.495,2.505,2.515,2.525,2.535,2.545,2.555,2.565,2.575,2.585,2.595,2.605,2.615,2.625,2.6350000000000002,2.645,2.6550000000000002,2.665,2.6750000000000003,2.685,2.695,2.705,2.715,2.725,2.735,2.745,2.755,2.765,2.775,2.785,2.795,2.805,2.815,2.825,2.835,2.845,2.855,2.865,2.875,2.8850000000000002,2.895,2.9050000000000002,2.915,2.9250000000000003,2.935,2.945,2.955,2.965,2.975,2.985,2.995],"y2":[0.0,0.0,1.5156373389724695e-21,5.071457788397312e-7,0.0028281436024914035,0.02489684937956315,0.1256123584314117,0.17249045271705313,0.18433333788117906,0.1783467617354822,0.2284893683750266,0.2725720126549864,0.17396424164192556,0.11190456845711057,0.15264452510535026,0.14473136051990657,0.22362324678195475,0.07934417747243877,0.09835717582984926,0.06849748768477616,0.07333892925096562,0.09419027783063183,0.13832380140060654,0.07092307875871173,0.07313381014100753,0.0850227884623688,0.13724195695150848,0.14473930206851746,0.1318476290499735,0.054800583068119114,0.07193687995903637,0.026532805559055444,0.04817200127927689,0.07450569626796462,0.044621127178333844,0.017707431860955053,0.04642206875681944,0.03531370643245094,0.021567757299407804,0.044566109978696616,0.04001630783549612,0.0628040561448621,0.023111529307597734,0.062478101588594945,0.04940309492871633,0.014752625065293285,0.05795103258568217,0.01515806532192554,0.013650768737628412,0.023284447982174765,0.011294710531249481,0.0815468242788959,0.013354859840127593,0.034969691772264264,0.03518483240669639,0.038223160416980505,0.016467151065980654,0.024461758652553036,0.010195364608399761,0.01586230132345038,0.02770046023222899,0.027718623546973936,0.014106849124688382,0.012882021700205352,0.01818998920167889,0.06632181819197311,0.013521155414811829,0.007471032412660937,0.0259047673830242,0.01453683409554554,0.09225998762685553,0.018839945572163078,0.016878664987224547,0.020331751446136574,0.011803957000968378,0.01170839018780249,0.018621529824848493,0.006219947315915168,0.009750034920028553,0.002342765074214331,0.0062338070095901785,0.029252522753054833,0.03466163063810538,0.005637996412075967,0.008510322627508978,0.004498186569969782,0.021788642648808386,0.006473190270903206,0.0051901795184774386,0.014299611794890851,0.004383916416691277,0.006904502524969882,0.0020716065162883854,0.009559330426675507,0.051683648589611955,0.00880569576076363,0.007404018256464655,0.0004069235767243767,0.021453929023757534,0.0025874378184049703,0.011424011509473194,0.0036650619805585396,0.001370460417692704,0.0017782841291032238,0.06293597596538658,0.021483297459438392,0.004079113347961795,0.007133587724194962,0.01140019156570308,0.012613147773654583,0.022282620373718795,0.0073569910879384215,0.0066853986014327755,0.012431154422460355,0.004240156482519533,0.030484477964880068,0.03217115888588863,0.011853459984920923,0.015546823590375975,0.035736573249030734,0.0010787263793519653,0.0012036488133977514,0.014917181223765405,0.011281689458820554,0.004056273297078037,0.0018172172927631593,0.0037382179670055115,0.0033664379731036167,0.0024471929897396777,0.01295528947862466,0.002850287410608836,0.000593356882316846,0.0014106075333349326,0.0004088668073236407,0.0004918829096219405,0.004138171808991144,0.005061784642258628,0.00020292220355048392,0.004975770873536234,0.0025282795112607174,0.003928343096713751,0.00039280595088104467,0.001151639326554698,0.005253350833714943,0.009415989357622005,0.0008157678961785522,0.001207032897766736,0.009526502765056812,0.00042012934408870164,0.00014210849931950515,0.006794742449445371,0.00525667051503677,0.006445082703342051,0.006633502903758019,0.00925124783866104,0.0017367275490351591,0.000517990014066864,0.001328147118306508,0.00159971262082078,0.0023414228801953967,0.0007148465882789321,0.004611569134306754,0.001252809024261831,0.00020947573283614331,0.021528029252599945,0.008621582195158805,0.0002737299044903646,0.018944116093698463,0.0053780611090206015,0.012702148386113448,0.00014262148505068552,0.0015194939240931722,0.00045957501998335367,0.0013166772417612153,0.014503187065509468,0.00024177816979855524,0.0003186620681572106,0.0017733237798758241,0.000042205370497034216,0.0009213190840206599,0.0011507046980837208,0.000016711571062038792,0.007464964539014395,0.0004124836453723059,0.0015398394326129013,0.0042541909318348095,0.010128178756191063,0.0026833435902131426,0.00019916730667064633,0.00160081673596839,0.006736350154143287,0.000002041308693335883,0.00005244091303196203,0.0000034881213527251005,0.00031053309059170443,0.0003443245911962778,0.0015264686056740725,0.000060625617583641,0.002866623506541307,0.00004598861967324064,0.0,0.00021294801054253068,0.00010927657309950422,0.0005527917481275907,0.00015810502629828044,6.070537216234197e-9,0.00020080451102659822,1.0395776887685386e-7,0.000003827811468623785,0.000016185218089387104,0.00012423152928401433,0.0006846239438970847,0.0003852635879169871,0.000034768326552248536,0.000041766111005511694,0.00030340368639276787,0.000037365862521216456,0.0033429740657252944,0.001992075736576176,0.0000269888012876575,0.0033374798815780826,1.7742106220849688e-9,0.001963560690939089,8.485281423642485e-7,0.0001863716708331165,0.0001403850757604632,0.0006758410353497211,0.0006966755661967411,