{"CalculationResults":{"calculation_time":4456.980053393329,"func":1.211570323278139,"dfunc":1.55743434737787,"fcol":2.622454427744996,"dfcol":1.8216951262710623,"y0":[1000.0,1000.0,1000.0,1000.0,1000.0,1000.0,0.0,1000.0,1000.0,1000.0,1000.0],"x1":[0.05,0.07880293000746189,0.1241980355552187,0.1957433820584432,0.3085030407155073,0.4862188704918656,0.511,0.7663094323935531,1.20774857129934,1.903482522614279,3.0],"y1":[0.0004779310432013672,0.022361047158006197,0.06894706564491375,0.1049743895247761,0.12899698349004426,0.14480248716588873,0.0,0.16668873133701045,0.1760010610542076,0.18291449981869407,0.2154061270413965],"dy1":[0.00008791532624311035,0.0021309389936159345,0.004202093242503846,0.006073444526157438,0.007671320868437664,0.006420338204379612,100.0,0.006674778673432419,0.007540026593099991,0.00546187555175525,0.006951982671212433],"x2":[0.005,0.015,0.025,0.035,0.045,0.055,0.065,0.075,0.085,0.095,0.105,0.115,0.125,0.135,0.145,0.155,0.165,0.17500000000000002,0.185,0.195,0.20500000000000002,0.215,0.225,0.23500000000000001,0.245,0.255,0.265,0.275,0.28500000000000003,0.295,0.305,0.315,0.325,0.335,0.34500000000000003,0.355,0.365,0.375,0.385,0.395,0.405,0.41500000000000004,0.425,0.435,0.445,0.455,0.465,0.47500000000000003,0.485,0.495,0.505,0.515,0.525,0.535,0.545,0.555,0.5650000000000001,0.5750000000000001,0.585,0.595,0.605,0.615,0.625,0.635,0.645,0.655,0.665,0.675,0.685,0.6950000000000001,0.705,0.715,0.725,0.735,0.745,0.755,0.765,0.775,0.785,0.795,0.805,0.8150000000000001,0.8250000000000001,0.835,0.845,0.855,0.865,0.875,0.885,0.895,0.905,0.915,0.925,0.935,0.9450000000000001,0.9550000000000001,0.965,0.975,0.985,0.995,1.0050000000000001,1.0150000000000001,1.025,1.035,1.045,1.055,1.065,1.075,1.085,1.095,1.105,1.115,1.125,1.135,1.145,1.155,1.165,1.175,1.185,1.195,1.205,1.215,1.225,1.235,1.245,1.2550000000000001,1.2650000000000001,1.2750000000000001,1.285,1.295,1.305,1.315,1.325,1.335,1.345,1.355,1.365,1.375,1.385,1.395,1.405,1.415,1.425,1.435,1.445,1.455,1.465,1.475,1.485,1.495,1.5050000000000001,1.5150000000000001,1.5250000000000001,1.5350000000000001,1.545,1.555,1.565,1.575,1.585,1.595,1.605,1.615,1.625,1.635,1.645,1.655,1.665,1.675,1.685,1.695,1.705,1.715,1.725,1.735,1.745,1.7550000000000001,1.7650000000000001,1.7750000000000001,1.7850000000000001,1.795,1.805,1.815,1.825,1.835,1.845,1.855,1.865,1.875,1.885,1.895,1.905,1.915,1.925,1.935,1.945,1.955,1.965,1.975,1.985,1.995,2.005,2.015,2.025,2.035,2.045,2.055,2.065,2.075,2.085,2.095,2.105,2.115,2.125,2.1350000000000002,2.145,2.1550000000000002,2.165,2.1750000000000003,2.185,2.195,2.205,2.215,2.225,2.235,2.245,2.255,2.265,2.275,2.285,2.295,2.305,2.315,2.325,2.335,2.345,2.355,2.365,2.375,2.3850000000000002,2.395,2.4050000000000002,2.415,2.4250000000000003,2.435,2.445,2.455,2.465,2.475,2.485,2.495,2.505,2.515,2.525,2.535,2.545,2.555,2.565,2.575,2.585,2.595,2.605,2.615,2.625,2.6350000000000002,2.645,2.6550000000000002,2.665,2.6750000000000003,2.685,2.695,2.705,2.715,2.725,2.735,2.745,2.755,2.765,2.775,2.785,2.795,2.805,2.815,2.825,2.835,2.845,2.855,2.865,2.875,2.8850000000000002,2.895,2.9050000000000002,2.915,2.9250000000000003,2.935,2.945,2.955,2.965,2.975,2.985,2.995],"y2":[0.0,8.031065634169607e-61,3.5506377987456643e-10,0.0003551544006512936,0.08081471629646775,0.7326242903169431,2.8703204744484108,6.114124395486803,9.017580264045336,11.195434379847969,9.849561011008719,13.673307693494543,10.01179657729571,8.517491927468186,8.84113076099733,8.725267478070574,8.143338787924897,7.420495856149793,8.719386697298095,6.614241845722939,5.0167865657675295,5.170475844843622,4.7101282077811835,5.576980249462004,5.14933443957646,4.396432622319154,4.325882297653246,3.7616511932506325,4.2917205930841975,3.2756636204061174,3.4165107046091188,2.030216259763959,2.0816415658595004,2.1491167939908022,1.9454549284228801,2.4248471032258947,2.0136847555123087,1.9787524095361042,2.2249251952010956,1.9772393768000216,2.5279800517573694,2.3963736688017,3.198474245206162,1.5556590716382093,1.3281068789843693,1.309013485996093,2.212661984501261,1.3097367338188295,1.189928625885406,1.0900627781979924,1.1535097170509647,2.142123002786961,1.0487679503313645,1.0751966920331182,1.027286433728557,1.0030748761206836,0.7087649115565698,0.9476664105516235,0.9754201156744431,1.1376290825146471,1.1714502816926962,1.327020894315859,0.9705719227546282,0.747295950908234,0.6621309642732063,0.9109313871368627,1.32910043233068,0.5499225369462114,1.100468891224295,0.9750462090647344,0.45145313010689403,0.49604022827123007,0.5175394457673698,0.6213338498131477,1.2201766061918469,1.0273206273781157,0.4474370018410173,0.3433249058885498,0.4660489719123378,0.5402482464304708,0.37261152357405836,0.4969289622707312,0.4323786291972256,0.302459805985416,0.41790732110368,0.31254981220351874,0.09488714310086152,0.48876529581684086,0.399197597305161,0.4124621992364712,0.16427309070460122,0.3552237016132841,0.47709024598678457,0.5119287313243173,0.33090322125147864,0.32148337911818065,0.3243699234927998,0.23234817433490026,0.2814993422721617,0.4321128414842457,0.17255735644810213,0.21083084587722017,0.4889505273877747,0.14553075019206074,0.8500199749185854,0.8386697064541195,0.1345084891090541,0.5629993597032082,0.5548557380337074,0.24768270916607232,0.2422147944096154,0.22530637204638657,0.6751621921790457,0.36654280976516695,0.14039697665903658,0.675030229609012,0.09063484845809378,0.10841914022440718,0.2751584435057035,0.1226205795518178,0.3199398904815539,0.06472043728943927,0.0692763269341374,0.27660383486685874,0.16259842854198223,0.16554080154796577,0.13345159251404332,0.03789568128329031,0.14104571961390416,0.0880360858220375,0.3023193878322936,0.06482041412593662,0.06651661375824484,0.4068414306216218,0.04802054221280187,0.5326733034254503,0.1808940955752371,0.10396996019150578,0.1731863558051985,0.08211006483743055,0.26129877477434815,0.10643483153843145,0.03316323828009138,0.05367397816128203,0.1558706778143363,0.006453414873241269,0.0391835792564325,0.08135944631744488,0.06358629869802337,0.13766692486531185,0.07845923113330264,0.0365743709645761,0.06770458943297178,0.04855383817605697,0.05462570069446753,0.4327584442785175,0.06897536761729275,0.014473049083264796,0.03760772332061507,0.20331024617519597,0.2946718126791055,0.09539426628526285,0.06128453084505496,0.39840246011083713,0.18128749993956458,0.1357704198379155,0.020913489830677784,0.01413342548799761,0.10120518968644175,0.5603392956776915,0.11535486968085339,0.04164247121603602,0.030353679995811636,0.041153777887154956,0.10178703452681044,0.021841512987788827,0.09213403319657351,0.014548512407641791,0.0007430986181932945,0.004409671893130589,0.045113362323214265,0.23760711230400983,0.02415173919141083,0.3677484892883005,0.09968997080927688,0.20516205489955833,0.7190428167998248,0.00042232812282772946,0.019222251429458072,0.01628897768326127,0.028835554562404664,0.21556074035587425,0.002471925341250771,0.14813813271332885,0.008238057396375476,0.01829810195131295,0.04027430846363415,0.13317453551922956,0.03760298838274313,0.1600448953640065,0.021509278458507072,0.0009808810727090771,0.024949372594786943,0.2928024127354294,0.01256067552138373,0.0,0.00010014050565254322,0.026563537321868863,0.028930681367712905,0.005594246112275851,0.03037834427140049,0.00009820633254221332,0.024883245092090632,0.05800176555609948,0.0,0.038053313647954036,0.000816994386810601,0.009787277982621464,0.00805226888966333,0.0028400253113841215,0.004733603842417164,0.03823485094609952,0.0045266914370202345,0.000774399911320408,0.01501990935378433,0.00014788523079971853,0.0,0.011713398747062665,0.020775609962500708,0.0,0.004808135764614488,0.0,0.13322523414215334,0.0027369802603096054,0.013286816999394433,0.007798791984382986,0.02434232336333314,0.006899748626260409,0.04765178487582653,0.0,0.15726680516166625,0.08389427825578992,0.002028100911673733,0.04237624835751869,0.0,0.0016950471918033565,0.006337186174860277,0.007379311564382867,0.001299788802435781,0.0,0.02760399591573833,0.19119642207338144,